intervencion,radio_establecido_km,ubigeo_intervencion,distrito_intervencion_completo,ubigeo_vecino,distrito_vecino_completo,ranking,nombre_cultivo,freq_año_previo,freq_año_post
Intervención 2018,50,020108,"OLLEROS (HUARAZ, ANCASH)",020101,"HUARAZ (HUARAZ, ANCASH)",1,maiz amilaceo,21,3
Intervención 2018,50,020108,"OLLEROS (HUARAZ, ANCASH)",020101,"HUARAZ (HUARAZ, ANCASH)",2,trigo,13,4
Intervención 2018,50,020108,"OLLEROS (HUARAZ, ANCASH)",020101,"HUARAZ (HUARAZ, ANCASH)",3,papa blanca,12,3
Intervención 2018,50,020108,"OLLEROS (HUARAZ, ANCASH)",020101,"HUARAZ (HUARAZ, ANCASH)",4,maiz choclo,7,2
Intervención 2018,50,020108,"OLLEROS (HUARAZ, ANCASH)",020101,"HUARAZ (HUARAZ, ANCASH)",5,alfalfa,5,3
Intervención 2018,50,020108,"OLLEROS (HUARAZ, ANCASH)",020102,"COCHABAMBA (HUARAZ, ANCASH)",1,alfalfa,9,17
Intervención 2018,50,020108,"OLLEROS (HUARAZ, ANCASH)",020102,"COCHABAMBA (HUARAZ, ANCASH)",2,haba grano seco,6,10
Intervención 2018,50,020108,"OLLEROS (HUARAZ, ANCASH)",020102,"COCHABAMBA (HUARAZ, ANCASH)",3,papa blanca,6,11
Intervención 2018,50,020108,"OLLEROS (HUARAZ, ANCASH)",020102,"COCHABAMBA (HUARAZ, ANCASH)",4,cebolla china,3,1
Intervención 2018,50,020108,"OLLEROS (HUARAZ, ANCASH)",020102,"COCHABAMBA (HUARAZ, ANCASH)",5,palto,3,7
Intervención 2018,50,020108,"OLLEROS (HUARAZ, ANCASH)",020105,"INDEPENDENCIA (HUARAZ, ANCASH)",1,papa blanca,39,15
Intervención 2018,50,020108,"OLLEROS (HUARAZ, ANCASH)",020105,"INDEPENDENCIA (HUARAZ, ANCASH)",2,trigo,31,8
Intervención 2018,50,020108,"OLLEROS (HUARAZ, ANCASH)",020105,"INDEPENDENCIA (HUARAZ, ANCASH)",3,maiz amilaceo,26,15
Intervención 2018,50,020108,"OLLEROS (HUARAZ, ANCASH)",020105,"INDEPENDENCIA (HUARAZ, ANCASH)",4,alfalfa,13,8
Intervención 2018,50,020108,"OLLEROS (HUARAZ, ANCASH)",020105,"INDEPENDENCIA (HUARAZ, ANCASH)",5,cebada grano,13,NA
Intervención 2018,50,020108,"OLLEROS (HUARAZ, ANCASH)",020106,"JANGAS (HUARAZ, ANCASH)",1,alfalfa,24,24
Intervención 2018,50,020108,"OLLEROS (HUARAZ, ANCASH)",020106,"JANGAS (HUARAZ, ANCASH)",2,papa blanca,22,26
Intervención 2018,50,020108,"OLLEROS (HUARAZ, ANCASH)",020106,"JANGAS (HUARAZ, ANCASH)",3,maiz amilaceo,14,10
Intervención 2018,50,020108,"OLLEROS (HUARAZ, ANCASH)",020106,"JANGAS (HUARAZ, ANCASH)",4,trigo,14,40
Intervención 2018,50,020108,"OLLEROS (HUARAZ, ANCASH)",020106,"JANGAS (HUARAZ, ANCASH)",5,cebada grano,6,1
Intervención 2018,50,020108,"OLLEROS (HUARAZ, ANCASH)",020108,"OLLEROS (HUARAZ, ANCASH)",1,papa blanca,13,13
Intervención 2018,50,020108,"OLLEROS (HUARAZ, ANCASH)",020108,"OLLEROS (HUARAZ, ANCASH)",2,trigo,11,12
Intervención 2018,50,020108,"OLLEROS (HUARAZ, ANCASH)",020108,"OLLEROS (HUARAZ, ANCASH)",3,haba grano seco,9,10
Intervención 2018,50,020108,"OLLEROS (HUARAZ, ANCASH)",020108,"OLLEROS (HUARAZ, ANCASH)",4,alfalfa,3,7
Intervención 2018,50,020108,"OLLEROS (HUARAZ, ANCASH)",020108,"OLLEROS (HUARAZ, ANCASH)",5,arveja grano verde,2,5
Intervención 2018,50,020108,"OLLEROS (HUARAZ, ANCASH)",020109,"PAMPAS GRANDE (HUARAZ, ANCASH)",1,camote,NA,1
Intervención 2018,50,020108,"OLLEROS (HUARAZ, ANCASH)",020109,"PAMPAS GRANDE (HUARAZ, ANCASH)",2,carambola,NA,5
Intervención 2018,50,020108,"OLLEROS (HUARAZ, ANCASH)",020109,"PAMPAS GRANDE (HUARAZ, ANCASH)",3,frijol canario grano seco,NA,1
Intervención 2018,50,020108,"OLLEROS (HUARAZ, ANCASH)",020109,"PAMPAS GRANDE (HUARAZ, ANCASH)",4,lucumo,NA,1
Intervención 2018,50,020108,"OLLEROS (HUARAZ, ANCASH)",020109,"PAMPAS GRANDE (HUARAZ, ANCASH)",5,maiz amarillo duro,NA,1
Intervención 2018,50,020108,"OLLEROS (HUARAZ, ANCASH)",020110,"PARIACOTO (HUARAZ, ANCASH)",1,manzano,30,8
Intervención 2018,50,020108,"OLLEROS (HUARAZ, ANCASH)",020110,"PARIACOTO (HUARAZ, ANCASH)",2,palto,16,6
Intervención 2018,50,020108,"OLLEROS (HUARAZ, ANCASH)",020110,"PARIACOTO (HUARAZ, ANCASH)",3,mango,8,4
Intervención 2018,50,020108,"OLLEROS (HUARAZ, ANCASH)",020110,"PARIACOTO (HUARAZ, ANCASH)",4,maiz chala,6,1
Intervención 2018,50,020108,"OLLEROS (HUARAZ, ANCASH)",020110,"PARIACOTO (HUARAZ, ANCASH)",5,naranjo,6,NA
Intervención 2018,50,020108,"OLLEROS (HUARAZ, ANCASH)",020111,"PIRA (HUARAZ, ANCASH)",1,alfalfa,19,18
Intervención 2018,50,020108,"OLLEROS (HUARAZ, ANCASH)",020111,"PIRA (HUARAZ, ANCASH)",2,arveja grano verde,11,7
Intervención 2018,50,020108,"OLLEROS (HUARAZ, ANCASH)",020111,"PIRA (HUARAZ, ANCASH)",3,papa blanca,9,13
Intervención 2018,50,020108,"OLLEROS (HUARAZ, ANCASH)",020111,"PIRA (HUARAZ, ANCASH)",4,trigo,8,5
Intervención 2018,50,020108,"OLLEROS (HUARAZ, ANCASH)",020111,"PIRA (HUARAZ, ANCASH)",5,pasto dactilys,7,18
Intervención 2018,50,020108,"OLLEROS (HUARAZ, ANCASH)",020201,"AIJA (AIJA, ANCASH)",1,papa blanca,7,8
Intervención 2018,50,020108,"OLLEROS (HUARAZ, ANCASH)",020201,"AIJA (AIJA, ANCASH)",2,alfalfa,6,14
Intervención 2018,50,020108,"OLLEROS (HUARAZ, ANCASH)",020201,"AIJA (AIJA, ANCASH)",3,cebada grano,5,4
Intervención 2018,50,020108,"OLLEROS (HUARAZ, ANCASH)",020201,"AIJA (AIJA, ANCASH)",4,haba grano seco,2,1
Intervención 2018,50,020108,"OLLEROS (HUARAZ, ANCASH)",020201,"AIJA (AIJA, ANCASH)",5,tarhui grano seco,2,NA
Intervención 2018,50,020108,"OLLEROS (HUARAZ, ANCASH)",020203,"HUACLLAN (AIJA, ANCASH)",1,alfalfa,NA,9
Intervención 2018,50,020108,"OLLEROS (HUARAZ, ANCASH)",020203,"HUACLLAN (AIJA, ANCASH)",2,arveja grano seco,NA,7
Intervención 2018,50,020108,"OLLEROS (HUARAZ, ANCASH)",020203,"HUACLLAN (AIJA, ANCASH)",3,calabaza,NA,1
Intervención 2018,50,020108,"OLLEROS (HUARAZ, ANCASH)",020203,"HUACLLAN (AIJA, ANCASH)",4,cebada grano,NA,4
Intervención 2018,50,020108,"OLLEROS (HUARAZ, ANCASH)",020203,"HUACLLAN (AIJA, ANCASH)",5,haba grano seco,NA,6
Intervención 2018,50,020108,"OLLEROS (HUARAZ, ANCASH)",020204,"LA MERCED (AIJA, ANCASH)",1,alfalfa,NA,11
Intervención 2018,50,020108,"OLLEROS (HUARAZ, ANCASH)",020204,"LA MERCED (AIJA, ANCASH)",2,arveja grano seco,NA,1
Intervención 2018,50,020108,"OLLEROS (HUARAZ, ANCASH)",020204,"LA MERCED (AIJA, ANCASH)",3,cebada grano,NA,10
Intervención 2018,50,020108,"OLLEROS (HUARAZ, ANCASH)",020204,"LA MERCED (AIJA, ANCASH)",4,haba grano seco,NA,5
Intervención 2018,50,020108,"OLLEROS (HUARAZ, ANCASH)",020204,"LA MERCED (AIJA, ANCASH)",5,haba grano verde,NA,1
Intervención 2018,50,020108,"OLLEROS (HUARAZ, ANCASH)",020504,"AQUIA (BOLOGNESI, ANCASH)",1,alfalfa,NA,38
Intervención 2018,50,020108,"OLLEROS (HUARAZ, ANCASH)",020504,"AQUIA (BOLOGNESI, ANCASH)",2,haba grano seco,NA,1
Intervención 2018,50,020108,"OLLEROS (HUARAZ, ANCASH)",020504,"AQUIA (BOLOGNESI, ANCASH)",3,maiz amilaceo,NA,1
Intervención 2018,50,020108,"OLLEROS (HUARAZ, ANCASH)",020504,"AQUIA (BOLOGNESI, ANCASH)",4,oca,NA,1
Intervención 2018,50,020108,"OLLEROS (HUARAZ, ANCASH)",020504,"AQUIA (BOLOGNESI, ANCASH)",5,papa amarilla,NA,1
Intervención 2018,50,020108,"OLLEROS (HUARAZ, ANCASH)",020508,"HUALLANCA (BOLOGNESI, ANCASH)",1,alfalfa,1,NA
Intervención 2018,50,020108,"OLLEROS (HUARAZ, ANCASH)",020508,"HUALLANCA (BOLOGNESI, ANCASH)",2,avena forrajera,1,NA
Intervención 2018,50,020108,"OLLEROS (HUARAZ, ANCASH)",020508,"HUALLANCA (BOLOGNESI, ANCASH)",3,pasto dactilys,1,NA
Intervención 2018,50,020108,"OLLEROS (HUARAZ, ANCASH)",020508,"HUALLANCA (BOLOGNESI, ANCASH)",4,rye grass,1,NA
Intervención 2018,50,020108,"OLLEROS (HUARAZ, ANCASH)",020508,"HUALLANCA (BOLOGNESI, ANCASH)",5,trebol,1,NA
Intervención 2018,50,020108,"OLLEROS (HUARAZ, ANCASH)",020601,"CARHUAZ (CARHUAZ, ANCASH)",1,maiz choclo,16,1
Intervención 2018,50,020108,"OLLEROS (HUARAZ, ANCASH)",020601,"CARHUAZ (CARHUAZ, ANCASH)",2,pacae,7,NA
Intervención 2018,50,020108,"OLLEROS (HUARAZ, ANCASH)",020601,"CARHUAZ (CARHUAZ, ANCASH)",3,lima,5,15
Intervención 2018,50,020108,"OLLEROS (HUARAZ, ANCASH)",020601,"CARHUAZ (CARHUAZ, ANCASH)",4,maiz chala,5,3
Intervención 2018,50,020108,"OLLEROS (HUARAZ, ANCASH)",020601,"CARHUAZ (CARHUAZ, ANCASH)",5,rye grass,5,NA
Intervención 2018,50,020108,"OLLEROS (HUARAZ, ANCASH)",020602,"ACOPAMPA (CARHUAZ, ANCASH)",1,lima,8,6
Intervención 2018,50,020108,"OLLEROS (HUARAZ, ANCASH)",020602,"ACOPAMPA (CARHUAZ, ANCASH)",2,maiz choclo,8,8
Intervención 2018,50,020108,"OLLEROS (HUARAZ, ANCASH)",020602,"ACOPAMPA (CARHUAZ, ANCASH)",3,maiz chala,6,5
Intervención 2018,50,020108,"OLLEROS (HUARAZ, ANCASH)",020602,"ACOPAMPA (CARHUAZ, ANCASH)",4,alfalfa,4,1
Intervención 2018,50,020108,"OLLEROS (HUARAZ, ANCASH)",020602,"ACOPAMPA (CARHUAZ, ANCASH)",5,calabaza,3,NA
Intervención 2018,50,020108,"OLLEROS (HUARAZ, ANCASH)",020604,"ANTA (CARHUAZ, ANCASH)",1,alfalfa,1,NA
Intervención 2018,50,020108,"OLLEROS (HUARAZ, ANCASH)",020606,"MARCARA (CARHUAZ, ANCASH)",1,maiz amilaceo,36,32
Intervención 2018,50,020108,"OLLEROS (HUARAZ, ANCASH)",020606,"MARCARA (CARHUAZ, ANCASH)",2,papa blanca,22,2
Intervención 2018,50,020108,"OLLEROS (HUARAZ, ANCASH)",020606,"MARCARA (CARHUAZ, ANCASH)",3,trigo,16,3
Intervención 2018,50,020108,"OLLEROS (HUARAZ, ANCASH)",020606,"MARCARA (CARHUAZ, ANCASH)",4,alfalfa,4,11
Intervención 2018,50,020108,"OLLEROS (HUARAZ, ANCASH)",020606,"MARCARA (CARHUAZ, ANCASH)",5,calabaza,4,1
Intervención 2018,50,020108,"OLLEROS (HUARAZ, ANCASH)",020607,"PARIAHUANCA (CARHUAZ, ANCASH)",1,alfalfa,NA,1
Intervención 2018,50,020108,"OLLEROS (HUARAZ, ANCASH)",020607,"PARIAHUANCA (CARHUAZ, ANCASH)",2,lima,NA,1
Intervención 2018,50,020108,"OLLEROS (HUARAZ, ANCASH)",020607,"PARIAHUANCA (CARHUAZ, ANCASH)",3,maiz choclo,NA,2
Intervención 2018,50,020108,"OLLEROS (HUARAZ, ANCASH)",020607,"PARIAHUANCA (CARHUAZ, ANCASH)",4,melocotonero,NA,1
Intervención 2018,50,020108,"OLLEROS (HUARAZ, ANCASH)",020607,"PARIAHUANCA (CARHUAZ, ANCASH)",5,membrillero,NA,1
Intervención 2018,50,020108,"OLLEROS (HUARAZ, ANCASH)",020608,"SAN MIGUEL DE ACO (CARHUAZ, ANCASH)",1,maiz amilaceo,22,24
Intervención 2018,50,020108,"OLLEROS (HUARAZ, ANCASH)",020608,"SAN MIGUEL DE ACO (CARHUAZ, ANCASH)",2,papa blanca,13,13
Intervención 2018,50,020108,"OLLEROS (HUARAZ, ANCASH)",020608,"SAN MIGUEL DE ACO (CARHUAZ, ANCASH)",3,trigo,11,7
Intervención 2018,50,020108,"OLLEROS (HUARAZ, ANCASH)",020608,"SAN MIGUEL DE ACO (CARHUAZ, ANCASH)",4,alfalfa,5,5
Intervención 2018,50,020108,"OLLEROS (HUARAZ, ANCASH)",020608,"SAN MIGUEL DE ACO (CARHUAZ, ANCASH)",5,calabaza,4,2
Intervención 2018,50,020108,"OLLEROS (HUARAZ, ANCASH)",020609,"SHILLA (CARHUAZ, ANCASH)",1,maiz amilaceo,49,74
Intervención 2018,50,020108,"OLLEROS (HUARAZ, ANCASH)",020609,"SHILLA (CARHUAZ, ANCASH)",2,rye grass,29,39
Intervención 2018,50,020108,"OLLEROS (HUARAZ, ANCASH)",020609,"SHILLA (CARHUAZ, ANCASH)",3,maiz choclo,14,2
Intervención 2018,50,020108,"OLLEROS (HUARAZ, ANCASH)",020609,"SHILLA (CARHUAZ, ANCASH)",4,papa blanca,14,37
Intervención 2018,50,020108,"OLLEROS (HUARAZ, ANCASH)",020609,"SHILLA (CARHUAZ, ANCASH)",5,col,10,3
Intervención 2018,50,020108,"OLLEROS (HUARAZ, ANCASH)",020610,"TINCO (CARHUAZ, ANCASH)",1,maiz choclo,28,8
Intervención 2018,50,020108,"OLLEROS (HUARAZ, ANCASH)",020610,"TINCO (CARHUAZ, ANCASH)",2,melocotonero,21,8
Intervención 2018,50,020108,"OLLEROS (HUARAZ, ANCASH)",020610,"TINCO (CARHUAZ, ANCASH)",3,lima,13,4
Intervención 2018,50,020108,"OLLEROS (HUARAZ, ANCASH)",020610,"TINCO (CARHUAZ, ANCASH)",4,maiz chala,9,1
Intervención 2018,50,020108,"OLLEROS (HUARAZ, ANCASH)",020610,"TINCO (CARHUAZ, ANCASH)",5,palto,9,1
Intervención 2018,50,020108,"OLLEROS (HUARAZ, ANCASH)",020611,"YUNGAR (CARHUAZ, ANCASH)",1,alfalfa,31,45
Intervención 2018,50,020108,"OLLEROS (HUARAZ, ANCASH)",020611,"YUNGAR (CARHUAZ, ANCASH)",2,trigo,13,2
Intervención 2018,50,020108,"OLLEROS (HUARAZ, ANCASH)",020611,"YUNGAR (CARHUAZ, ANCASH)",3,papa blanca,7,9
Intervención 2018,50,020108,"OLLEROS (HUARAZ, ANCASH)",020611,"YUNGAR (CARHUAZ, ANCASH)",4,maiz amilaceo,6,7
Intervención 2018,50,020108,"OLLEROS (HUARAZ, ANCASH)",020611,"YUNGAR (CARHUAZ, ANCASH)",5,cebada forrajera,5,12
Intervención 2018,50,020108,"OLLEROS (HUARAZ, ANCASH)",020701,"SAN LUIS (CARLOS FERMIN FITZCARRALD, ANCASH)",1,maiz amilaceo,27,26
Intervención 2018,50,020108,"OLLEROS (HUARAZ, ANCASH)",020701,"SAN LUIS (CARLOS FERMIN FITZCARRALD, ANCASH)",2,papa blanca,17,12
Intervención 2018,50,020108,"OLLEROS (HUARAZ, ANCASH)",020701,"SAN LUIS (CARLOS FERMIN FITZCARRALD, ANCASH)",3,trigo,14,9
Intervención 2018,50,020108,"OLLEROS (HUARAZ, ANCASH)",020701,"SAN LUIS (CARLOS FERMIN FITZCARRALD, ANCASH)",4,col,8,NA
Intervención 2018,50,020108,"OLLEROS (HUARAZ, ANCASH)",020701,"SAN LUIS (CARLOS FERMIN FITZCARRALD, ANCASH)",5,oca,7,NA
Intervención 2018,50,020108,"OLLEROS (HUARAZ, ANCASH)",021001,"HUARI (HUARI, ANCASH)",1,maiz amilaceo,14,34
Intervención 2018,50,020108,"OLLEROS (HUARAZ, ANCASH)",021001,"HUARI (HUARI, ANCASH)",2,maiz choclo,5,5
Intervención 2018,50,020108,"OLLEROS (HUARAZ, ANCASH)",021001,"HUARI (HUARI, ANCASH)",3,palto,5,5
Intervención 2018,50,020108,"OLLEROS (HUARAZ, ANCASH)",021001,"HUARI (HUARI, ANCASH)",4,melocotonero,4,2
Intervención 2018,50,020108,"OLLEROS (HUARAZ, ANCASH)",021001,"HUARI (HUARI, ANCASH)",5,alfalfa,3,8
Intervención 2018,50,020108,"OLLEROS (HUARAZ, ANCASH)",021003,"CAJAY (HUARI, ANCASH)",1,alfalfa,NA,4
Intervención 2018,50,020108,"OLLEROS (HUARAZ, ANCASH)",021003,"CAJAY (HUARI, ANCASH)",2,arveja grano seco,NA,2
Intervención 2018,50,020108,"OLLEROS (HUARAZ, ANCASH)",021003,"CAJAY (HUARI, ANCASH)",3,avena forrajera,NA,1
Intervención 2018,50,020108,"OLLEROS (HUARAZ, ANCASH)",021003,"CAJAY (HUARI, ANCASH)",4,cebada grano,NA,8
Intervención 2018,50,020108,"OLLEROS (HUARAZ, ANCASH)",021003,"CAJAY (HUARI, ANCASH)",5,cebolla china,NA,1
Intervención 2018,50,020108,"OLLEROS (HUARAZ, ANCASH)",021004,"CHAVIN DE HUANTAR (HUARI, ANCASH)",1,papa blanca,53,38
Intervención 2018,50,020108,"OLLEROS (HUARAZ, ANCASH)",021004,"CHAVIN DE HUANTAR (HUARI, ANCASH)",2,cebada grano,25,30
Intervención 2018,50,020108,"OLLEROS (HUARAZ, ANCASH)",021004,"CHAVIN DE HUANTAR (HUARI, ANCASH)",3,maiz amilaceo,13,7
Intervención 2018,50,020108,"OLLEROS (HUARAZ, ANCASH)",021004,"CHAVIN DE HUANTAR (HUARI, ANCASH)",4,trigo,9,9
Intervención 2018,50,020108,"OLLEROS (HUARAZ, ANCASH)",021004,"CHAVIN DE HUANTAR (HUARI, ANCASH)",5,oca,7,12
Intervención 2018,50,020108,"OLLEROS (HUARAZ, ANCASH)",021007,"HUACHIS (HUARI, ANCASH)",1,alfalfa,NA,5
Intervención 2018,50,020108,"OLLEROS (HUARAZ, ANCASH)",021007,"HUACHIS (HUARI, ANCASH)",2,arveja grano seco,NA,1
Intervención 2018,50,020108,"OLLEROS (HUARAZ, ANCASH)",021007,"HUACHIS (HUARI, ANCASH)",3,calabaza,NA,2
Intervención 2018,50,020108,"OLLEROS (HUARAZ, ANCASH)",021007,"HUACHIS (HUARI, ANCASH)",4,cebada grano,NA,3
Intervención 2018,50,020108,"OLLEROS (HUARAZ, ANCASH)",021007,"HUACHIS (HUARI, ANCASH)",5,chirimoyo,NA,1
Intervención 2018,50,020108,"OLLEROS (HUARAZ, ANCASH)",021008,"HUANTAR (HUARI, ANCASH)",1,maiz amilaceo,29,16
Intervención 2018,50,020108,"OLLEROS (HUARAZ, ANCASH)",021008,"HUANTAR (HUARI, ANCASH)",2,trigo,24,11
Intervención 2018,50,020108,"OLLEROS (HUARAZ, ANCASH)",021008,"HUANTAR (HUARI, ANCASH)",3,papa blanca,15,12
Intervención 2018,50,020108,"OLLEROS (HUARAZ, ANCASH)",021008,"HUANTAR (HUARI, ANCASH)",4,cebada grano,11,6
Intervención 2018,50,020108,"OLLEROS (HUARAZ, ANCASH)",021008,"HUANTAR (HUARI, ANCASH)",5,alfalfa,10,7
Intervención 2018,50,020108,"OLLEROS (HUARAZ, ANCASH)",021009,"MASIN (HUARI, ANCASH)",1,chirimoyo,13,NA
Intervención 2018,50,020108,"OLLEROS (HUARAZ, ANCASH)",021009,"MASIN (HUARI, ANCASH)",2,palto,11,NA
Intervención 2018,50,020108,"OLLEROS (HUARAZ, ANCASH)",021009,"MASIN (HUARI, ANCASH)",3,maiz amilaceo,9,NA
Intervención 2018,50,020108,"OLLEROS (HUARAZ, ANCASH)",021009,"MASIN (HUARI, ANCASH)",4,pacae,6,NA
Intervención 2018,50,020108,"OLLEROS (HUARAZ, ANCASH)",021009,"MASIN (HUARI, ANCASH)",5,lima,4,NA
Intervención 2018,50,020108,"OLLEROS (HUARAZ, ANCASH)",021014,"SAN MARCOS (HUARI, ANCASH)",1,maiz amilaceo,29,25
Intervención 2018,50,020108,"OLLEROS (HUARAZ, ANCASH)",021014,"SAN MARCOS (HUARI, ANCASH)",2,papa blanca,27,23
Intervención 2018,50,020108,"OLLEROS (HUARAZ, ANCASH)",021014,"SAN MARCOS (HUARI, ANCASH)",3,alfalfa,17,15
Intervención 2018,50,020108,"OLLEROS (HUARAZ, ANCASH)",021014,"SAN MARCOS (HUARI, ANCASH)",4,cebada grano,13,1
Intervención 2018,50,020108,"OLLEROS (HUARAZ, ANCASH)",021014,"SAN MARCOS (HUARI, ANCASH)",5,trigo,8,13
Intervención 2018,50,020108,"OLLEROS (HUARAZ, ANCASH)",021701,"RECUAY (RECUAY, ANCASH)",1,papa blanca,15,2
Intervención 2018,50,020108,"OLLEROS (HUARAZ, ANCASH)",021701,"RECUAY (RECUAY, ANCASH)",2,trigo,12,3
Intervención 2018,50,020108,"OLLEROS (HUARAZ, ANCASH)",021701,"RECUAY (RECUAY, ANCASH)",3,cebada grano,7,2
Intervención 2018,50,020108,"OLLEROS (HUARAZ, ANCASH)",021701,"RECUAY (RECUAY, ANCASH)",4,papa color,6,NA
Intervención 2018,50,020108,"OLLEROS (HUARAZ, ANCASH)",021701,"RECUAY (RECUAY, ANCASH)",5,maiz amilaceo,5,4
Intervención 2018,50,020108,"OLLEROS (HUARAZ, ANCASH)",021710,"TICAPAMPA (RECUAY, ANCASH)",1,papa blanca,9,10
Intervención 2018,50,020108,"OLLEROS (HUARAZ, ANCASH)",021710,"TICAPAMPA (RECUAY, ANCASH)",2,alfalfa,4,2
Intervención 2018,50,020108,"OLLEROS (HUARAZ, ANCASH)",021710,"TICAPAMPA (RECUAY, ANCASH)",3,papa color,4,1
Intervención 2018,50,020108,"OLLEROS (HUARAZ, ANCASH)",021710,"TICAPAMPA (RECUAY, ANCASH)",4,pasto falaris,3,3
Intervención 2018,50,020108,"OLLEROS (HUARAZ, ANCASH)",021710,"TICAPAMPA (RECUAY, ANCASH)",5,rye grass,3,4
Intervención 2018,50,020108,"OLLEROS (HUARAZ, ANCASH)",022007,"SHUPLUY (YUNGAY, ANCASH)",1,alfalfa,1,8
Intervención 2018,50,020108,"OLLEROS (HUARAZ, ANCASH)",022007,"SHUPLUY (YUNGAY, ANCASH)",2,cebada grano,1,1
Intervención 2018,50,020108,"OLLEROS (HUARAZ, ANCASH)",022007,"SHUPLUY (YUNGAY, ANCASH)",3,higuera,1,NA
Intervención 2018,50,020108,"OLLEROS (HUARAZ, ANCASH)",022007,"SHUPLUY (YUNGAY, ANCASH)",4,lima,1,1
Intervención 2018,50,020108,"OLLEROS (HUARAZ, ANCASH)",022007,"SHUPLUY (YUNGAY, ANCASH)",5,limon acido,1,NA
Intervención 2018,50,020108,"OLLEROS (HUARAZ, ANCASH)",100313,"PACHAS (DOS DE MAYO, HUANUCO)",1,maiz amilaceo,24,26
Intervención 2018,50,020108,"OLLEROS (HUARAZ, ANCASH)",100313,"PACHAS (DOS DE MAYO, HUANUCO)",2,papa blanca,22,32
Intervención 2018,50,020108,"OLLEROS (HUARAZ, ANCASH)",100313,"PACHAS (DOS DE MAYO, HUANUCO)",3,alfalfa,15,17
Intervención 2018,50,020108,"OLLEROS (HUARAZ, ANCASH)",100313,"PACHAS (DOS DE MAYO, HUANUCO)",4,pasto falaris,9,8
Intervención 2018,50,020108,"OLLEROS (HUARAZ, ANCASH)",100313,"PACHAS (DOS DE MAYO, HUANUCO)",5,lechuga,8,2
Intervención 2018,50,020108,"OLLEROS (HUARAZ, ANCASH)",100501,"LLATA (HUAMALIES, HUANUCO)",1,papa blanca,65,42
Intervención 2018,50,020108,"OLLEROS (HUARAZ, ANCASH)",100501,"LLATA (HUAMALIES, HUANUCO)",2,avena forrajera,20,11
Intervención 2018,50,020108,"OLLEROS (HUARAZ, ANCASH)",100501,"LLATA (HUAMALIES, HUANUCO)",3,cebada grano,20,12
Intervención 2018,50,020108,"OLLEROS (HUARAZ, ANCASH)",100501,"LLATA (HUAMALIES, HUANUCO)",4,papa huayro,20,2
Intervención 2018,50,020108,"OLLEROS (HUARAZ, ANCASH)",100501,"LLATA (HUAMALIES, HUANUCO)",5,maiz amilaceo,19,42
Intervención 2018,50,040520,"MAJES (CAYLLOMA, AREQUIPA)",040108,"LA JOYA (AREQUIPA, AREQUIPA)",1,maiz chala,32,13
Intervención 2018,50,040520,"MAJES (CAYLLOMA, AREQUIPA)",040108,"LA JOYA (AREQUIPA, AREQUIPA)",2,alfalfa,13,1
Intervención 2018,50,040520,"MAJES (CAYLLOMA, AREQUIPA)",040108,"LA JOYA (AREQUIPA, AREQUIPA)",3,ajo,6,NA
Intervención 2018,50,040520,"MAJES (CAYLLOMA, AREQUIPA)",040108,"LA JOYA (AREQUIPA, AREQUIPA)",4,pacae,3,NA
Intervención 2018,50,040520,"MAJES (CAYLLOMA, AREQUIPA)",040108,"LA JOYA (AREQUIPA, AREQUIPA)",5,cebada forrajera,2,NA
Intervención 2018,50,040520,"MAJES (CAYLLOMA, AREQUIPA)",040121,"SANTA RITA DE SIGUAS (AREQUIPA, AREQUIPA)",1,maiz chala,25,29
Intervención 2018,50,040520,"MAJES (CAYLLOMA, AREQUIPA)",040121,"SANTA RITA DE SIGUAS (AREQUIPA, AREQUIPA)",2,alcachofa,20,5
Intervención 2018,50,040520,"MAJES (CAYLLOMA, AREQUIPA)",040121,"SANTA RITA DE SIGUAS (AREQUIPA, AREQUIPA)",3,cebolla,6,2
Intervención 2018,50,040520,"MAJES (CAYLLOMA, AREQUIPA)",040121,"SANTA RITA DE SIGUAS (AREQUIPA, AREQUIPA)",4,alfalfa,5,8
Intervención 2018,50,040520,"MAJES (CAYLLOMA, AREQUIPA)",040121,"SANTA RITA DE SIGUAS (AREQUIPA, AREQUIPA)",5,palto,4,2
Intervención 2018,50,040520,"MAJES (CAYLLOMA, AREQUIPA)",040125,"VITOR (AREQUIPA, AREQUIPA)",1,alfalfa,39,21
Intervención 2018,50,040520,"MAJES (CAYLLOMA, AREQUIPA)",040125,"VITOR (AREQUIPA, AREQUIPA)",2,maiz chala,23,28
Intervención 2018,50,040520,"MAJES (CAYLLOMA, AREQUIPA)",040125,"VITOR (AREQUIPA, AREQUIPA)",3,cebolla,8,3
Intervención 2018,50,040520,"MAJES (CAYLLOMA, AREQUIPA)",040125,"VITOR (AREQUIPA, AREQUIPA)",4,papa blanca,6,6
Intervención 2018,50,040520,"MAJES (CAYLLOMA, AREQUIPA)",040125,"VITOR (AREQUIPA, AREQUIPA)",5,algodon,5,NA
Intervención 2018,50,040520,"MAJES (CAYLLOMA, AREQUIPA)",040128,"YURA (AREQUIPA, AREQUIPA)",1,alfalfa,21,24
Intervención 2018,50,040520,"MAJES (CAYLLOMA, AREQUIPA)",040128,"YURA (AREQUIPA, AREQUIPA)",2,arveja grano verde,5,9
Intervención 2018,50,040520,"MAJES (CAYLLOMA, AREQUIPA)",040128,"YURA (AREQUIPA, AREQUIPA)",3,cebolla,5,13
Intervención 2018,50,040520,"MAJES (CAYLLOMA, AREQUIPA)",040128,"YURA (AREQUIPA, AREQUIPA)",4,haba grano verde,5,6
Intervención 2018,50,040520,"MAJES (CAYLLOMA, AREQUIPA)",040128,"YURA (AREQUIPA, AREQUIPA)",5,papa blanca,5,6
Intervención 2018,50,040520,"MAJES (CAYLLOMA, AREQUIPA)",040204,"MARISCAL CACERES (CAMANA, AREQUIPA)",1,arroz cascara,11,1
Intervención 2018,50,040520,"MAJES (CAYLLOMA, AREQUIPA)",040204,"MARISCAL CACERES (CAMANA, AREQUIPA)",2,frijol canario grano seco,3,NA
Intervención 2018,50,040520,"MAJES (CAYLLOMA, AREQUIPA)",040204,"MARISCAL CACERES (CAMANA, AREQUIPA)",3,zapallo,3,NA
Intervención 2018,50,040520,"MAJES (CAYLLOMA, AREQUIPA)",040204,"MARISCAL CACERES (CAMANA, AREQUIPA)",4,ajo,1,NA
Intervención 2018,50,040520,"MAJES (CAYLLOMA, AREQUIPA)",040204,"MARISCAL CACERES (CAMANA, AREQUIPA)",5,cebolla,1,1
Intervención 2018,50,040520,"MAJES (CAYLLOMA, AREQUIPA)",040205,"NICOLAS DE PIEROLA (CAMANA, AREQUIPA)",1,arroz cascara,2,2
Intervención 2018,50,040520,"MAJES (CAYLLOMA, AREQUIPA)",040205,"NICOLAS DE PIEROLA (CAMANA, AREQUIPA)",2,trigo,NA,1
Intervención 2018,50,040520,"MAJES (CAYLLOMA, AREQUIPA)",040208,"SAMUEL PASTOR (CAMANA, AREQUIPA)",1,cebolla,2,9
Intervención 2018,50,040520,"MAJES (CAYLLOMA, AREQUIPA)",040208,"SAMUEL PASTOR (CAMANA, AREQUIPA)",2,cebolla china,2,NA
Intervención 2018,50,040520,"MAJES (CAYLLOMA, AREQUIPA)",040208,"SAMUEL PASTOR (CAMANA, AREQUIPA)",3,culantro,2,NA
Intervención 2018,50,040520,"MAJES (CAYLLOMA, AREQUIPA)",040208,"SAMUEL PASTOR (CAMANA, AREQUIPA)",4,guayabo,2,3
Intervención 2018,50,040520,"MAJES (CAYLLOMA, AREQUIPA)",040208,"SAMUEL PASTOR (CAMANA, AREQUIPA)",5,guanabano,1,1
Intervención 2018,50,040520,"MAJES (CAYLLOMA, AREQUIPA)",040401,"APLAO (CASTILLA, AREQUIPA)",1,maiz chala,27,15
Intervención 2018,50,040520,"MAJES (CAYLLOMA, AREQUIPA)",040401,"APLAO (CASTILLA, AREQUIPA)",2,alfalfa,19,9
Intervención 2018,50,040520,"MAJES (CAYLLOMA, AREQUIPA)",040401,"APLAO (CASTILLA, AREQUIPA)",3,palto,11,7
Intervención 2018,50,040520,"MAJES (CAYLLOMA, AREQUIPA)",040401,"APLAO (CASTILLA, AREQUIPA)",4,vainita,7,NA
Intervención 2018,50,040520,"MAJES (CAYLLOMA, AREQUIPA)",040401,"APLAO (CASTILLA, AREQUIPA)",5,higuera,5,8
Intervención 2018,50,040520,"MAJES (CAYLLOMA, AREQUIPA)",040407,"HUANCARQUI (CASTILLA, AREQUIPA)",1,arroz cascara,12,NA
Intervención 2018,50,040520,"MAJES (CAYLLOMA, AREQUIPA)",040407,"HUANCARQUI (CASTILLA, AREQUIPA)",2,mango,5,NA
Intervención 2018,50,040520,"MAJES (CAYLLOMA, AREQUIPA)",040407,"HUANCARQUI (CASTILLA, AREQUIPA)",3,maiz choclo,4,NA
Intervención 2018,50,040520,"MAJES (CAYLLOMA, AREQUIPA)",040407,"HUANCARQUI (CASTILLA, AREQUIPA)",4,papa blanca,4,NA
Intervención 2018,50,040520,"MAJES (CAYLLOMA, AREQUIPA)",040407,"HUANCARQUI (CASTILLA, AREQUIPA)",5,palto,3,NA
Intervención 2018,50,040520,"MAJES (CAYLLOMA, AREQUIPA)",040413,"URACA (CASTILLA, AREQUIPA)",1,arroz cascara,NA,25
Intervención 2018,50,040520,"MAJES (CAYLLOMA, AREQUIPA)",040413,"URACA (CASTILLA, AREQUIPA)",2,frijol canario grano seco,NA,1
Intervención 2018,50,040520,"MAJES (CAYLLOMA, AREQUIPA)",040413,"URACA (CASTILLA, AREQUIPA)",3,maiz chala,NA,4
Intervención 2018,50,040520,"MAJES (CAYLLOMA, AREQUIPA)",040413,"URACA (CASTILLA, AREQUIPA)",4,maiz choclo,NA,1
Intervención 2018,50,040520,"MAJES (CAYLLOMA, AREQUIPA)",040413,"URACA (CASTILLA, AREQUIPA)",5,maiz morado,NA,3
Intervención 2018,50,040520,"MAJES (CAYLLOMA, AREQUIPA)",040507,"HUAMBO (CAYLLOMA, AREQUIPA)",1,alfalfa,10,11
Intervención 2018,50,040520,"MAJES (CAYLLOMA, AREQUIPA)",040507,"HUAMBO (CAYLLOMA, AREQUIPA)",2,oregano,9,12
Intervención 2018,50,040520,"MAJES (CAYLLOMA, AREQUIPA)",040507,"HUAMBO (CAYLLOMA, AREQUIPA)",3,papa blanca,8,2
Intervención 2018,50,040520,"MAJES (CAYLLOMA, AREQUIPA)",040507,"HUAMBO (CAYLLOMA, AREQUIPA)",4,maiz amilaceo,6,5
Intervención 2018,50,040520,"MAJES (CAYLLOMA, AREQUIPA)",040507,"HUAMBO (CAYLLOMA, AREQUIPA)",5,haba grano verde,4,NA
Intervención 2018,50,040520,"MAJES (CAYLLOMA, AREQUIPA)",040508,"HUANCA (CAYLLOMA, AREQUIPA)",1,ajo,NA,2
Intervención 2018,50,040520,"MAJES (CAYLLOMA, AREQUIPA)",040508,"HUANCA (CAYLLOMA, AREQUIPA)",2,alfalfa,NA,20
Intervención 2018,50,040520,"MAJES (CAYLLOMA, AREQUIPA)",040508,"HUANCA (CAYLLOMA, AREQUIPA)",3,haba grano seco,NA,1
Intervención 2018,50,040520,"MAJES (CAYLLOMA, AREQUIPA)",040508,"HUANCA (CAYLLOMA, AREQUIPA)",4,maiz amilaceo,NA,6
Intervención 2018,50,040520,"MAJES (CAYLLOMA, AREQUIPA)",040508,"HUANCA (CAYLLOMA, AREQUIPA)",5,maiz choclo,NA,1
Intervención 2018,50,040520,"MAJES (CAYLLOMA, AREQUIPA)",040511,"LLUTA (CAYLLOMA, AREQUIPA)",1,alfalfa,109,74
Intervención 2018,50,040520,"MAJES (CAYLLOMA, AREQUIPA)",040511,"LLUTA (CAYLLOMA, AREQUIPA)",2,papa blanca,9,8
Intervención 2018,50,040520,"MAJES (CAYLLOMA, AREQUIPA)",040511,"LLUTA (CAYLLOMA, AREQUIPA)",3,maiz amilaceo,6,11
Intervención 2018,50,040520,"MAJES (CAYLLOMA, AREQUIPA)",040511,"LLUTA (CAYLLOMA, AREQUIPA)",4,ajo,2,NA
Intervención 2018,50,040520,"MAJES (CAYLLOMA, AREQUIPA)",040511,"LLUTA (CAYLLOMA, AREQUIPA)",5,maiz choclo,2,NA
Intervención 2018,50,040520,"MAJES (CAYLLOMA, AREQUIPA)",040520,"MAJES (CAYLLOMA, AREQUIPA)",1,maiz chala,125,121
Intervención 2018,50,040520,"MAJES (CAYLLOMA, AREQUIPA)",040520,"MAJES (CAYLLOMA, AREQUIPA)",2,alfalfa,57,37
Intervención 2018,50,040520,"MAJES (CAYLLOMA, AREQUIPA)",040520,"MAJES (CAYLLOMA, AREQUIPA)",3,palto,22,26
Intervención 2018,50,040520,"MAJES (CAYLLOMA, AREQUIPA)",040520,"MAJES (CAYLLOMA, AREQUIPA)",4,higuera,19,15
Intervención 2018,50,040520,"MAJES (CAYLLOMA, AREQUIPA)",040520,"MAJES (CAYLLOMA, AREQUIPA)",5,cebolla,17,14
Intervención 2018,50,040520,"MAJES (CAYLLOMA, AREQUIPA)",040601,"CHUQUIBAMBA (CONDESUYOS, AREQUIPA)",1,alfalfa,30,22
Intervención 2018,50,040520,"MAJES (CAYLLOMA, AREQUIPA)",040601,"CHUQUIBAMBA (CONDESUYOS, AREQUIPA)",2,quinua,2,1
Intervención 2018,50,040520,"MAJES (CAYLLOMA, AREQUIPA)",040601,"CHUQUIBAMBA (CONDESUYOS, AREQUIPA)",3,cebada grano,1,1
Intervención 2018,50,040520,"MAJES (CAYLLOMA, AREQUIPA)",040601,"CHUQUIBAMBA (CONDESUYOS, AREQUIPA)",4,maiz amilaceo,1,3
Intervención 2018,50,040520,"MAJES (CAYLLOMA, AREQUIPA)",040601,"CHUQUIBAMBA (CONDESUYOS, AREQUIPA)",5,zapallo,1,1
Intervención 2018,50,040520,"MAJES (CAYLLOMA, AREQUIPA)",040605,"IRAY (CONDESUYOS, AREQUIPA)",1,alfalfa,21,NA
Intervención 2018,50,040520,"MAJES (CAYLLOMA, AREQUIPA)",040605,"IRAY (CONDESUYOS, AREQUIPA)",2,maiz morado,3,NA
Intervención 2018,50,040520,"MAJES (CAYLLOMA, AREQUIPA)",040605,"IRAY (CONDESUYOS, AREQUIPA)",3,avena forrajera,2,NA
Intervención 2018,50,040520,"MAJES (CAYLLOMA, AREQUIPA)",040605,"IRAY (CONDESUYOS, AREQUIPA)",4,maiz amilaceo,2,NA
Intervención 2018,50,040520,"MAJES (CAYLLOMA, AREQUIPA)",040605,"IRAY (CONDESUYOS, AREQUIPA)",5,papa blanca,2,NA
Intervención 2023,50,040124,"UCHUMAYO (AREQUIPA, AREQUIPA)",040102,"ALTO SELVA ALEGRE (AREQUIPA, AREQUIPA)",1,alfalfa,8,2
Intervención 2023,50,040124,"UCHUMAYO (AREQUIPA, AREQUIPA)",040102,"ALTO SELVA ALEGRE (AREQUIPA, AREQUIPA)",2,arveja grano verde,7,NA
Intervención 2023,50,040124,"UCHUMAYO (AREQUIPA, AREQUIPA)",040102,"ALTO SELVA ALEGRE (AREQUIPA, AREQUIPA)",3,lechuga,5,NA
Intervención 2023,50,040124,"UCHUMAYO (AREQUIPA, AREQUIPA)",040102,"ALTO SELVA ALEGRE (AREQUIPA, AREQUIPA)",4,ajo,4,NA
Intervención 2023,50,040124,"UCHUMAYO (AREQUIPA, AREQUIPA)",040102,"ALTO SELVA ALEGRE (AREQUIPA, AREQUIPA)",5,brocoli,4,NA
Intervención 2023,50,040124,"UCHUMAYO (AREQUIPA, AREQUIPA)",040103,"CAYMA (AREQUIPA, AREQUIPA)",1,alfalfa,10,NA
Intervención 2023,50,040124,"UCHUMAYO (AREQUIPA, AREQUIPA)",040103,"CAYMA (AREQUIPA, AREQUIPA)",2,brocoli,5,NA
Intervención 2023,50,040124,"UCHUMAYO (AREQUIPA, AREQUIPA)",040103,"CAYMA (AREQUIPA, AREQUIPA)",3,arveja grano verde,3,NA
Intervención 2023,50,040124,"UCHUMAYO (AREQUIPA, AREQUIPA)",040103,"CAYMA (AREQUIPA, AREQUIPA)",4,coliflor,2,NA
Intervención 2023,50,040124,"UCHUMAYO (AREQUIPA, AREQUIPA)",040103,"CAYMA (AREQUIPA, AREQUIPA)",5,maiz amarillo duro,2,NA
Intervención 2023,50,040124,"UCHUMAYO (AREQUIPA, AREQUIPA)",040104,"CERRO COLORADO (AREQUIPA, AREQUIPA)",1,arveja grano verde,14,15
Intervención 2023,50,040124,"UCHUMAYO (AREQUIPA, AREQUIPA)",040104,"CERRO COLORADO (AREQUIPA, AREQUIPA)",2,alfalfa,10,26
Intervención 2023,50,040124,"UCHUMAYO (AREQUIPA, AREQUIPA)",040104,"CERRO COLORADO (AREQUIPA, AREQUIPA)",3,cebolla,7,7
Intervención 2023,50,040124,"UCHUMAYO (AREQUIPA, AREQUIPA)",040104,"CERRO COLORADO (AREQUIPA, AREQUIPA)",4,fresa,4,NA
Intervención 2023,50,040124,"UCHUMAYO (AREQUIPA, AREQUIPA)",040104,"CERRO COLORADO (AREQUIPA, AREQUIPA)",5,papa blanca,4,14
Intervención 2023,50,040124,"UCHUMAYO (AREQUIPA, AREQUIPA)",040105,"CHARACATO (AREQUIPA, AREQUIPA)",1,arveja grano verde,7,10
Intervención 2023,50,040124,"UCHUMAYO (AREQUIPA, AREQUIPA)",040105,"CHARACATO (AREQUIPA, AREQUIPA)",2,avena forrajera,7,25
Intervención 2023,50,040124,"UCHUMAYO (AREQUIPA, AREQUIPA)",040105,"CHARACATO (AREQUIPA, AREQUIPA)",3,papa blanca,7,9
Intervención 2023,50,040124,"UCHUMAYO (AREQUIPA, AREQUIPA)",040105,"CHARACATO (AREQUIPA, AREQUIPA)",4,alfalfa,5,28
Intervención 2023,50,040124,"UCHUMAYO (AREQUIPA, AREQUIPA)",040105,"CHARACATO (AREQUIPA, AREQUIPA)",5,haba grano verde,4,7
Intervención 2023,50,040124,"UCHUMAYO (AREQUIPA, AREQUIPA)",040106,"CHIGUATA (AREQUIPA, AREQUIPA)",1,alfalfa,11,24
Intervención 2023,50,040124,"UCHUMAYO (AREQUIPA, AREQUIPA)",040106,"CHIGUATA (AREQUIPA, AREQUIPA)",2,maiz amilaceo,7,6
Intervención 2023,50,040124,"UCHUMAYO (AREQUIPA, AREQUIPA)",040106,"CHIGUATA (AREQUIPA, AREQUIPA)",3,arveja grano verde,2,17
Intervención 2023,50,040124,"UCHUMAYO (AREQUIPA, AREQUIPA)",040106,"CHIGUATA (AREQUIPA, AREQUIPA)",4,avena forrajera,2,12
Intervención 2023,50,040124,"UCHUMAYO (AREQUIPA, AREQUIPA)",040106,"CHIGUATA (AREQUIPA, AREQUIPA)",5,haba grano verde,2,11
Intervención 2023,50,040124,"UCHUMAYO (AREQUIPA, AREQUIPA)",040107,"JACOBO HUNTER (AREQUIPA, AREQUIPA)",1,pasto natural manejado,5,NA
Intervención 2023,50,040124,"UCHUMAYO (AREQUIPA, AREQUIPA)",040107,"JACOBO HUNTER (AREQUIPA, AREQUIPA)",2,alfalfa,3,4
Intervención 2023,50,040124,"UCHUMAYO (AREQUIPA, AREQUIPA)",040107,"JACOBO HUNTER (AREQUIPA, AREQUIPA)",3,maiz morado,2,2
Intervención 2023,50,040124,"UCHUMAYO (AREQUIPA, AREQUIPA)",040107,"JACOBO HUNTER (AREQUIPA, AREQUIPA)",4,ajo,1,NA
Intervención 2023,50,040124,"UCHUMAYO (AREQUIPA, AREQUIPA)",040107,"JACOBO HUNTER (AREQUIPA, AREQUIPA)",5,arveja grano verde,1,NA
Intervención 2023,50,040124,"UCHUMAYO (AREQUIPA, AREQUIPA)",040108,"LA JOYA (AREQUIPA, AREQUIPA)",1,alfalfa,18,23
Intervención 2023,50,040124,"UCHUMAYO (AREQUIPA, AREQUIPA)",040108,"LA JOYA (AREQUIPA, AREQUIPA)",2,maiz chala,9,27
Intervención 2023,50,040124,"UCHUMAYO (AREQUIPA, AREQUIPA)",040108,"LA JOYA (AREQUIPA, AREQUIPA)",3,zanahoria,8,6
Intervención 2023,50,040124,"UCHUMAYO (AREQUIPA, AREQUIPA)",040108,"LA JOYA (AREQUIPA, AREQUIPA)",4,papa blanca,7,8
Intervención 2023,50,040124,"UCHUMAYO (AREQUIPA, AREQUIPA)",040108,"LA JOYA (AREQUIPA, AREQUIPA)",5,papa color,7,NA
Intervención 2023,50,040124,"UCHUMAYO (AREQUIPA, AREQUIPA)",040112,"PAUCARPATA (AREQUIPA, AREQUIPA)",1,ajo,NA,1
Intervención 2023,50,040124,"UCHUMAYO (AREQUIPA, AREQUIPA)",040112,"PAUCARPATA (AREQUIPA, AREQUIPA)",2,alfalfa,NA,1
Intervención 2023,50,040124,"UCHUMAYO (AREQUIPA, AREQUIPA)",040112,"PAUCARPATA (AREQUIPA, AREQUIPA)",3,maiz chala,NA,1
Intervención 2023,50,040124,"UCHUMAYO (AREQUIPA, AREQUIPA)",040112,"PAUCARPATA (AREQUIPA, AREQUIPA)",4,papa blanca,NA,1
Intervención 2023,50,040124,"UCHUMAYO (AREQUIPA, AREQUIPA)",040113,"POCSI (AREQUIPA, AREQUIPA)",1,alfalfa,29,26
Intervención 2023,50,040124,"UCHUMAYO (AREQUIPA, AREQUIPA)",040113,"POCSI (AREQUIPA, AREQUIPA)",2,maiz amilaceo,12,5
Intervención 2023,50,040124,"UCHUMAYO (AREQUIPA, AREQUIPA)",040113,"POCSI (AREQUIPA, AREQUIPA)",3,papa blanca,6,4
Intervención 2023,50,040124,"UCHUMAYO (AREQUIPA, AREQUIPA)",040113,"POCSI (AREQUIPA, AREQUIPA)",4,avena forrajera,3,1
Intervención 2023,50,040124,"UCHUMAYO (AREQUIPA, AREQUIPA)",040113,"POCSI (AREQUIPA, AREQUIPA)",5,cebada grano,2,NA
Intervención 2023,50,040124,"UCHUMAYO (AREQUIPA, AREQUIPA)",040114,"POLOBAYA (AREQUIPA, AREQUIPA)",1,alfalfa,23,59
Intervención 2023,50,040124,"UCHUMAYO (AREQUIPA, AREQUIPA)",040114,"POLOBAYA (AREQUIPA, AREQUIPA)",2,avena forrajera,6,22
Intervención 2023,50,040124,"UCHUMAYO (AREQUIPA, AREQUIPA)",040114,"POLOBAYA (AREQUIPA, AREQUIPA)",3,papa blanca,4,7
Intervención 2023,50,040124,"UCHUMAYO (AREQUIPA, AREQUIPA)",040114,"POLOBAYA (AREQUIPA, AREQUIPA)",4,arveja grano verde,2,NA
Intervención 2023,50,040124,"UCHUMAYO (AREQUIPA, AREQUIPA)",040114,"POLOBAYA (AREQUIPA, AREQUIPA)",5,cebada forrajera,2,5
Intervención 2023,50,040124,"UCHUMAYO (AREQUIPA, AREQUIPA)",040115,"QUEQUEÑA (AREQUIPA, AREQUIPA)",1,alfalfa,19,10
Intervención 2023,50,040124,"UCHUMAYO (AREQUIPA, AREQUIPA)",040115,"QUEQUEÑA (AREQUIPA, AREQUIPA)",2,maiz morado,4,NA
Intervención 2023,50,040124,"UCHUMAYO (AREQUIPA, AREQUIPA)",040115,"QUEQUEÑA (AREQUIPA, AREQUIPA)",3,maiz amarillo duro,3,NA
Intervención 2023,50,040124,"UCHUMAYO (AREQUIPA, AREQUIPA)",040115,"QUEQUEÑA (AREQUIPA, AREQUIPA)",4,maiz amilaceo,3,1
Intervención 2023,50,040124,"UCHUMAYO (AREQUIPA, AREQUIPA)",040115,"QUEQUEÑA (AREQUIPA, AREQUIPA)",5,avena forrajera,2,NA
Intervención 2023,50,040124,"UCHUMAYO (AREQUIPA, AREQUIPA)",040116,"SABANDIA (AREQUIPA, AREQUIPA)",1,alfalfa,11,19
Intervención 2023,50,040124,"UCHUMAYO (AREQUIPA, AREQUIPA)",040116,"SABANDIA (AREQUIPA, AREQUIPA)",2,flores de corte,2,NA
Intervención 2023,50,040124,"UCHUMAYO (AREQUIPA, AREQUIPA)",040116,"SABANDIA (AREQUIPA, AREQUIPA)",3,maiz chala,2,NA
Intervención 2023,50,040124,"UCHUMAYO (AREQUIPA, AREQUIPA)",040116,"SABANDIA (AREQUIPA, AREQUIPA)",4,maiz morado,2,1
Intervención 2023,50,040124,"UCHUMAYO (AREQUIPA, AREQUIPA)",040116,"SABANDIA (AREQUIPA, AREQUIPA)",5,arveja grano verde,1,NA
Intervención 2023,50,040124,"UCHUMAYO (AREQUIPA, AREQUIPA)",040117,"SACHACA (AREQUIPA, AREQUIPA)",1,ajo,11,8
Intervención 2023,50,040124,"UCHUMAYO (AREQUIPA, AREQUIPA)",040117,"SACHACA (AREQUIPA, AREQUIPA)",2,huacatay,4,1
Intervención 2023,50,040124,"UCHUMAYO (AREQUIPA, AREQUIPA)",040117,"SACHACA (AREQUIPA, AREQUIPA)",3,perejil,3,NA
Intervención 2023,50,040124,"UCHUMAYO (AREQUIPA, AREQUIPA)",040117,"SACHACA (AREQUIPA, AREQUIPA)",4,apio,1,NA
Intervención 2023,50,040124,"UCHUMAYO (AREQUIPA, AREQUIPA)",040117,"SACHACA (AREQUIPA, AREQUIPA)",5,chirimoyo,1,NA
Intervención 2023,50,040124,"UCHUMAYO (AREQUIPA, AREQUIPA)",040118,"SAN JUAN DE SIGUAS (AREQUIPA, AREQUIPA)",1,alfalfa,NA,6
Intervención 2023,50,040124,"UCHUMAYO (AREQUIPA, AREQUIPA)",040118,"SAN JUAN DE SIGUAS (AREQUIPA, AREQUIPA)",2,higuera,NA,1
Intervención 2023,50,040124,"UCHUMAYO (AREQUIPA, AREQUIPA)",040118,"SAN JUAN DE SIGUAS (AREQUIPA, AREQUIPA)",3,maiz chala,NA,6
Intervención 2023,50,040124,"UCHUMAYO (AREQUIPA, AREQUIPA)",040118,"SAN JUAN DE SIGUAS (AREQUIPA, AREQUIPA)",4,pacae,NA,1
Intervención 2023,50,040124,"UCHUMAYO (AREQUIPA, AREQUIPA)",040120,"SANTA ISABEL DE SIGUAS (AREQUIPA, AREQUIPA)",1,ajo,NA,1
Intervención 2023,50,040124,"UCHUMAYO (AREQUIPA, AREQUIPA)",040120,"SANTA ISABEL DE SIGUAS (AREQUIPA, AREQUIPA)",2,alfalfa,NA,11
Intervención 2023,50,040124,"UCHUMAYO (AREQUIPA, AREQUIPA)",040120,"SANTA ISABEL DE SIGUAS (AREQUIPA, AREQUIPA)",3,higuera,NA,1
Intervención 2023,50,040124,"UCHUMAYO (AREQUIPA, AREQUIPA)",040120,"SANTA ISABEL DE SIGUAS (AREQUIPA, AREQUIPA)",4,maiz chala,NA,1
Intervención 2023,50,040124,"UCHUMAYO (AREQUIPA, AREQUIPA)",040120,"SANTA ISABEL DE SIGUAS (AREQUIPA, AREQUIPA)",5,maiz morado,NA,4
Intervención 2023,50,040124,"UCHUMAYO (AREQUIPA, AREQUIPA)",040121,"SANTA RITA DE SIGUAS (AREQUIPA, AREQUIPA)",1,alfalfa,6,7
Intervención 2023,50,040124,"UCHUMAYO (AREQUIPA, AREQUIPA)",040121,"SANTA RITA DE SIGUAS (AREQUIPA, AREQUIPA)",2,maiz chala,4,5
Intervención 2023,50,040124,"UCHUMAYO (AREQUIPA, AREQUIPA)",040121,"SANTA RITA DE SIGUAS (AREQUIPA, AREQUIPA)",3,cebolla,3,3
Intervención 2023,50,040124,"UCHUMAYO (AREQUIPA, AREQUIPA)",040121,"SANTA RITA DE SIGUAS (AREQUIPA, AREQUIPA)",4,papa blanca,2,3
Intervención 2023,50,040124,"UCHUMAYO (AREQUIPA, AREQUIPA)",040121,"SANTA RITA DE SIGUAS (AREQUIPA, AREQUIPA)",5,aji,1,NA
Intervención 2023,50,040124,"UCHUMAYO (AREQUIPA, AREQUIPA)",040122,"SOCABAYA (AREQUIPA, AREQUIPA)",1,alfalfa,14,NA
Intervención 2023,50,040124,"UCHUMAYO (AREQUIPA, AREQUIPA)",040122,"SOCABAYA (AREQUIPA, AREQUIPA)",2,avena forrajera,1,NA
Intervención 2023,50,040124,"UCHUMAYO (AREQUIPA, AREQUIPA)",040122,"SOCABAYA (AREQUIPA, AREQUIPA)",3,espinaca,1,NA
Intervención 2023,50,040124,"UCHUMAYO (AREQUIPA, AREQUIPA)",040122,"SOCABAYA (AREQUIPA, AREQUIPA)",4,haba forrajera,1,NA
Intervención 2023,50,040124,"UCHUMAYO (AREQUIPA, AREQUIPA)",040122,"SOCABAYA (AREQUIPA, AREQUIPA)",5,maiz amilaceo,1,NA
Intervención 2023,50,040124,"UCHUMAYO (AREQUIPA, AREQUIPA)",040123,"TIABAYA (AREQUIPA, AREQUIPA)",1,apio,10,NA
Intervención 2023,50,040124,"UCHUMAYO (AREQUIPA, AREQUIPA)",040123,"TIABAYA (AREQUIPA, AREQUIPA)",2,ajo,6,1
Intervención 2023,50,040124,"UCHUMAYO (AREQUIPA, AREQUIPA)",040123,"TIABAYA (AREQUIPA, AREQUIPA)",3,alfalfa,2,3
Intervención 2023,50,040124,"UCHUMAYO (AREQUIPA, AREQUIPA)",040123,"TIABAYA (AREQUIPA, AREQUIPA)",4,arveja grano verde,2,2
Intervención 2023,50,040124,"UCHUMAYO (AREQUIPA, AREQUIPA)",040123,"TIABAYA (AREQUIPA, AREQUIPA)",5,hierba buena,2,NA
Intervención 2023,50,040124,"UCHUMAYO (AREQUIPA, AREQUIPA)",040124,"UCHUMAYO (AREQUIPA, AREQUIPA)",1,cebolla,17,9
Intervención 2023,50,040124,"UCHUMAYO (AREQUIPA, AREQUIPA)",040124,"UCHUMAYO (AREQUIPA, AREQUIPA)",2,papa blanca,13,5
Intervención 2023,50,040124,"UCHUMAYO (AREQUIPA, AREQUIPA)",040124,"UCHUMAYO (AREQUIPA, AREQUIPA)",3,alfalfa,5,2
Intervención 2023,50,040124,"UCHUMAYO (AREQUIPA, AREQUIPA)",040124,"UCHUMAYO (AREQUIPA, AREQUIPA)",4,arveja grano verde,5,1
Intervención 2023,50,040124,"UCHUMAYO (AREQUIPA, AREQUIPA)",040124,"UCHUMAYO (AREQUIPA, AREQUIPA)",5,fresa,3,4
Intervención 2023,50,040124,"UCHUMAYO (AREQUIPA, AREQUIPA)",040125,"VITOR (AREQUIPA, AREQUIPA)",1,alfalfa,25,99
Intervención 2023,50,040124,"UCHUMAYO (AREQUIPA, AREQUIPA)",040125,"VITOR (AREQUIPA, AREQUIPA)",2,guayabo,11,23
Intervención 2023,50,040124,"UCHUMAYO (AREQUIPA, AREQUIPA)",040125,"VITOR (AREQUIPA, AREQUIPA)",3,naranjo,9,9
Intervención 2023,50,040124,"UCHUMAYO (AREQUIPA, AREQUIPA)",040125,"VITOR (AREQUIPA, AREQUIPA)",4,maiz chala,8,105
Intervención 2023,50,040124,"UCHUMAYO (AREQUIPA, AREQUIPA)",040125,"VITOR (AREQUIPA, AREQUIPA)",5,zanahoria,8,18
Intervención 2023,50,040124,"UCHUMAYO (AREQUIPA, AREQUIPA)",040126,"YANAHUARA (AREQUIPA, AREQUIPA)",1,ajo,NA,1
Intervención 2023,50,040124,"UCHUMAYO (AREQUIPA, AREQUIPA)",040126,"YANAHUARA (AREQUIPA, AREQUIPA)",2,alfalfa,NA,1
Intervención 2023,50,040124,"UCHUMAYO (AREQUIPA, AREQUIPA)",040126,"YANAHUARA (AREQUIPA, AREQUIPA)",3,brocoli,NA,4
Intervención 2023,50,040124,"UCHUMAYO (AREQUIPA, AREQUIPA)",040126,"YANAHUARA (AREQUIPA, AREQUIPA)",4,lechuga,NA,3
Intervención 2023,50,040124,"UCHUMAYO (AREQUIPA, AREQUIPA)",040127,"YARABAMBA (AREQUIPA, AREQUIPA)",1,alfalfa,NA,3
Intervención 2023,50,040124,"UCHUMAYO (AREQUIPA, AREQUIPA)",040128,"YURA (AREQUIPA, AREQUIPA)",1,alfalfa,13,21
Intervención 2023,50,040124,"UCHUMAYO (AREQUIPA, AREQUIPA)",040128,"YURA (AREQUIPA, AREQUIPA)",2,cebolla,8,1
Intervención 2023,50,040124,"UCHUMAYO (AREQUIPA, AREQUIPA)",040128,"YURA (AREQUIPA, AREQUIPA)",3,maiz choclo,5,NA
Intervención 2023,50,040124,"UCHUMAYO (AREQUIPA, AREQUIPA)",040128,"YURA (AREQUIPA, AREQUIPA)",4,ajo,3,NA
Intervención 2023,50,040124,"UCHUMAYO (AREQUIPA, AREQUIPA)",040128,"YURA (AREQUIPA, AREQUIPA)",5,maiz morado,3,1
Intervención 2023,50,040124,"UCHUMAYO (AREQUIPA, AREQUIPA)",040129,"JOSE LUIS BUSTAMANTE Y RIVERO (AREQUIPA, AREQUIPA)",1,alfalfa,NA,2
Intervención 2023,50,040124,"UCHUMAYO (AREQUIPA, AREQUIPA)",040129,"JOSE LUIS BUSTAMANTE Y RIVERO (AREQUIPA, AREQUIPA)",2,arveja grano verde,NA,2
Intervención 2023,50,040124,"UCHUMAYO (AREQUIPA, AREQUIPA)",040129,"JOSE LUIS BUSTAMANTE Y RIVERO (AREQUIPA, AREQUIPA)",3,chirimoyo,NA,1
Intervención 2023,50,040124,"UCHUMAYO (AREQUIPA, AREQUIPA)",040129,"JOSE LUIS BUSTAMANTE Y RIVERO (AREQUIPA, AREQUIPA)",4,lechuga,NA,3
Intervención 2023,50,040124,"UCHUMAYO (AREQUIPA, AREQUIPA)",040129,"JOSE LUIS BUSTAMANTE Y RIVERO (AREQUIPA, AREQUIPA)",5,lucumo,NA,1
Intervención 2023,50,040124,"UCHUMAYO (AREQUIPA, AREQUIPA)",040508,"HUANCA (CAYLLOMA, AREQUIPA)",1,alfalfa,19,34
Intervención 2023,50,040124,"UCHUMAYO (AREQUIPA, AREQUIPA)",040508,"HUANCA (CAYLLOMA, AREQUIPA)",2,maiz choclo,8,1
Intervención 2023,50,040124,"UCHUMAYO (AREQUIPA, AREQUIPA)",040508,"HUANCA (CAYLLOMA, AREQUIPA)",3,ajo,NA,4
Intervención 2023,50,040124,"UCHUMAYO (AREQUIPA, AREQUIPA)",040508,"HUANCA (CAYLLOMA, AREQUIPA)",4,arveja grano verde,NA,2
Intervención 2023,50,040124,"UCHUMAYO (AREQUIPA, AREQUIPA)",040508,"HUANCA (CAYLLOMA, AREQUIPA)",5,haba grano verde,NA,1
Intervención 2023,50,040124,"UCHUMAYO (AREQUIPA, AREQUIPA)",040511,"LLUTA (CAYLLOMA, AREQUIPA)",1,alfalfa,13,36
Intervención 2023,50,040124,"UCHUMAYO (AREQUIPA, AREQUIPA)",040511,"LLUTA (CAYLLOMA, AREQUIPA)",2,maiz amilaceo,4,9
Intervención 2023,50,040124,"UCHUMAYO (AREQUIPA, AREQUIPA)",040511,"LLUTA (CAYLLOMA, AREQUIPA)",3,papa nativa,3,NA
Intervención 2023,50,040124,"UCHUMAYO (AREQUIPA, AREQUIPA)",040511,"LLUTA (CAYLLOMA, AREQUIPA)",4,cebada forrajera,NA,1
Intervención 2023,50,040124,"UCHUMAYO (AREQUIPA, AREQUIPA)",040511,"LLUTA (CAYLLOMA, AREQUIPA)",5,haba grano seco,NA,2
Intervención 2023,50,040124,"UCHUMAYO (AREQUIPA, AREQUIPA)",040520,"MAJES (CAYLLOMA, AREQUIPA)",1,maiz chala,61,270
Intervención 2023,50,040124,"UCHUMAYO (AREQUIPA, AREQUIPA)",040520,"MAJES (CAYLLOMA, AREQUIPA)",2,alfalfa,30,114
Intervención 2023,50,040124,"UCHUMAYO (AREQUIPA, AREQUIPA)",040520,"MAJES (CAYLLOMA, AREQUIPA)",3,cebolla,24,61
Intervención 2023,50,040124,"UCHUMAYO (AREQUIPA, AREQUIPA)",040520,"MAJES (CAYLLOMA, AREQUIPA)",4,papa blanca,15,109
Intervención 2023,50,040124,"UCHUMAYO (AREQUIPA, AREQUIPA)",040520,"MAJES (CAYLLOMA, AREQUIPA)",5,naranjo,11,52
Intervención 2023,50,040124,"UCHUMAYO (AREQUIPA, AREQUIPA)",040701,"MOLLENDO (ISLAY, AREQUIPA)",1,alfalfa,8,37
Intervención 2023,50,040124,"UCHUMAYO (AREQUIPA, AREQUIPA)",040701,"MOLLENDO (ISLAY, AREQUIPA)",2,maiz chala,7,50
Intervención 2023,50,040124,"UCHUMAYO (AREQUIPA, AREQUIPA)",040701,"MOLLENDO (ISLAY, AREQUIPA)",3,olivo,5,7
Intervención 2023,50,040124,"UCHUMAYO (AREQUIPA, AREQUIPA)",040701,"MOLLENDO (ISLAY, AREQUIPA)",4,limon acido,2,4
Intervención 2023,50,040124,"UCHUMAYO (AREQUIPA, AREQUIPA)",040701,"MOLLENDO (ISLAY, AREQUIPA)",5,membrillero,2,5
Intervención 2023,50,040124,"UCHUMAYO (AREQUIPA, AREQUIPA)",040702,"COCACHACRA (ISLAY, AREQUIPA)",1,trigo,11,15
Intervención 2023,50,040124,"UCHUMAYO (AREQUIPA, AREQUIPA)",040702,"COCACHACRA (ISLAY, AREQUIPA)",2,maiz morado,10,NA
Intervención 2023,50,040124,"UCHUMAYO (AREQUIPA, AREQUIPA)",040702,"COCACHACRA (ISLAY, AREQUIPA)",3,arroz cascara,7,19
Intervención 2023,50,040124,"UCHUMAYO (AREQUIPA, AREQUIPA)",040702,"COCACHACRA (ISLAY, AREQUIPA)",4,alfalfa,6,6
Intervención 2023,50,040124,"UCHUMAYO (AREQUIPA, AREQUIPA)",040702,"COCACHACRA (ISLAY, AREQUIPA)",5,maiz chala,2,NA
Intervención 2023,50,040124,"UCHUMAYO (AREQUIPA, AREQUIPA)",180205,"LA CAPILLA (GENERAL SANCHEZ CERRO, MOQUEGUA)",1,alfalfa,83,39
Intervención 2023,50,040124,"UCHUMAYO (AREQUIPA, AREQUIPA)",180205,"LA CAPILLA (GENERAL SANCHEZ CERRO, MOQUEGUA)",2,guayabo,14,1
Intervención 2023,50,040124,"UCHUMAYO (AREQUIPA, AREQUIPA)",180205,"LA CAPILLA (GENERAL SANCHEZ CERRO, MOQUEGUA)",3,naranjo,12,9
Intervención 2023,50,040124,"UCHUMAYO (AREQUIPA, AREQUIPA)",180205,"LA CAPILLA (GENERAL SANCHEZ CERRO, MOQUEGUA)",4,palto,12,9
Intervención 2023,50,040124,"UCHUMAYO (AREQUIPA, AREQUIPA)",180205,"LA CAPILLA (GENERAL SANCHEZ CERRO, MOQUEGUA)",5,papa blanca,12,7
Intervención 2023,50,040124,"UCHUMAYO (AREQUIPA, AREQUIPA)",180208,"PUQUINA (GENERAL SANCHEZ CERRO, MOQUEGUA)",1,alfalfa,237,149
Intervención 2023,50,040124,"UCHUMAYO (AREQUIPA, AREQUIPA)",180208,"PUQUINA (GENERAL SANCHEZ CERRO, MOQUEGUA)",2,maiz amilaceo,33,32
Intervención 2023,50,040124,"UCHUMAYO (AREQUIPA, AREQUIPA)",180208,"PUQUINA (GENERAL SANCHEZ CERRO, MOQUEGUA)",3,oregano,32,11
Intervención 2023,50,040124,"UCHUMAYO (AREQUIPA, AREQUIPA)",180208,"PUQUINA (GENERAL SANCHEZ CERRO, MOQUEGUA)",4,palto,25,10
Intervención 2023,50,040124,"UCHUMAYO (AREQUIPA, AREQUIPA)",180208,"PUQUINA (GENERAL SANCHEZ CERRO, MOQUEGUA)",5,papa blanca,22,18
Intervención 2023,50,211207,"SAN JUAN DEL ORO (SANDIA, PUNO)",211201,"SANDIA (SANDIA, PUNO)",1,granadilla,NA,3
Intervención 2023,50,211207,"SAN JUAN DEL ORO (SANDIA, PUNO)",211201,"SANDIA (SANDIA, PUNO)",2,maiz choclo,NA,2
Intervención 2023,50,211207,"SAN JUAN DEL ORO (SANDIA, PUNO)",211201,"SANDIA (SANDIA, PUNO)",3,papa amarilla,NA,1
Intervención 2023,50,211207,"SAN JUAN DEL ORO (SANDIA, PUNO)",211201,"SANDIA (SANDIA, PUNO)",4,papa nativa,NA,2
Intervención 2023,50,211207,"SAN JUAN DEL ORO (SANDIA, PUNO)",211201,"SANDIA (SANDIA, PUNO)",5,platano,NA,1
Intervención 2023,50,211207,"SAN JUAN DEL ORO (SANDIA, PUNO)",211202,"CUYOCUYO (SANDIA, PUNO)",1,papa nativa,NA,1
Intervención 2023,50,211207,"SAN JUAN DEL ORO (SANDIA, PUNO)",211204,"PATAMBUCO (SANDIA, PUNO)",1,avena forrajera,8,3
Intervención 2023,50,211207,"SAN JUAN DEL ORO (SANDIA, PUNO)",211204,"PATAMBUCO (SANDIA, PUNO)",2,papa nativa,4,4
Intervención 2023,50,211207,"SAN JUAN DEL ORO (SANDIA, PUNO)",211204,"PATAMBUCO (SANDIA, PUNO)",3,papa amarga,2,NA
Intervención 2023,50,211207,"SAN JUAN DEL ORO (SANDIA, PUNO)",211204,"PATAMBUCO (SANDIA, PUNO)",4,alfalfa,1,NA
Intervención 2023,50,211207,"SAN JUAN DEL ORO (SANDIA, PUNO)",211204,"PATAMBUCO (SANDIA, PUNO)",5,mashua,1,NA
Intervención 2023,50,211207,"SAN JUAN DEL ORO (SANDIA, PUNO)",211205,"PHARA (SANDIA, PUNO)",1,maiz choclo,NA,3
Intervención 2023,50,211207,"SAN JUAN DEL ORO (SANDIA, PUNO)",211205,"PHARA (SANDIA, PUNO)",2,olluco,NA,2
Intervención 2023,50,211207,"SAN JUAN DEL ORO (SANDIA, PUNO)",211205,"PHARA (SANDIA, PUNO)",3,papa nativa,NA,3
Intervención 2023,50,211207,"SAN JUAN DEL ORO (SANDIA, PUNO)",211206,"QUIACA (SANDIA, PUNO)",1,avena forrajera,NA,1
Intervención 2023,50,211207,"SAN JUAN DEL ORO (SANDIA, PUNO)",211206,"QUIACA (SANDIA, PUNO)",2,oca,NA,1
Intervención 2023,50,211207,"SAN JUAN DEL ORO (SANDIA, PUNO)",211206,"QUIACA (SANDIA, PUNO)",3,papa nativa,NA,4
Intervención 2023,50,211207,"SAN JUAN DEL ORO (SANDIA, PUNO)",211207,"SAN JUAN DEL ORO (SANDIA, PUNO)",1,naranjo,24,4
Intervención 2023,50,211207,"SAN JUAN DEL ORO (SANDIA, PUNO)",211207,"SAN JUAN DEL ORO (SANDIA, PUNO)",2,mandarina,21,3
Intervención 2023,50,211207,"SAN JUAN DEL ORO (SANDIA, PUNO)",211207,"SAN JUAN DEL ORO (SANDIA, PUNO)",3,platano,16,3
Intervención 2023,50,211207,"SAN JUAN DEL ORO (SANDIA, PUNO)",211207,"SAN JUAN DEL ORO (SANDIA, PUNO)",4,palto,11,1
Intervención 2023,50,211207,"SAN JUAN DEL ORO (SANDIA, PUNO)",211207,"SAN JUAN DEL ORO (SANDIA, PUNO)",5,cafe pergamino,10,1
Intervención 2023,50,211207,"SAN JUAN DEL ORO (SANDIA, PUNO)",211208,"YANAHUAYA (SANDIA, PUNO)",1,cafe pergamino,16,NA
Intervención 2023,50,211207,"SAN JUAN DEL ORO (SANDIA, PUNO)",211208,"YANAHUAYA (SANDIA, PUNO)",2,platano,12,NA
Intervención 2023,50,211207,"SAN JUAN DEL ORO (SANDIA, PUNO)",211208,"YANAHUAYA (SANDIA, PUNO)",3,mandarina,3,NA
Intervención 2023,50,211207,"SAN JUAN DEL ORO (SANDIA, PUNO)",211208,"YANAHUAYA (SANDIA, PUNO)",4,naranjo,3,NA
Intervención 2023,50,211207,"SAN JUAN DEL ORO (SANDIA, PUNO)",211208,"YANAHUAYA (SANDIA, PUNO)",5,piña,3,NA
Intervención 2023,50,211207,"SAN JUAN DEL ORO (SANDIA, PUNO)",211209,"ALTO INAMBARI (SANDIA, PUNO)",1,platano,57,NA
Intervención 2023,50,211207,"SAN JUAN DEL ORO (SANDIA, PUNO)",211209,"ALTO INAMBARI (SANDIA, PUNO)",2,cafe pergamino,49,NA
Intervención 2023,50,211207,"SAN JUAN DEL ORO (SANDIA, PUNO)",211209,"ALTO INAMBARI (SANDIA, PUNO)",3,mandarina,39,NA
Intervención 2023,50,211207,"SAN JUAN DEL ORO (SANDIA, PUNO)",211209,"ALTO INAMBARI (SANDIA, PUNO)",4,naranjo,25,NA
Intervención 2023,50,211207,"SAN JUAN DEL ORO (SANDIA, PUNO)",211209,"ALTO INAMBARI (SANDIA, PUNO)",5,coca,22,NA
Intervención 2023,50,211207,"SAN JUAN DEL ORO (SANDIA, PUNO)",211210,"SAN PEDRO DE PUTINA PUNCO (SANDIA, PUNO)",1,mandarina,88,11
Intervención 2023,50,211207,"SAN JUAN DEL ORO (SANDIA, PUNO)",211210,"SAN PEDRO DE PUTINA PUNCO (SANDIA, PUNO)",2,platano,85,11
Intervención 2023,50,211207,"SAN JUAN DEL ORO (SANDIA, PUNO)",211210,"SAN PEDRO DE PUTINA PUNCO (SANDIA, PUNO)",3,naranjo,59,10
Intervención 2023,50,211207,"SAN JUAN DEL ORO (SANDIA, PUNO)",211210,"SAN PEDRO DE PUTINA PUNCO (SANDIA, PUNO)",4,cafe pergamino,51,9
Intervención 2023,50,211207,"SAN JUAN DEL ORO (SANDIA, PUNO)",211210,"SAN PEDRO DE PUTINA PUNCO (SANDIA, PUNO)",5,coca,42,28
