intervencion,radio_establecido_km,ubigeo_intervencion,distrito_intervencion_completo,ranking,nombre_cultivo,total_freq_año_previo,total_freq_año_post,num_distritos_capturados,distritos_vecinos
Intervención 2018,15,020108,"OLLEROS (HUARAZ, ANCASH)",1,papa blanca,156,93,8,"HUARAZ (HUARAZ, ANCASH) || INDEPENDENCIA (HUARAZ, ANCASH) || OLLEROS (HUARAZ, ANCASH) || CHAVIN DE HUANTAR (HUARI, ANCASH) || HUANTAR (HUARI, ANCASH) || RECUAY (RECUAY, ANCASH) || CATAC (RECUAY, ANCASH) || TICAPAMPA (RECUAY, ANCASH)"
Intervención 2018,15,020108,"OLLEROS (HUARAZ, ANCASH)",2,trigo,100,47,8,"HUARAZ (HUARAZ, ANCASH) || INDEPENDENCIA (HUARAZ, ANCASH) || OLLEROS (HUARAZ, ANCASH) || CHAVIN DE HUANTAR (HUARI, ANCASH) || HUANTAR (HUARI, ANCASH) || RECUAY (RECUAY, ANCASH) || CATAC (RECUAY, ANCASH) || TICAPAMPA (RECUAY, ANCASH)"
Intervención 2018,15,020108,"OLLEROS (HUARAZ, ANCASH)",3,maiz amilaceo,95,54,8,"HUARAZ (HUARAZ, ANCASH) || INDEPENDENCIA (HUARAZ, ANCASH) || OLLEROS (HUARAZ, ANCASH) || CHAVIN DE HUANTAR (HUARI, ANCASH) || HUANTAR (HUARI, ANCASH) || RECUAY (RECUAY, ANCASH) || CATAC (RECUAY, ANCASH) || TICAPAMPA (RECUAY, ANCASH)"
Intervención 2018,15,020108,"OLLEROS (HUARAZ, ANCASH)",4,cebada grano,63,44,8,"HUARAZ (HUARAZ, ANCASH) || INDEPENDENCIA (HUARAZ, ANCASH) || OLLEROS (HUARAZ, ANCASH) || CHAVIN DE HUANTAR (HUARI, ANCASH) || HUANTAR (HUARI, ANCASH) || RECUAY (RECUAY, ANCASH) || CATAC (RECUAY, ANCASH) || TICAPAMPA (RECUAY, ANCASH)"
Intervención 2018,15,020108,"OLLEROS (HUARAZ, ANCASH)",5,alfalfa,42,35,8,"HUARAZ (HUARAZ, ANCASH) || INDEPENDENCIA (HUARAZ, ANCASH) || OLLEROS (HUARAZ, ANCASH) || CHAVIN DE HUANTAR (HUARI, ANCASH) || HUANTAR (HUARI, ANCASH) || RECUAY (RECUAY, ANCASH) || CATAC (RECUAY, ANCASH) || TICAPAMPA (RECUAY, ANCASH)"
Intervención 2018,15,040520,"MAJES (CAYLLOMA, AREQUIPA)",1,maiz chala,125,125,3,"SAN JUAN DE SIGUAS (AREQUIPA, AREQUIPA) || URACA (CASTILLA, AREQUIPA) || MAJES (CAYLLOMA, AREQUIPA)"
Intervención 2018,15,040520,"MAJES (CAYLLOMA, AREQUIPA)",2,alfalfa,57,37,3,"SAN JUAN DE SIGUAS (AREQUIPA, AREQUIPA) || URACA (CASTILLA, AREQUIPA) || MAJES (CAYLLOMA, AREQUIPA)"
Intervención 2018,15,040520,"MAJES (CAYLLOMA, AREQUIPA)",3,palto,22,26,3,"SAN JUAN DE SIGUAS (AREQUIPA, AREQUIPA) || URACA (CASTILLA, AREQUIPA) || MAJES (CAYLLOMA, AREQUIPA)"
Intervención 2018,15,040520,"MAJES (CAYLLOMA, AREQUIPA)",4,higuera,19,15,3,"SAN JUAN DE SIGUAS (AREQUIPA, AREQUIPA) || URACA (CASTILLA, AREQUIPA) || MAJES (CAYLLOMA, AREQUIPA)"
Intervención 2018,15,040520,"MAJES (CAYLLOMA, AREQUIPA)",5,cebolla,17,14,3,"SAN JUAN DE SIGUAS (AREQUIPA, AREQUIPA) || URACA (CASTILLA, AREQUIPA) || MAJES (CAYLLOMA, AREQUIPA)"
Intervención 2018,15,130102,"EL PORVENIR (TRUJILLO, LA LIBERTAD)",1,maiz chala,37,42,12,"TRUJILLO (TRUJILLO, LA LIBERTAD) || EL PORVENIR (TRUJILLO, LA LIBERTAD) || FLORENCIA DE MORA (TRUJILLO, LA LIBERTAD) || HUANCHACO (TRUJILLO, LA LIBERTAD) || LA ESPERANZA (TRUJILLO, LA LIBERTAD) || LAREDO (TRUJILLO, LA LIBERTAD) || MOCHE (TRUJILLO, LA LIBERTAD) || SALAVERRY (TRUJILLO, LA LIBERTAD) || SIMBAL (TRUJILLO, LA LIBERTAD) || VICTOR LARCO HERRERA (TRUJILLO, LA LIBERTAD) || ALTO TRUJILLO (TRUJILLO, LA LIBERTAD) || CHICAMA (ASCOPE, LA LIBERTAD)"
Intervención 2018,15,130102,"EL PORVENIR (TRUJILLO, LA LIBERTAD)",2,palto,37,43,12,"TRUJILLO (TRUJILLO, LA LIBERTAD) || EL PORVENIR (TRUJILLO, LA LIBERTAD) || FLORENCIA DE MORA (TRUJILLO, LA LIBERTAD) || HUANCHACO (TRUJILLO, LA LIBERTAD) || LA ESPERANZA (TRUJILLO, LA LIBERTAD) || LAREDO (TRUJILLO, LA LIBERTAD) || MOCHE (TRUJILLO, LA LIBERTAD) || SALAVERRY (TRUJILLO, LA LIBERTAD) || SIMBAL (TRUJILLO, LA LIBERTAD) || VICTOR LARCO HERRERA (TRUJILLO, LA LIBERTAD) || ALTO TRUJILLO (TRUJILLO, LA LIBERTAD) || CHICAMA (ASCOPE, LA LIBERTAD)"
Intervención 2018,15,130102,"EL PORVENIR (TRUJILLO, LA LIBERTAD)",3,pacae,29,18,12,"TRUJILLO (TRUJILLO, LA LIBERTAD) || EL PORVENIR (TRUJILLO, LA LIBERTAD) || FLORENCIA DE MORA (TRUJILLO, LA LIBERTAD) || HUANCHACO (TRUJILLO, LA LIBERTAD) || LA ESPERANZA (TRUJILLO, LA LIBERTAD) || LAREDO (TRUJILLO, LA LIBERTAD) || MOCHE (TRUJILLO, LA LIBERTAD) || SALAVERRY (TRUJILLO, LA LIBERTAD) || SIMBAL (TRUJILLO, LA LIBERTAD) || VICTOR LARCO HERRERA (TRUJILLO, LA LIBERTAD) || ALTO TRUJILLO (TRUJILLO, LA LIBERTAD) || CHICAMA (ASCOPE, LA LIBERTAD)"
Intervención 2018,15,130102,"EL PORVENIR (TRUJILLO, LA LIBERTAD)",4,platano,27,19,12,"TRUJILLO (TRUJILLO, LA LIBERTAD) || EL PORVENIR (TRUJILLO, LA LIBERTAD) || FLORENCIA DE MORA (TRUJILLO, LA LIBERTAD) || HUANCHACO (TRUJILLO, LA LIBERTAD) || LA ESPERANZA (TRUJILLO, LA LIBERTAD) || LAREDO (TRUJILLO, LA LIBERTAD) || MOCHE (TRUJILLO, LA LIBERTAD) || SALAVERRY (TRUJILLO, LA LIBERTAD) || SIMBAL (TRUJILLO, LA LIBERTAD) || VICTOR LARCO HERRERA (TRUJILLO, LA LIBERTAD) || ALTO TRUJILLO (TRUJILLO, LA LIBERTAD) || CHICAMA (ASCOPE, LA LIBERTAD)"
Intervención 2018,15,130102,"EL PORVENIR (TRUJILLO, LA LIBERTAD)",5,maracuya,21,5,12,"TRUJILLO (TRUJILLO, LA LIBERTAD) || EL PORVENIR (TRUJILLO, LA LIBERTAD) || FLORENCIA DE MORA (TRUJILLO, LA LIBERTAD) || HUANCHACO (TRUJILLO, LA LIBERTAD) || LA ESPERANZA (TRUJILLO, LA LIBERTAD) || LAREDO (TRUJILLO, LA LIBERTAD) || MOCHE (TRUJILLO, LA LIBERTAD) || SALAVERRY (TRUJILLO, LA LIBERTAD) || SIMBAL (TRUJILLO, LA LIBERTAD) || VICTOR LARCO HERRERA (TRUJILLO, LA LIBERTAD) || ALTO TRUJILLO (TRUJILLO, LA LIBERTAD) || CHICAMA (ASCOPE, LA LIBERTAD)"
Intervención 2023,15,040124,"UCHUMAYO (AREQUIPA, AREQUIPA)",1,alfalfa,90,182,12,"AREQUIPA (AREQUIPA, AREQUIPA) || CERRO COLORADO (AREQUIPA, AREQUIPA) || JACOBO HUNTER (AREQUIPA, AREQUIPA) || LA JOYA (AREQUIPA, AREQUIPA) || SACHACA (AREQUIPA, AREQUIPA) || SOCABAYA (AREQUIPA, AREQUIPA) || TIABAYA (AREQUIPA, AREQUIPA) || UCHUMAYO (AREQUIPA, AREQUIPA) || VITOR (AREQUIPA, AREQUIPA) || YANAHUARA (AREQUIPA, AREQUIPA) || YARABAMBA (AREQUIPA, AREQUIPA) || YURA (AREQUIPA, AREQUIPA)"
Intervención 2023,15,040124,"UCHUMAYO (AREQUIPA, AREQUIPA)",2,cebolla,43,41,12,"AREQUIPA (AREQUIPA, AREQUIPA) || CERRO COLORADO (AREQUIPA, AREQUIPA) || JACOBO HUNTER (AREQUIPA, AREQUIPA) || LA JOYA (AREQUIPA, AREQUIPA) || SACHACA (AREQUIPA, AREQUIPA) || SOCABAYA (AREQUIPA, AREQUIPA) || TIABAYA (AREQUIPA, AREQUIPA) || UCHUMAYO (AREQUIPA, AREQUIPA) || VITOR (AREQUIPA, AREQUIPA) || YANAHUARA (AREQUIPA, AREQUIPA) || YARABAMBA (AREQUIPA, AREQUIPA) || YURA (AREQUIPA, AREQUIPA)"
Intervención 2023,15,040124,"UCHUMAYO (AREQUIPA, AREQUIPA)",3,papa blanca,30,50,12,"AREQUIPA (AREQUIPA, AREQUIPA) || CERRO COLORADO (AREQUIPA, AREQUIPA) || JACOBO HUNTER (AREQUIPA, AREQUIPA) || LA JOYA (AREQUIPA, AREQUIPA) || SACHACA (AREQUIPA, AREQUIPA) || SOCABAYA (AREQUIPA, AREQUIPA) || TIABAYA (AREQUIPA, AREQUIPA) || UCHUMAYO (AREQUIPA, AREQUIPA) || VITOR (AREQUIPA, AREQUIPA) || YANAHUARA (AREQUIPA, AREQUIPA) || YARABAMBA (AREQUIPA, AREQUIPA) || YURA (AREQUIPA, AREQUIPA)"
Intervención 2023,15,040124,"UCHUMAYO (AREQUIPA, AREQUIPA)",4,ajo,29,16,12,"AREQUIPA (AREQUIPA, AREQUIPA) || CERRO COLORADO (AREQUIPA, AREQUIPA) || JACOBO HUNTER (AREQUIPA, AREQUIPA) || LA JOYA (AREQUIPA, AREQUIPA) || SACHACA (AREQUIPA, AREQUIPA) || SOCABAYA (AREQUIPA, AREQUIPA) || TIABAYA (AREQUIPA, AREQUIPA) || UCHUMAYO (AREQUIPA, AREQUIPA) || VITOR (AREQUIPA, AREQUIPA) || YANAHUARA (AREQUIPA, AREQUIPA) || YARABAMBA (AREQUIPA, AREQUIPA) || YURA (AREQUIPA, AREQUIPA)"
Intervención 2023,15,040124,"UCHUMAYO (AREQUIPA, AREQUIPA)",5,arveja grano verde,27,25,12,"AREQUIPA (AREQUIPA, AREQUIPA) || CERRO COLORADO (AREQUIPA, AREQUIPA) || JACOBO HUNTER (AREQUIPA, AREQUIPA) || LA JOYA (AREQUIPA, AREQUIPA) || SACHACA (AREQUIPA, AREQUIPA) || SOCABAYA (AREQUIPA, AREQUIPA) || TIABAYA (AREQUIPA, AREQUIPA) || UCHUMAYO (AREQUIPA, AREQUIPA) || VITOR (AREQUIPA, AREQUIPA) || YANAHUARA (AREQUIPA, AREQUIPA) || YARABAMBA (AREQUIPA, AREQUIPA) || YURA (AREQUIPA, AREQUIPA)"
Intervención 2023,15,200104,"CASTILLA (PIURA, PIURA)",1,mango,70,88,4,"PIURA (PIURA, PIURA) || CASTILLA (PIURA, PIURA) || CATACAOS (PIURA, PIURA) || TAMBO GRANDE (PIURA, PIURA)"
Intervención 2023,15,200104,"CASTILLA (PIURA, PIURA)",2,limon acido,62,89,4,"PIURA (PIURA, PIURA) || CASTILLA (PIURA, PIURA) || CATACAOS (PIURA, PIURA) || TAMBO GRANDE (PIURA, PIURA)"
Intervención 2023,15,200104,"CASTILLA (PIURA, PIURA)",3,arroz cascara,47,38,4,"PIURA (PIURA, PIURA) || CASTILLA (PIURA, PIURA) || CATACAOS (PIURA, PIURA) || TAMBO GRANDE (PIURA, PIURA)"
Intervención 2023,15,200104,"CASTILLA (PIURA, PIURA)",4,maiz amarillo duro,45,40,4,"PIURA (PIURA, PIURA) || CASTILLA (PIURA, PIURA) || CATACAOS (PIURA, PIURA) || TAMBO GRANDE (PIURA, PIURA)"
Intervención 2023,15,200104,"CASTILLA (PIURA, PIURA)",5,frijol caupi grano seco,12,18,4,"PIURA (PIURA, PIURA) || CASTILLA (PIURA, PIURA) || CATACAOS (PIURA, PIURA) || TAMBO GRANDE (PIURA, PIURA)"
Intervención 2023,15,211207,"SAN JUAN DEL ORO (SANDIA, PUNO)",1,platano,170,14,4,"SAN JUAN DEL ORO (SANDIA, PUNO) || YANAHUAYA (SANDIA, PUNO) || ALTO INAMBARI (SANDIA, PUNO) || SAN PEDRO DE PUTINA PUNCO (SANDIA, PUNO)"
Intervención 2023,15,211207,"SAN JUAN DEL ORO (SANDIA, PUNO)",2,mandarina,151,14,4,"SAN JUAN DEL ORO (SANDIA, PUNO) || YANAHUAYA (SANDIA, PUNO) || ALTO INAMBARI (SANDIA, PUNO) || SAN PEDRO DE PUTINA PUNCO (SANDIA, PUNO)"
Intervención 2023,15,211207,"SAN JUAN DEL ORO (SANDIA, PUNO)",3,cafe pergamino,126,10,4,"SAN JUAN DEL ORO (SANDIA, PUNO) || YANAHUAYA (SANDIA, PUNO) || ALTO INAMBARI (SANDIA, PUNO) || SAN PEDRO DE PUTINA PUNCO (SANDIA, PUNO)"
Intervención 2023,15,211207,"SAN JUAN DEL ORO (SANDIA, PUNO)",4,naranjo,111,14,4,"SAN JUAN DEL ORO (SANDIA, PUNO) || YANAHUAYA (SANDIA, PUNO) || ALTO INAMBARI (SANDIA, PUNO) || SAN PEDRO DE PUTINA PUNCO (SANDIA, PUNO)"
Intervención 2023,15,211207,"SAN JUAN DEL ORO (SANDIA, PUNO)",5,coca,72,28,4,"SAN JUAN DEL ORO (SANDIA, PUNO) || YANAHUAYA (SANDIA, PUNO) || ALTO INAMBARI (SANDIA, PUNO) || SAN PEDRO DE PUTINA PUNCO (SANDIA, PUNO)"
Intervención 2023,15,240101,"TUMBES (TUMBES, TUMBES)",1,arroz cascara,746,708,8,"TUMBES (TUMBES, TUMBES) || CORRALES (TUMBES, TUMBES) || PAMPAS DE HOSPITAL (TUMBES, TUMBES) || SAN JACINTO (TUMBES, TUMBES) || SAN JUAN DE LA VIRGEN (TUMBES, TUMBES) || ZARUMILLA (ZARUMILLA, TUMBES) || MATAPALO (ZARUMILLA, TUMBES) || PAPAYAL (ZARUMILLA, TUMBES)"
Intervención 2023,15,240101,"TUMBES (TUMBES, TUMBES)",2,platano,545,222,8,"TUMBES (TUMBES, TUMBES) || CORRALES (TUMBES, TUMBES) || PAMPAS DE HOSPITAL (TUMBES, TUMBES) || SAN JACINTO (TUMBES, TUMBES) || SAN JUAN DE LA VIRGEN (TUMBES, TUMBES) || ZARUMILLA (ZARUMILLA, TUMBES) || MATAPALO (ZARUMILLA, TUMBES) || PAPAYAL (ZARUMILLA, TUMBES)"
Intervención 2023,15,240101,"TUMBES (TUMBES, TUMBES)",3,limon acido,248,188,8,"TUMBES (TUMBES, TUMBES) || CORRALES (TUMBES, TUMBES) || PAMPAS DE HOSPITAL (TUMBES, TUMBES) || SAN JACINTO (TUMBES, TUMBES) || SAN JUAN DE LA VIRGEN (TUMBES, TUMBES) || ZARUMILLA (ZARUMILLA, TUMBES) || MATAPALO (ZARUMILLA, TUMBES) || PAPAYAL (ZARUMILLA, TUMBES)"
Intervención 2023,15,240101,"TUMBES (TUMBES, TUMBES)",4,mango,234,101,8,"TUMBES (TUMBES, TUMBES) || CORRALES (TUMBES, TUMBES) || PAMPAS DE HOSPITAL (TUMBES, TUMBES) || SAN JACINTO (TUMBES, TUMBES) || SAN JUAN DE LA VIRGEN (TUMBES, TUMBES) || ZARUMILLA (ZARUMILLA, TUMBES) || MATAPALO (ZARUMILLA, TUMBES) || PAPAYAL (ZARUMILLA, TUMBES)"
Intervención 2023,15,240101,"TUMBES (TUMBES, TUMBES)",5,naranjo,81,18,8,"TUMBES (TUMBES, TUMBES) || CORRALES (TUMBES, TUMBES) || PAMPAS DE HOSPITAL (TUMBES, TUMBES) || SAN JACINTO (TUMBES, TUMBES) || SAN JUAN DE LA VIRGEN (TUMBES, TUMBES) || ZARUMILLA (ZARUMILLA, TUMBES) || MATAPALO (ZARUMILLA, TUMBES) || PAPAYAL (ZARUMILLA, TUMBES)"
Intervención 2024,15,040501,"CHIVAY (CAYLLOMA, AREQUIPA)",1,alfalfa,92,97,8,"CHIVAY (CAYLLOMA, AREQUIPA) || ACHOMA (CAYLLOMA, AREQUIPA) || CALLALLI (CAYLLOMA, AREQUIPA) || COPORAQUE (CAYLLOMA, AREQUIPA) || ICHUPAMPA (CAYLLOMA, AREQUIPA) || SIBAYO (CAYLLOMA, AREQUIPA) || TUTI (CAYLLOMA, AREQUIPA) || YANQUE (CAYLLOMA, AREQUIPA)"
Intervención 2024,15,040501,"CHIVAY (CAYLLOMA, AREQUIPA)",2,maiz amilaceo,29,59,8,"CHIVAY (CAYLLOMA, AREQUIPA) || ACHOMA (CAYLLOMA, AREQUIPA) || CALLALLI (CAYLLOMA, AREQUIPA) || COPORAQUE (CAYLLOMA, AREQUIPA) || ICHUPAMPA (CAYLLOMA, AREQUIPA) || SIBAYO (CAYLLOMA, AREQUIPA) || TUTI (CAYLLOMA, AREQUIPA) || YANQUE (CAYLLOMA, AREQUIPA)"
Intervención 2024,15,040501,"CHIVAY (CAYLLOMA, AREQUIPA)",3,haba grano verde,16,34,8,"CHIVAY (CAYLLOMA, AREQUIPA) || ACHOMA (CAYLLOMA, AREQUIPA) || CALLALLI (CAYLLOMA, AREQUIPA) || COPORAQUE (CAYLLOMA, AREQUIPA) || ICHUPAMPA (CAYLLOMA, AREQUIPA) || SIBAYO (CAYLLOMA, AREQUIPA) || TUTI (CAYLLOMA, AREQUIPA) || YANQUE (CAYLLOMA, AREQUIPA)"
Intervención 2024,15,040501,"CHIVAY (CAYLLOMA, AREQUIPA)",4,papa blanca,16,37,8,"CHIVAY (CAYLLOMA, AREQUIPA) || ACHOMA (CAYLLOMA, AREQUIPA) || CALLALLI (CAYLLOMA, AREQUIPA) || COPORAQUE (CAYLLOMA, AREQUIPA) || ICHUPAMPA (CAYLLOMA, AREQUIPA) || SIBAYO (CAYLLOMA, AREQUIPA) || TUTI (CAYLLOMA, AREQUIPA) || YANQUE (CAYLLOMA, AREQUIPA)"
Intervención 2024,15,040501,"CHIVAY (CAYLLOMA, AREQUIPA)",5,avena forrajera,15,17,8,"CHIVAY (CAYLLOMA, AREQUIPA) || ACHOMA (CAYLLOMA, AREQUIPA) || CALLALLI (CAYLLOMA, AREQUIPA) || COPORAQUE (CAYLLOMA, AREQUIPA) || ICHUPAMPA (CAYLLOMA, AREQUIPA) || SIBAYO (CAYLLOMA, AREQUIPA) || TUTI (CAYLLOMA, AREQUIPA) || YANQUE (CAYLLOMA, AREQUIPA)"
Intervención 2024,15,080101,"CUSCO (CUSCO, CUSCO)",1,maiz amilaceo,335,332,21,"CUSCO (CUSCO, CUSCO) || CCORCA (CUSCO, CUSCO) || POROY (CUSCO, CUSCO) || SAN JERONIMO (CUSCO, CUSCO) || SAN SEBASTIAN (CUSCO, CUSCO) || SANTIAGO (CUSCO, CUSCO) || SAYLLA (CUSCO, CUSCO) || WANCHAQ (CUSCO, CUSCO) || ANTA (ANTA, CUSCO) || CACHIMAYO (ANTA, CUSCO) || PUCYURA (ANTA, CUSCO) || CALCA (CALCA, CUSCO) || COYA (CALCA, CUSCO) || LAMAY (CALCA, CUSCO) || PISAC (CALCA, CUSCO) || SAN SALVADOR (CALCA, CUSCO) || TARAY (CALCA, CUSCO) || HUANOQUITE (PARURO, CUSCO) || YAURISQUE (PARURO, CUSCO) || CHINCHERO (URUBAMBA, CUSCO) || HUAYLLABAMBA (URUBAMBA, CUSCO)"
Intervención 2024,15,080101,"CUSCO (CUSCO, CUSCO)",2,alfalfa,249,161,21,"CUSCO (CUSCO, CUSCO) || CCORCA (CUSCO, CUSCO) || POROY (CUSCO, CUSCO) || SAN JERONIMO (CUSCO, CUSCO) || SAN SEBASTIAN (CUSCO, CUSCO) || SANTIAGO (CUSCO, CUSCO) || SAYLLA (CUSCO, CUSCO) || WANCHAQ (CUSCO, CUSCO) || ANTA (ANTA, CUSCO) || CACHIMAYO (ANTA, CUSCO) || PUCYURA (ANTA, CUSCO) || CALCA (CALCA, CUSCO) || COYA (CALCA, CUSCO) || LAMAY (CALCA, CUSCO) || PISAC (CALCA, CUSCO) || SAN SALVADOR (CALCA, CUSCO) || TARAY (CALCA, CUSCO) || HUANOQUITE (PARURO, CUSCO) || YAURISQUE (PARURO, CUSCO) || CHINCHERO (URUBAMBA, CUSCO) || HUAYLLABAMBA (URUBAMBA, CUSCO)"
Intervención 2024,15,080101,"CUSCO (CUSCO, CUSCO)",3,papa nativa,209,209,21,"CUSCO (CUSCO, CUSCO) || CCORCA (CUSCO, CUSCO) || POROY (CUSCO, CUSCO) || SAN JERONIMO (CUSCO, CUSCO) || SAN SEBASTIAN (CUSCO, CUSCO) || SANTIAGO (CUSCO, CUSCO) || SAYLLA (CUSCO, CUSCO) || WANCHAQ (CUSCO, CUSCO) || ANTA (ANTA, CUSCO) || CACHIMAYO (ANTA, CUSCO) || PUCYURA (ANTA, CUSCO) || CALCA (CALCA, CUSCO) || COYA (CALCA, CUSCO) || LAMAY (CALCA, CUSCO) || PISAC (CALCA, CUSCO) || SAN SALVADOR (CALCA, CUSCO) || TARAY (CALCA, CUSCO) || HUANOQUITE (PARURO, CUSCO) || YAURISQUE (PARURO, CUSCO) || CHINCHERO (URUBAMBA, CUSCO) || HUAYLLABAMBA (URUBAMBA, CUSCO)"
Intervención 2024,15,080101,"CUSCO (CUSCO, CUSCO)",4,papa blanca,207,191,21,"CUSCO (CUSCO, CUSCO) || CCORCA (CUSCO, CUSCO) || POROY (CUSCO, CUSCO) || SAN JERONIMO (CUSCO, CUSCO) || SAN SEBASTIAN (CUSCO, CUSCO) || SANTIAGO (CUSCO, CUSCO) || SAYLLA (CUSCO, CUSCO) || WANCHAQ (CUSCO, CUSCO) || ANTA (ANTA, CUSCO) || CACHIMAYO (ANTA, CUSCO) || PUCYURA (ANTA, CUSCO) || CALCA (CALCA, CUSCO) || COYA (CALCA, CUSCO) || LAMAY (CALCA, CUSCO) || PISAC (CALCA, CUSCO) || SAN SALVADOR (CALCA, CUSCO) || TARAY (CALCA, CUSCO) || HUANOQUITE (PARURO, CUSCO) || YAURISQUE (PARURO, CUSCO) || CHINCHERO (URUBAMBA, CUSCO) || HUAYLLABAMBA (URUBAMBA, CUSCO)"
Intervención 2024,15,080101,"CUSCO (CUSCO, CUSCO)",5,haba grano seco,156,180,21,"CUSCO (CUSCO, CUSCO) || CCORCA (CUSCO, CUSCO) || POROY (CUSCO, CUSCO) || SAN JERONIMO (CUSCO, CUSCO) || SAN SEBASTIAN (CUSCO, CUSCO) || SANTIAGO (CUSCO, CUSCO) || SAYLLA (CUSCO, CUSCO) || WANCHAQ (CUSCO, CUSCO) || ANTA (ANTA, CUSCO) || CACHIMAYO (ANTA, CUSCO) || PUCYURA (ANTA, CUSCO) || CALCA (CALCA, CUSCO) || COYA (CALCA, CUSCO) || LAMAY (CALCA, CUSCO) || PISAC (CALCA, CUSCO) || SAN SALVADOR (CALCA, CUSCO) || TARAY (CALCA, CUSCO) || HUANOQUITE (PARURO, CUSCO) || YAURISQUE (PARURO, CUSCO) || CHINCHERO (URUBAMBA, CUSCO) || HUAYLLABAMBA (URUBAMBA, CUSCO)"
Intervención 2024,15,080708,"VELILLE (CHUMBIVILCAS, CUSCO)",1,papa nativa,78,40,4,"SANTO TOMAS (CHUMBIVILCAS, CUSCO) || CHAMACA (CHUMBIVILCAS, CUSCO) || LIVITACA (CHUMBIVILCAS, CUSCO) || VELILLE (CHUMBIVILCAS, CUSCO)"
Intervención 2024,15,080708,"VELILLE (CHUMBIVILCAS, CUSCO)",2,avena forrajera,45,14,4,"SANTO TOMAS (CHUMBIVILCAS, CUSCO) || CHAMACA (CHUMBIVILCAS, CUSCO) || LIVITACA (CHUMBIVILCAS, CUSCO) || VELILLE (CHUMBIVILCAS, CUSCO)"
Intervención 2024,15,080708,"VELILLE (CHUMBIVILCAS, CUSCO)",3,cebada grano,38,1,4,"SANTO TOMAS (CHUMBIVILCAS, CUSCO) || CHAMACA (CHUMBIVILCAS, CUSCO) || LIVITACA (CHUMBIVILCAS, CUSCO) || VELILLE (CHUMBIVILCAS, CUSCO)"
Intervención 2024,15,080708,"VELILLE (CHUMBIVILCAS, CUSCO)",4,maiz amilaceo,31,20,4,"SANTO TOMAS (CHUMBIVILCAS, CUSCO) || CHAMACA (CHUMBIVILCAS, CUSCO) || LIVITACA (CHUMBIVILCAS, CUSCO) || VELILLE (CHUMBIVILCAS, CUSCO)"
Intervención 2024,15,080708,"VELILLE (CHUMBIVILCAS, CUSCO)",5,pasto natural manejado,28,7,4,"SANTO TOMAS (CHUMBIVILCAS, CUSCO) || CHAMACA (CHUMBIVILCAS, CUSCO) || LIVITACA (CHUMBIVILCAS, CUSCO) || VELILLE (CHUMBIVILCAS, CUSCO)"
Intervención 2024,15,080902,"ECHARATE (LA CONVENCION, CUSCO)",1,platano,16,57,3,"ECHARATE (LA CONVENCION, CUSCO) || QUELLOUNO (LA CONVENCION, CUSCO) || MEGANTONI (LA CONVENCION, CUSCO)"
Intervención 2024,15,080902,"ECHARATE (LA CONVENCION, CUSCO)",2,maiz amarillo duro,11,20,3,"ECHARATE (LA CONVENCION, CUSCO) || QUELLOUNO (LA CONVENCION, CUSCO) || MEGANTONI (LA CONVENCION, CUSCO)"
Intervención 2024,15,080902,"ECHARATE (LA CONVENCION, CUSCO)",3,yuca,10,18,3,"ECHARATE (LA CONVENCION, CUSCO) || QUELLOUNO (LA CONVENCION, CUSCO) || MEGANTONI (LA CONVENCION, CUSCO)"
Intervención 2024,15,080902,"ECHARATE (LA CONVENCION, CUSCO)",4,cafe pergamino,7,28,3,"ECHARATE (LA CONVENCION, CUSCO) || QUELLOUNO (LA CONVENCION, CUSCO) || MEGANTONI (LA CONVENCION, CUSCO)"
Intervención 2024,15,080902,"ECHARATE (LA CONVENCION, CUSCO)",5,achiote,6,16,3,"ECHARATE (LA CONVENCION, CUSCO) || QUELLOUNO (LA CONVENCION, CUSCO) || MEGANTONI (LA CONVENCION, CUSCO)"
Intervención 2024,15,090101,"HUANCAVELICA (HUANCAVELICA, HUANCAVELICA)",1,papa blanca,29,29,8,"HUANCAVELICA (HUANCAVELICA, HUANCAVELICA) || HUACHOCOLPA (HUANCAVELICA, HUANCAVELICA) || NUEVO OCCORO (HUANCAVELICA, HUANCAVELICA) || PALCA (HUANCAVELICA, HUANCAVELICA) || YAULI (HUANCAVELICA, HUANCAVELICA) || ASCENSION (HUANCAVELICA, HUANCAVELICA) || HUANDO (HUANCAVELICA, HUANCAVELICA) || SANTA ANA (CASTROVIRREYNA, HUANCAVELICA)"
Intervención 2024,15,090101,"HUANCAVELICA (HUANCAVELICA, HUANCAVELICA)",2,cebada grano,8,27,8,"HUANCAVELICA (HUANCAVELICA, HUANCAVELICA) || HUACHOCOLPA (HUANCAVELICA, HUANCAVELICA) || NUEVO OCCORO (HUANCAVELICA, HUANCAVELICA) || PALCA (HUANCAVELICA, HUANCAVELICA) || YAULI (HUANCAVELICA, HUANCAVELICA) || ASCENSION (HUANCAVELICA, HUANCAVELICA) || HUANDO (HUANCAVELICA, HUANCAVELICA) || SANTA ANA (CASTROVIRREYNA, HUANCAVELICA)"
Intervención 2024,15,090101,"HUANCAVELICA (HUANCAVELICA, HUANCAVELICA)",3,rye grass,8,12,8,"HUANCAVELICA (HUANCAVELICA, HUANCAVELICA) || HUACHOCOLPA (HUANCAVELICA, HUANCAVELICA) || NUEVO OCCORO (HUANCAVELICA, HUANCAVELICA) || PALCA (HUANCAVELICA, HUANCAVELICA) || YAULI (HUANCAVELICA, HUANCAVELICA) || ASCENSION (HUANCAVELICA, HUANCAVELICA) || HUANDO (HUANCAVELICA, HUANCAVELICA) || SANTA ANA (CASTROVIRREYNA, HUANCAVELICA)"
Intervención 2024,15,090101,"HUANCAVELICA (HUANCAVELICA, HUANCAVELICA)",4,alfalfa,6,21,8,"HUANCAVELICA (HUANCAVELICA, HUANCAVELICA) || HUACHOCOLPA (HUANCAVELICA, HUANCAVELICA) || NUEVO OCCORO (HUANCAVELICA, HUANCAVELICA) || PALCA (HUANCAVELICA, HUANCAVELICA) || YAULI (HUANCAVELICA, HUANCAVELICA) || ASCENSION (HUANCAVELICA, HUANCAVELICA) || HUANDO (HUANCAVELICA, HUANCAVELICA) || SANTA ANA (CASTROVIRREYNA, HUANCAVELICA)"
Intervención 2024,15,090101,"HUANCAVELICA (HUANCAVELICA, HUANCAVELICA)",5,papa color,6,28,8,"HUANCAVELICA (HUANCAVELICA, HUANCAVELICA) || HUACHOCOLPA (HUANCAVELICA, HUANCAVELICA) || NUEVO OCCORO (HUANCAVELICA, HUANCAVELICA) || PALCA (HUANCAVELICA, HUANCAVELICA) || YAULI (HUANCAVELICA, HUANCAVELICA) || ASCENSION (HUANCAVELICA, HUANCAVELICA) || HUANDO (HUANCAVELICA, HUANCAVELICA) || SANTA ANA (CASTROVIRREYNA, HUANCAVELICA)"
Intervención 2024,15,120129,"SAN AGUSTIN (HUANCAYO, JUNIN)",1,maiz amilaceo,147,331,32,"HUANCAYO (HUANCAYO, JUNIN) || CHILCA (HUANCAYO, JUNIN) || EL TAMBO (HUANCAYO, JUNIN) || HUALHUAS (HUANCAYO, JUNIN) || HUANCAN (HUANCAYO, JUNIN) || HUAYUCACHI (HUANCAYO, JUNIN) || INGENIO (HUANCAYO, JUNIN) || PILCOMAYO (HUANCAYO, JUNIN) || QUICHUAY (HUANCAYO, JUNIN) || QUILCAS (HUANCAYO, JUNIN) || SAN AGUSTIN (HUANCAYO, JUNIN) || SAN JERONIMO DE TUNAN (HUANCAYO, JUNIN) || SAÑO (HUANCAYO, JUNIN) || SAPALLANGA (HUANCAYO, JUNIN) || SICAYA (HUANCAYO, JUNIN) || CONCEPCION (CONCEPCION, JUNIN) || ACO (CONCEPCION, JUNIN) || CHAMBARA (CONCEPCION, JUNIN) || HEROINAS TOLEDO (CONCEPCION, JUNIN) || MANZANARES (CONCEPCION, JUNIN) || MATAHUASI (CONCEPCION, JUNIN) || MITO (CONCEPCION, JUNIN) || NUEVE DE JULIO (CONCEPCION, JUNIN) || ORCOTUNA (CONCEPCION, JUNIN) || SANTA ROSA DE OCOPA (CONCEPCION, JUNIN) || CHUPACA (CHUPACA, JUNIN) || AHUAC (CHUPACA, JUNIN) || CHONGOS BAJO (CHUPACA, JUNIN) || HUACHAC (CHUPACA, JUNIN) || HUAMANCACA CHICO (CHUPACA, JUNIN) || SAN JUAN DE ISCOS (CHUPACA, JUNIN) || TRES DE DICIEMBRE (CHUPACA, JUNIN)"
Intervención 2024,15,120129,"SAN AGUSTIN (HUANCAYO, JUNIN)",2,cebada grano,93,58,32,"HUANCAYO (HUANCAYO, JUNIN) || CHILCA (HUANCAYO, JUNIN) || EL TAMBO (HUANCAYO, JUNIN) || HUALHUAS (HUANCAYO, JUNIN) || HUANCAN (HUANCAYO, JUNIN) || HUAYUCACHI (HUANCAYO, JUNIN) || INGENIO (HUANCAYO, JUNIN) || PILCOMAYO (HUANCAYO, JUNIN) || QUICHUAY (HUANCAYO, JUNIN) || QUILCAS (HUANCAYO, JUNIN) || SAN AGUSTIN (HUANCAYO, JUNIN) || SAN JERONIMO DE TUNAN (HUANCAYO, JUNIN) || SAÑO (HUANCAYO, JUNIN) || SAPALLANGA (HUANCAYO, JUNIN) || SICAYA (HUANCAYO, JUNIN) || CONCEPCION (CONCEPCION, JUNIN) || ACO (CONCEPCION, JUNIN) || CHAMBARA (CONCEPCION, JUNIN) || HEROINAS TOLEDO (CONCEPCION, JUNIN) || MANZANARES (CONCEPCION, JUNIN) || MATAHUASI (CONCEPCION, JUNIN) || MITO (CONCEPCION, JUNIN) || NUEVE DE JULIO (CONCEPCION, JUNIN) || ORCOTUNA (CONCEPCION, JUNIN) || SANTA ROSA DE OCOPA (CONCEPCION, JUNIN) || CHUPACA (CHUPACA, JUNIN) || AHUAC (CHUPACA, JUNIN) || CHONGOS BAJO (CHUPACA, JUNIN) || HUACHAC (CHUPACA, JUNIN) || HUAMANCACA CHICO (CHUPACA, JUNIN) || SAN JUAN DE ISCOS (CHUPACA, JUNIN) || TRES DE DICIEMBRE (CHUPACA, JUNIN)"
Intervención 2024,15,120129,"SAN AGUSTIN (HUANCAYO, JUNIN)",3,papa blanca,89,149,32,"HUANCAYO (HUANCAYO, JUNIN) || CHILCA (HUANCAYO, JUNIN) || EL TAMBO (HUANCAYO, JUNIN) || HUALHUAS (HUANCAYO, JUNIN) || HUANCAN (HUANCAYO, JUNIN) || HUAYUCACHI (HUANCAYO, JUNIN) || INGENIO (HUANCAYO, JUNIN) || PILCOMAYO (HUANCAYO, JUNIN) || QUICHUAY (HUANCAYO, JUNIN) || QUILCAS (HUANCAYO, JUNIN) || SAN AGUSTIN (HUANCAYO, JUNIN) || SAN JERONIMO DE TUNAN (HUANCAYO, JUNIN) || SAÑO (HUANCAYO, JUNIN) || SAPALLANGA (HUANCAYO, JUNIN) || SICAYA (HUANCAYO, JUNIN) || CONCEPCION (CONCEPCION, JUNIN) || ACO (CONCEPCION, JUNIN) || CHAMBARA (CONCEPCION, JUNIN) || HEROINAS TOLEDO (CONCEPCION, JUNIN) || MANZANARES (CONCEPCION, JUNIN) || MATAHUASI (CONCEPCION, JUNIN) || MITO (CONCEPCION, JUNIN) || NUEVE DE JULIO (CONCEPCION, JUNIN) || ORCOTUNA (CONCEPCION, JUNIN) || SANTA ROSA DE OCOPA (CONCEPCION, JUNIN) || CHUPACA (CHUPACA, JUNIN) || AHUAC (CHUPACA, JUNIN) || CHONGOS BAJO (CHUPACA, JUNIN) || HUACHAC (CHUPACA, JUNIN) || HUAMANCACA CHICO (CHUPACA, JUNIN) || SAN JUAN DE ISCOS (CHUPACA, JUNIN) || TRES DE DICIEMBRE (CHUPACA, JUNIN)"
Intervención 2024,15,120129,"SAN AGUSTIN (HUANCAYO, JUNIN)",4,alfalfa,82,122,32,"HUANCAYO (HUANCAYO, JUNIN) || CHILCA (HUANCAYO, JUNIN) || EL TAMBO (HUANCAYO, JUNIN) || HUALHUAS (HUANCAYO, JUNIN) || HUANCAN (HUANCAYO, JUNIN) || HUAYUCACHI (HUANCAYO, JUNIN) || INGENIO (HUANCAYO, JUNIN) || PILCOMAYO (HUANCAYO, JUNIN) || QUICHUAY (HUANCAYO, JUNIN) || QUILCAS (HUANCAYO, JUNIN) || SAN AGUSTIN (HUANCAYO, JUNIN) || SAN JERONIMO DE TUNAN (HUANCAYO, JUNIN) || SAÑO (HUANCAYO, JUNIN) || SAPALLANGA (HUANCAYO, JUNIN) || SICAYA (HUANCAYO, JUNIN) || CONCEPCION (CONCEPCION, JUNIN) || ACO (CONCEPCION, JUNIN) || CHAMBARA (CONCEPCION, JUNIN) || HEROINAS TOLEDO (CONCEPCION, JUNIN) || MANZANARES (CONCEPCION, JUNIN) || MATAHUASI (CONCEPCION, JUNIN) || MITO (CONCEPCION, JUNIN) || NUEVE DE JULIO (CONCEPCION, JUNIN) || ORCOTUNA (CONCEPCION, JUNIN) || SANTA ROSA DE OCOPA (CONCEPCION, JUNIN) || CHUPACA (CHUPACA, JUNIN) || AHUAC (CHUPACA, JUNIN) || CHONGOS BAJO (CHUPACA, JUNIN) || HUACHAC (CHUPACA, JUNIN) || HUAMANCACA CHICO (CHUPACA, JUNIN) || SAN JUAN DE ISCOS (CHUPACA, JUNIN) || TRES DE DICIEMBRE (CHUPACA, JUNIN)"
Intervención 2024,15,120129,"SAN AGUSTIN (HUANCAYO, JUNIN)",5,maiz choclo,43,93,32,"HUANCAYO (HUANCAYO, JUNIN) || CHILCA (HUANCAYO, JUNIN) || EL TAMBO (HUANCAYO, JUNIN) || HUALHUAS (HUANCAYO, JUNIN) || HUANCAN (HUANCAYO, JUNIN) || HUAYUCACHI (HUANCAYO, JUNIN) || INGENIO (HUANCAYO, JUNIN) || PILCOMAYO (HUANCAYO, JUNIN) || QUICHUAY (HUANCAYO, JUNIN) || QUILCAS (HUANCAYO, JUNIN) || SAN AGUSTIN (HUANCAYO, JUNIN) || SAN JERONIMO DE TUNAN (HUANCAYO, JUNIN) || SAÑO (HUANCAYO, JUNIN) || SAPALLANGA (HUANCAYO, JUNIN) || SICAYA (HUANCAYO, JUNIN) || CONCEPCION (CONCEPCION, JUNIN) || ACO (CONCEPCION, JUNIN) || CHAMBARA (CONCEPCION, JUNIN) || HEROINAS TOLEDO (CONCEPCION, JUNIN) || MANZANARES (CONCEPCION, JUNIN) || MATAHUASI (CONCEPCION, JUNIN) || MITO (CONCEPCION, JUNIN) || NUEVE DE JULIO (CONCEPCION, JUNIN) || ORCOTUNA (CONCEPCION, JUNIN) || SANTA ROSA DE OCOPA (CONCEPCION, JUNIN) || CHUPACA (CHUPACA, JUNIN) || AHUAC (CHUPACA, JUNIN) || CHONGOS BAJO (CHUPACA, JUNIN) || HUACHAC (CHUPACA, JUNIN) || HUAMANCACA CHICO (CHUPACA, JUNIN) || SAN JUAN DE ISCOS (CHUPACA, JUNIN) || TRES DE DICIEMBRE (CHUPACA, JUNIN)"
Intervención 2024,15,130109,"SALAVERRY (TRUJILLO, LA LIBERTAD)",1,palto,31,36,4,"LAREDO (TRUJILLO, LA LIBERTAD) || MOCHE (TRUJILLO, LA LIBERTAD) || SALAVERRY (TRUJILLO, LA LIBERTAD) || VIRU (VIRU, LA LIBERTAD)"
Intervención 2024,15,130109,"SALAVERRY (TRUJILLO, LA LIBERTAD)",2,esparrago,25,6,4,"LAREDO (TRUJILLO, LA LIBERTAD) || MOCHE (TRUJILLO, LA LIBERTAD) || SALAVERRY (TRUJILLO, LA LIBERTAD) || VIRU (VIRU, LA LIBERTAD)"
Intervención 2024,15,130109,"SALAVERRY (TRUJILLO, LA LIBERTAD)",3,cebada grano,20,11,4,"LAREDO (TRUJILLO, LA LIBERTAD) || MOCHE (TRUJILLO, LA LIBERTAD) || SALAVERRY (TRUJILLO, LA LIBERTAD) || VIRU (VIRU, LA LIBERTAD)"
Intervención 2024,15,130109,"SALAVERRY (TRUJILLO, LA LIBERTAD)",4,pacae,13,9,4,"LAREDO (TRUJILLO, LA LIBERTAD) || MOCHE (TRUJILLO, LA LIBERTAD) || SALAVERRY (TRUJILLO, LA LIBERTAD) || VIRU (VIRU, LA LIBERTAD)"
Intervención 2024,15,130109,"SALAVERRY (TRUJILLO, LA LIBERTAD)",5,platano,13,12,4,"LAREDO (TRUJILLO, LA LIBERTAD) || MOCHE (TRUJILLO, LA LIBERTAD) || SALAVERRY (TRUJILLO, LA LIBERTAD) || VIRU (VIRU, LA LIBERTAD)"
Intervención 2024,15,140113,"REQUE (CHICLAYO, LAMBAYEQUE)",1,arroz cascara,30,69,14,"CHICLAYO (CHICLAYO, LAMBAYEQUE) || ETEN (CHICLAYO, LAMBAYEQUE) || ETEN PUERTO (CHICLAYO, LAMBAYEQUE) || JOSE LEONARDO ORTIZ (CHICLAYO, LAMBAYEQUE) || LA VICTORIA (CHICLAYO, LAMBAYEQUE) || LAGUNAS (CHICLAYO, LAMBAYEQUE) || MONSEFU (CHICLAYO, LAMBAYEQUE) || PICSI (CHICLAYO, LAMBAYEQUE) || PIMENTEL (CHICLAYO, LAMBAYEQUE) || REQUE (CHICLAYO, LAMBAYEQUE) || SANTA ROSA (CHICLAYO, LAMBAYEQUE) || SAÑA (CHICLAYO, LAMBAYEQUE) || POMALCA (CHICLAYO, LAMBAYEQUE) || TUMAN (CHICLAYO, LAMBAYEQUE)"
Intervención 2024,15,140113,"REQUE (CHICLAYO, LAMBAYEQUE)",2,camote,24,63,14,"CHICLAYO (CHICLAYO, LAMBAYEQUE) || ETEN (CHICLAYO, LAMBAYEQUE) || ETEN PUERTO (CHICLAYO, LAMBAYEQUE) || JOSE LEONARDO ORTIZ (CHICLAYO, LAMBAYEQUE) || LA VICTORIA (CHICLAYO, LAMBAYEQUE) || LAGUNAS (CHICLAYO, LAMBAYEQUE) || MONSEFU (CHICLAYO, LAMBAYEQUE) || PICSI (CHICLAYO, LAMBAYEQUE) || PIMENTEL (CHICLAYO, LAMBAYEQUE) || REQUE (CHICLAYO, LAMBAYEQUE) || SANTA ROSA (CHICLAYO, LAMBAYEQUE) || SAÑA (CHICLAYO, LAMBAYEQUE) || POMALCA (CHICLAYO, LAMBAYEQUE) || TUMAN (CHICLAYO, LAMBAYEQUE)"
Intervención 2024,15,140113,"REQUE (CHICLAYO, LAMBAYEQUE)",3,alfalfa,18,29,14,"CHICLAYO (CHICLAYO, LAMBAYEQUE) || ETEN (CHICLAYO, LAMBAYEQUE) || ETEN PUERTO (CHICLAYO, LAMBAYEQUE) || JOSE LEONARDO ORTIZ (CHICLAYO, LAMBAYEQUE) || LA VICTORIA (CHICLAYO, LAMBAYEQUE) || LAGUNAS (CHICLAYO, LAMBAYEQUE) || MONSEFU (CHICLAYO, LAMBAYEQUE) || PICSI (CHICLAYO, LAMBAYEQUE) || PIMENTEL (CHICLAYO, LAMBAYEQUE) || REQUE (CHICLAYO, LAMBAYEQUE) || SANTA ROSA (CHICLAYO, LAMBAYEQUE) || SAÑA (CHICLAYO, LAMBAYEQUE) || POMALCA (CHICLAYO, LAMBAYEQUE) || TUMAN (CHICLAYO, LAMBAYEQUE)"
Intervención 2024,15,140113,"REQUE (CHICLAYO, LAMBAYEQUE)",4,platano,8,16,14,"CHICLAYO (CHICLAYO, LAMBAYEQUE) || ETEN (CHICLAYO, LAMBAYEQUE) || ETEN PUERTO (CHICLAYO, LAMBAYEQUE) || JOSE LEONARDO ORTIZ (CHICLAYO, LAMBAYEQUE) || LA VICTORIA (CHICLAYO, LAMBAYEQUE) || LAGUNAS (CHICLAYO, LAMBAYEQUE) || MONSEFU (CHICLAYO, LAMBAYEQUE) || PICSI (CHICLAYO, LAMBAYEQUE) || PIMENTEL (CHICLAYO, LAMBAYEQUE) || REQUE (CHICLAYO, LAMBAYEQUE) || SANTA ROSA (CHICLAYO, LAMBAYEQUE) || SAÑA (CHICLAYO, LAMBAYEQUE) || POMALCA (CHICLAYO, LAMBAYEQUE) || TUMAN (CHICLAYO, LAMBAYEQUE)"
Intervención 2024,15,140113,"REQUE (CHICLAYO, LAMBAYEQUE)",5,maiz chala,7,2,14,"CHICLAYO (CHICLAYO, LAMBAYEQUE) || ETEN (CHICLAYO, LAMBAYEQUE) || ETEN PUERTO (CHICLAYO, LAMBAYEQUE) || JOSE LEONARDO ORTIZ (CHICLAYO, LAMBAYEQUE) || LA VICTORIA (CHICLAYO, LAMBAYEQUE) || LAGUNAS (CHICLAYO, LAMBAYEQUE) || MONSEFU (CHICLAYO, LAMBAYEQUE) || PICSI (CHICLAYO, LAMBAYEQUE) || PIMENTEL (CHICLAYO, LAMBAYEQUE) || REQUE (CHICLAYO, LAMBAYEQUE) || SANTA ROSA (CHICLAYO, LAMBAYEQUE) || SAÑA (CHICLAYO, LAMBAYEQUE) || POMALCA (CHICLAYO, LAMBAYEQUE) || TUMAN (CHICLAYO, LAMBAYEQUE)"
Intervención 2024,15,180104,"SAMEGUA (MARISCAL NIETO, MOQUEGUA)",1,alfalfa,199,330,4,"MOQUEGUA (MARISCAL NIETO, MOQUEGUA) || SAMEGUA (MARISCAL NIETO, MOQUEGUA) || TORATA (MARISCAL NIETO, MOQUEGUA) || SAN ANTONIO (MARISCAL NIETO, MOQUEGUA)"
Intervención 2024,15,180104,"SAMEGUA (MARISCAL NIETO, MOQUEGUA)",2,palto,170,235,4,"MOQUEGUA (MARISCAL NIETO, MOQUEGUA) || SAMEGUA (MARISCAL NIETO, MOQUEGUA) || TORATA (MARISCAL NIETO, MOQUEGUA) || SAN ANTONIO (MARISCAL NIETO, MOQUEGUA)"
Intervención 2024,15,180104,"SAMEGUA (MARISCAL NIETO, MOQUEGUA)",3,pacae,90,154,4,"MOQUEGUA (MARISCAL NIETO, MOQUEGUA) || SAMEGUA (MARISCAL NIETO, MOQUEGUA) || TORATA (MARISCAL NIETO, MOQUEGUA) || SAN ANTONIO (MARISCAL NIETO, MOQUEGUA)"
Intervención 2024,15,180104,"SAMEGUA (MARISCAL NIETO, MOQUEGUA)",4,manzano,86,124,4,"MOQUEGUA (MARISCAL NIETO, MOQUEGUA) || SAMEGUA (MARISCAL NIETO, MOQUEGUA) || TORATA (MARISCAL NIETO, MOQUEGUA) || SAN ANTONIO (MARISCAL NIETO, MOQUEGUA)"
Intervención 2024,15,180104,"SAMEGUA (MARISCAL NIETO, MOQUEGUA)",5,guayabo,70,92,4,"MOQUEGUA (MARISCAL NIETO, MOQUEGUA) || SAMEGUA (MARISCAL NIETO, MOQUEGUA) || TORATA (MARISCAL NIETO, MOQUEGUA) || SAN ANTONIO (MARISCAL NIETO, MOQUEGUA)"
Intervención 2024,15,200603,"IGNACIO ESCUDERO (SULLANA, PIURA)",1,arroz cascara,152,155,8,"AMOTAPE (PAITA, PIURA) || LA HUACA (PAITA, PIURA) || TAMARINDO (PAITA, PIURA) || VICHAYAL (PAITA, PIURA) || IGNACIO ESCUDERO (SULLANA, PIURA) || MARCAVELICA (SULLANA, PIURA) || MIGUEL CHECA (SULLANA, PIURA) || LA BREA (TALARA, PIURA)"
Intervención 2024,15,200603,"IGNACIO ESCUDERO (SULLANA, PIURA)",2,platano,62,39,8,"AMOTAPE (PAITA, PIURA) || LA HUACA (PAITA, PIURA) || TAMARINDO (PAITA, PIURA) || VICHAYAL (PAITA, PIURA) || IGNACIO ESCUDERO (SULLANA, PIURA) || MARCAVELICA (SULLANA, PIURA) || MIGUEL CHECA (SULLANA, PIURA) || LA BREA (TALARA, PIURA)"
Intervención 2024,15,200603,"IGNACIO ESCUDERO (SULLANA, PIURA)",3,camote,8,10,8,"AMOTAPE (PAITA, PIURA) || LA HUACA (PAITA, PIURA) || TAMARINDO (PAITA, PIURA) || VICHAYAL (PAITA, PIURA) || IGNACIO ESCUDERO (SULLANA, PIURA) || MARCAVELICA (SULLANA, PIURA) || MIGUEL CHECA (SULLANA, PIURA) || LA BREA (TALARA, PIURA)"
Intervención 2024,15,200603,"IGNACIO ESCUDERO (SULLANA, PIURA)",4,maiz choclo,8,1,8,"AMOTAPE (PAITA, PIURA) || LA HUACA (PAITA, PIURA) || TAMARINDO (PAITA, PIURA) || VICHAYAL (PAITA, PIURA) || IGNACIO ESCUDERO (SULLANA, PIURA) || MARCAVELICA (SULLANA, PIURA) || MIGUEL CHECA (SULLANA, PIURA) || LA BREA (TALARA, PIURA)"
Intervención 2024,15,200603,"IGNACIO ESCUDERO (SULLANA, PIURA)",5,yuca,4,8,8,"AMOTAPE (PAITA, PIURA) || LA HUACA (PAITA, PIURA) || TAMARINDO (PAITA, PIURA) || VICHAYAL (PAITA, PIURA) || IGNACIO ESCUDERO (SULLANA, PIURA) || MARCAVELICA (SULLANA, PIURA) || MIGUEL CHECA (SULLANA, PIURA) || LA BREA (TALARA, PIURA)"
