ANIO,UBIGEO,UBIGEO_DISTRITO,TIPO_PROYECTO,TIPO_MERCADO,NOMBRE_TIPO_MERCADO,N MERCADOS,INVERSION,NOMBRE_MERCADO,CUIN,DESCRIPCION PROYECTO
2013,080401,080401 CUSCO_CALCA_CALCA,Nuevo Mercado,3,Mixto,3,"549,988.00",MERCADO PEQUEÐOS PRODUCTORES EN EL SECTOR SAN JOSE  DE URCO,2108564,"CONSTRUCCION DEL MERCADO PEQUEÐOS PRODUCTORES EN EL SECTOR SAN JOSE  DE URCO, DISTRITO DE CALCA, PROVINCIA DE CALCA - CUSCO"
2013,211204,211204 PUNO_SANDIA_PATAMBUCO,Nuevo Mercado,2,Minorista,1,"148,500.00","MERCADO DE PATAMBUCO,",2134394,"CONSTRUCCION DEL MERCADO DE PATAMBUCO, DISTRITO DE PATAMBUCO - SANDIA - PUNO"
2014,060601,060601 CAJAMARCA_CUTERVO_CUTERVO,Nuevo Mercado,3,Mixto,4,"352,222.00",MERCADO DE ABASTOS DEL C.P. MAMABAMBA,2120281,"CONSTRUCCION DE MERCADO DE ABASTOS DEL C.P. MAMABAMBA, PROVINCIA DE CUTERVO - CAJAMARCA"
2014,060601,060601 CAJAMARCA_CUTERVO_CUTERVO,Nuevo Mercado,2,Minorista,4,"402,311.83",MERCADO DE ABASTOS EN EL CENTRO POBLADO SINCHIMACHE,2219344,"CREACION DEL MERCADO DE ABASTOS EN EL CENTRO POBLADO SINCHIMACHE, DISTRITO CUTERVO, PROVINCIA DE CUTERVO - CAJAMARCA"
2014,060102,060102 CAJAMARCA_CAJAMARCA_ASUNCION,Nuevo Mercado,2,Minorista,1,"3,663,445.42",MERCADO MUNICIPAL DE ASUNCION,2219346,"CREACION DEL MERCADO MUNICIPAL DE ASUNCION, DISTRITO DE ASUNCION - CAJAMARCA - CAJAMARCA"
2014,130202,130202 LA LIBERTAD_ASCOPE_CHICAMA,Mejora,2,Minorista,3,"2,049,985.64",MERCADO DE ABASTOS CHICAMA,2185348,"MEJORAMIENTO DEL MERCADO MUNICIPAL DEL CENTRO POBLADO  SAUSAL, DISTRITO DE CHICAMA - ASCOPE - LA LIBERTAD"
2014,060401,060401 CAJAMARCA_CHOTA_CHOTA,Mejora,2,Minorista,2,"39,884.00",MERCADO MODELO DE CHOTA,2130533,"MEJORAMIENTO MERCADO CENTRAL MUNICIPAL, EN LA CIUDAD DE CHOTA, PROVINCIA DE CHOTA - CAJAMARCA"
2014,140118,140118 LAMBAYEQUE_CHICLAYO_POMALCA,Mejora,2,Minorista,1,"83,026.72",MERCADO ABASTO DE LA LOCALIDAD POMALCA,2191964,"MEJORAMIENTO DE LAS INSTALACIONES DEL MERCADO ABASTO DE LA LOCALIDAD POMALCA, DISTRITO DE POMALCA - CHICLAYO - LAMBAYEQUE"
2014,030602,030602 APURIMAC_CHINCHEROS_ANCO_HUALLO,Mejora,3,Mixto,1,"5,223,433.80",MERCADO DE ABASTOS DE URIPA,2147900,"MEJORAMIENTO E  INSTALACION DE LOS SERVICIOS DE ATENCION EN EL MERCADO DE ABASTOS DE URIPA, DISTRITO DE ANCO_HUALLO - CHINCHEROS - APURIMAC"
2015,060417,060417 CAJAMARCA_CHOTA_TACABAMBA,Mejora,2,Minorista,1,"168,579.56",MERCADO DE TACABAMBA,2161196,"MEJORAMIENTO DEL SERVICIO DE ABASTECIMIENTO Y COMERCIALIZACION DE PRODUCTOS DEL MERCADO DE TACABAMBA , DISTRITO DE TACABAMBA - CHOTA - CAJAMARCA"
2015,080903,080903 CUSCO_LA CONVENCION_HUAYOPATA,Mejora,2,Minorista,1,"3,848,521.00",MERCADO DE ABASTOS EN EL CENTRO POBLADO DE HUYRO,2111107,"CONSTRUCCION DE LA INFRAESTRUCTURA DEL MERCADO DE ABASTOS EN EL CENTRO POBLADO DE HUYRO, DISTRITO DE HUAYOPATA - LA CONVENCION - CUSCO"
2015,200702,200702 PIURA_TALARA_EL ALTO,Mejora,2,Minorista,1,"9,808,947.09",MERCADO DE ABASTOS MUNICIPAL DE LA CIUDAD EL ALTO,2185934,"MEJORAMIENTO DEL MERCADO DE ABASTOS MUNICIPAL DE LA CIUDAD EL ALTO, DISTRITO DE EL ALTO - TALARA - PIURA"
2015,080901,080901 CUSCO_LA CONVENCION_SANTA ANA,Mejora,2,Minorista,2,"5,353,327.00",MERCADO MODELO DE LA CIUDAD DE QUILLABAMBA,2106186,"MEJORAMIENTO DEL MERCADO MODELO DE LA CIUDAD DE QUILLABAMBA, DISTRITO DE SANTA ANA, PROVINCIA DE LA CONVENCION - CUSCO"
2016,080801,080801 CUSCO_ESPINAR_ESPINAR,Mejora,2,Minorista,1,"11,160,799.74",MERCADO CENTRAL DE ESPINAR,2153277,"MEJORAMIENTO DE LAS CONDICIONES DEL SERVICIO DE COMERCIALIZACION DE PRODUCTOS DE LA CANASTA BASICA MEDIANTE LA REMODELACION DEL MERCADO CENTRAL EULOGIO N. ALVAREZ AGUILAR DE LA CIUDAD ESPINAR, PROVINCIA DE ESPINAR - CUSCO"
2016,140306,140306 LAMBAYEQUE_LAMBAYEQUE_MORROPE,Mejora,2,Minorista,1,"356,671.22",MERCADO DE ABASTOS DEL CASERAO LAS PAMPAS,2235577,"MEJORAMIENTO DEL MERCADO DE ABASTOS DEL CASERAO LAS PAMPAS, DISTRITO DE MORROPE - LAMBAYEQUE - LAMBAYEQUE"
2016,200706,200706 PIURA_TALARA_MANCORA,Mejora,2,Minorista,1,"10,618,855.94",MERCADO DE MANCORA,2185431,"MEJORAMIENTO DEL SERVICIO DE COMERCIALIZACION DEL MERCADO MUNICIPAL, DISTRITO DE MANCORA - TALARA - PIURA"
2017,120801,120801 JUNIN_YAULI_LA OROYA,Mejora,3,Mixto,5,"815,433.30",MERCADO TUPAC AMARU,2290102,"MEJORAMIENTO DELSERVICIO DE COMERCIALIZACION DEL MERCADO TUPAC AMARU DEL DISTRITO LA OROYA, PROVINCIA DE YAULI - JUNIN"
2018,020108,020108 ANCASH_HUARAZ_OLLEROS,Nuevo Mercado,3,Mixto,1,"697,307.72",MERCADO DE ABASTOS DEL CENTRO POBLADO  DE HUARIPAMPA,2184806,"CREACION DEL MERCADO DE ABASTOS DEL CENTRO POBLADO  DE HUARIPAMPA DEL DISTRITO DE OLLEROS, PROVINCIA DE HUARAZ - ANCASH"
2018,040520,040520 AREQUIPA_CAYLLOMA_MAJES,Nuevo Mercado,3,Mixto,6,"9,791,677.79",MERCADO DE ABASTOS,2191819,"CREACION DEL MERCADO DE ABASTOS DEL, DISTRITO DE MAJES - CAYLLOMA - AREQUIPA"
2018,130102,130102 LA LIBERTAD_TRUJILLO_EL PORVENIR,Mejora,2,Minorista,11,"313,120.91",MERCADO VIRGEN DEL CARMEN,2213789,"MEJORAMIENTO DEL MERCADO VIRGEN DEL CARMEN DE LA MZ. 12 DEL AA.HH MIGUEL GRAU SECTOR VICTOR RAUL BARRIO 2, DISTRITO DE EL PORVENIR - TRUJILLO - LA LIBERTAD"
2019,101005,101005 HUANUCO_LAURICOCHA_RONDOS,Nuevo Mercado,2,Minorista,1,"2,001,091.23",MERCADO PARA LA PROMOCION DEL COMERCIO INTERNO EN LA LOCALIDAD DE RONDOS,2205189,"CREACION DE INFRAESTRUCTURA DE MERCADO PARA LA PROMOCION DEL COMERCIO INTERNO EN LA LOCALIDAD DE RONDOS, DISTRITO DE RONDOS - LAURICOCHA - HUANUCO"
2019,130905,130905 LA LIBERTAD_SANCHEZ CARRION_MARCABAL,Nuevo Mercado,2,Minorista,1,"307,816.84",MERCADO ZONAL DE PORTACHUELO,2119430,"CONSTRUCCION DE INFRAESTRUCTURA PARA EL MERCADO ZONAL DE PORTACHUELO, CASERIO CACHUR ALTO, DISTRITO DE MARCABAL - SANCHEZ CARRION - LA LIBERTAD"
2019,061101,061101 CAJAMARCA_SAN MIGUEL_SAN MIGUEL,Mejora,3,Mixto,1,"365,175.04",MERCADO MUNICIPAL DE ABASTOS,2178415,"MEJORAMIENTO DEL MERCADO MUNICIPAL DE LA CIUDAD DE SAN MIGUEL DE PALLAQUES, DISTRITO SAN MIGUEL, PROVINCIA DE SAN MIGUEL - CAJAMARCA"
2019,080910,080910 CUSCO_LA CONVENCION_PICHARI,Mejora,2,Minorista,1,"1,411,953.80",MERCADO DE ABASTOS MUNICIPAL EN LA LOCALIDAD DE  PICHARI,2143932,"MEJORAMIENTO DE LA INFRAESTRUCTURA DEL MERCADO DE ABASTOS MUNICIPAL EN LA LOCALIDAD DE  PICHARI , DISTRITO DE PICHARI - LA CONVENCION - CUSCO"
2019,100604,100604 HUANUCO_LEONCIO PRADO_JOSE CRESPO Y CASTILLO,Mejora,2,Minorista,2,"404,354.55",MUNICIPAL DE LA CIUDAD DE AUCAYACU,2163066,"MEJORAMIENTO DEL MERCADO MUNICIPAL DE LA CIUDAD DE AUCAYACU, DISTRITO DE JOSE CRESPO Y CASTILLO - LEONCIO PRADO - HUANUCO"
2019,130601,130601 LA LIBERTAD_OTUZCO_OTUZCO,Mejora,2,Minorista,1,"1,101,108.03",MERCADO MUNICIPAL DE ABASTOS DE LA LOCALIDAD DE OTUZCO,2294094,"MEJORAMIENTO DE LOS SERVICIOS DEL MERCADO MUNICIPAL DE ABASTOS DE LA LOCALIDAD DE OTUZCO, DISTRITO DE OTUZCO, PROVINCIA DE OTUZCO - LA LIBERTAD"
2019,210110,210110 PUNO_PUNO_PAUCARCOLLA,Mejora,3,Mixto,1,"27,729.21",MERCADO DE HUANCANEPATA,2108971,"AMPLIACION DEL MERCADO DE HUANCANEPATA, DISTRITO DE PAUCARCOLLA - PUNO - PUNO"
2020,060807,060807 CAJAMARCA_JAEN_POMAHUACA,Mejora,2,Minorista,1,"521,801.54",MERCADO DE ABASTOS VIRGEN DEL CARMEN,2291478,"MEJORAMIENTO, AMPLIACION DEL MERCADO DE ABASTOS DE POMAHUACA, DISTRITO DE POMAHUACA - JAEN - CAJAMARCA"
2020,080905,080905 CUSCO_LA CONVENCION_OCOBAMBA,Mejora,2,Minorista,1,"2,753,337.00",MERCADO DE ABASTOS DE LA CAPITAL DE OCOBAMBA,2143943,"MEJORAMIENTO Y AMPLIACION DEL MERCADO DE ABASTOS DE LA CAPITAL DE OCOBAMBA, DISTRITO DE OCOBAMBA - LA CONVENCION - CUSCO"
2020,140102,140102 LAMBAYEQUE_CHICLAYO_CHONGOYAPE,Mejora,2,Minorista,1,"15,955,338.00",MERCADO MODELO DE CHONGOYAPE,2331966,"AMPLIACION Y MEJORAMIENTO DEL SERVICIO DE COMERCIALIZACION DEL MERCADO DE CHONGOYAPE, DISTRITO DE CHONGOYAPE - CHICLAYO - LAMBAYEQUE"
2020,,,,,,0,,,,
2021,030101,030101 APURIMAC_ABANCAY_ABANCAY,Mejora,2,Minorista,5,"363,160.18",SERAPIO TELLO URBIOLA,2185097,"INSTALACION, MEJORAMIENTO DE LA INFRAESTRUCTURA SOPORTE DE COBERTURA Y TECHO DEL MERCADO CENTRAL DE LA CIUDAD DE ABANCAY, PROVINCIA DE ABANCAY - APURIMAC"
2021,060701,060701 CAJAMARCA_HUALGAYOC_BAMBAMARCA,Mejora,2,Minorista,2,"383,582.42",MERCADO CENTRAL DE BAMBAMARCA,2286767,"MEJORAMIENTO DE LA PARTE EXTERNA DEL MERCADO CENTRAL DE BAMBAMARCA DISTRITO DE BAMBAMARCA, PROVINCIA DE HUALGAYOC - CAJAMARCA"
2021,081201,081201 CUSCO_QUISPICANCHI_URCOS,Mejora,2,Minorista,2,"8,593,302.98",MERCADO ZONAL DE ABASTOS DE URCOS,2500688,Mejoramiento y ampliación del servicio de comercialización
2021,081201,081201 CUSCO_QUISPICANCHI_URCOS,Mejora,2,Minorista,2,"8,762,823.98",MERCADO ZONAL DE ABASTOS DE URCOS,2500688,Mejoramiento y Ampliación del Servicio de Comercialización del Mercado Zonal de Abastos
2021,090201,090201 HUANCAVELICA_ACOBAMBA_ACOBAMBA,Mejora,3,Mixto,1,"4,911,996.50",MERCADO CHANIN,2498790,Mejoramiento del servicio de comercialización
2021,200107,200107 PIURA_PIURA_CURA MORI,Mejora,2,Minorista,1,"7,352,752.11",MERCADO CURA MORI,2500044,Mejoramiento del servicio de comercialización
2022,060201,060201 CAJAMARCA_CAJABAMBA_CAJABAMBA,Nuevo Mercado,1,Mayorista,1,"2,510,652.32",SUPERMERCADO MUNICIPAL PAMPA CHICA,2486713,"Adquisición de contenedores de residuos sólidos, construcción de cámara de frigorífico."
2022,040123,040123 AREQUIPA_AREQUIPA_TIABAYA,Mejora,3,Mixto,1,"358,296.30",MERCADO MUNICIPAL,2186226,"MEJORAMIENTO DEL MERCADO MUNICIPAL, DISTRITO DE TIABAYA - AREQUIPA - AREQUIPA"
2022,140102,140102 LAMBAYEQUE_CHICLAYO_CHONGOYAPE,Mejora,2,Minorista,1,"7,986,010.66",MERCADO MODELO DE CHONGOYAPE,2499326,Mejoramiento del servicio de comercialización
2022,140102,140102 LAMBAYEQUE_CHICLAYO_CHONGOYAPE,Mejora,2,Minorista,1,"7,830,798.66",MERCADO MODELO DE CHONGOYAPE,2499326,Mejoramiento del Servicio de Comercialización del Mercado Modelo de Chongoyape
2022,140110,140110 LAMBAYEQUE_CHICLAYO_OYOTUN,Mejora,2,Minorista,1,"500,000.00",MERCADO DE ABASTOS OYOTUN,2175850,"MEJORAMIENTO DEL MERCADO DE ABASTOS DE LA LOCALIDAD DE OYOTUN, DISTRITO DE OYOTUN - CHICLAYO - LAMBAYEQUE"
2022,140110,140110 LAMBAYEQUE_CHICLAYO_OYOTUN,Mejora,2,Minorista,1,"26,575.00",MERCADO DE ABASTOS OYOTUN,2152576,"MEJORAMIENTO DEL MERCADO DE ABASTOS OYOTUN, DISTRITO DE OYOTUN - CHICLAYO - LAMBAYEQUE"
2023,040124,040124 AREQUIPA_AREQUIPA_UCHUMAYO,Nuevo Mercado,3,Mixto,1,"4,610,386.47",MERCADO DE ABASTOS EN UPIS EL CARMEN DE CONGATA,2246539,"CREACION DE MERCADO DE ABASTOS EN UPIS EL CARMEN DE CONGATA, DISTRITO DE UCHUMAYO - AREQUIPA - AREQUIPA"
2023,211207,211207 PUNO_SANDIA_SAN JUAN DEL ORO,Nuevo Mercado,3,Mixto,1,"7,968,179.33",MERCADO DE ABASTOS EN LA LOCALIDAD DE SAN JUAN DEL ORO DEL,2155872,"CREACION DEL MERCADO DE ABASTOS EN LA LOCALIDAD DE SAN JUAN DEL ORO DEL, DISTRITO DE SAN JUAN DEL ORO - SANDIA - PUNO"
2023,200104,200104 PIURA_PIURA_CASTILLA,Mejora,2,Minorista,3,"5,038,316.00","MERCADO DE CASTILLA, DISTRITO DE CASTILLA",2154296,"REHABILITACION Y MEJORAMIENTO DEL MERCADO DE CASTILLA, DISTRITO DE CASTILLA - PIURA - PIURA"
2023,240101,240101 TUMBES_TUMBES_TUMBES,Mejora,2,Minorista,3,"102,209.80",MERCADO 8 DE SETIEMBRE,2492466,Mejoramiento y Ampliación del Servicio de Comercialización del Mercado 8 de Setiembre
2024,080902,080902 CUSCO_LA CONVENCION_ECHARATE,Nuevo Mercado,3,Mixto,2,"4,927,553.28",MERCADO MUNICIPAL DEL CENTRO POBLADO DE KEPASHIATO,2133037,"CONSTRUCCION DEL MERCADO MUNICIPAL DEL CENTRO POBLADO DE KEPASHIATO, DISTRITO DE ECHARATE - LA CONVENCION - CUSCO"
2024,040501,040501 AREQUIPA_CAYLLOMA_CHIVAY,Mejora,2,Minorista,2,"4,963,822.00",MERCADO EL PORVENIR,2217563,"AMPLIACION, MEJORAMIENTO DEL MERCADO DE ABASTOS EN EL DISTRITO DE CHIVAY, PROVINCIA DE CAYLLOMA - AREQUIPA"
2024,080101,080101 CUSCO_CUSCO_CUSCO,Mejora,3,Mixto,8,"40,983,975.73",MERCADO CASCCAPARO,2551511,Mejoramiento y Ampliación del Servicio de Accesibilidad a la Adquisición de Productos de Primera Necesidad del Mercado de Abastos de Ccasccaparo
2024,080708,080708 CUSCO_CHUMBIVILCAS_VELILLE,Mejora,2,Minorista,1,"10,564,776.79",MERCADO MODELO DE VELILLE,2526980,Mejoramiento de los Servicios de Comercialización en el Mercado de Abastos de Velille
2024,090101,090101 HUANCAVELICA_HUANCAVELICA_HUANCAVELICA,Mejora,2,Minorista,1,"11,126,480.49",MERCADO DE ABASTOS DE HUANCAVELICA,2217379,Ampliación y Mejoramiento del Mercado de Abastos del Distrito de Huancavelica
2024,120129,120129 JUNIN_HUANCAYO_SAN AGUSTIN,Mejora,2,Minorista,1,"11,853,789.08",MERCADO SAN AGUSTIN DE CAJAS,2499852,Mejoramiento y Ampliación del Servicio de Comercialización del Mercado de Abastos
2024,130109,130109 LA LIBERTAD_TRUJILLO_SALAVERRY,Mejora,2,Minorista,1,"11,872,699.48",MERCADO DE ABASTOS SALAVERRY,2518601,Mejoramiento y Ampliación del Servicio de Comercialización del Mercado de Abastos de Salaverry
2024,140113,140113 LAMBAYEQUE_CHICLAYO_REQUE,Mejora,2,Minorista,1,"16,189,547.86",MERCADO DE ABASTOS,2539059,Mejoramiento del Servicio de Comercialización de Mercado de Abastos de la Ciudad de Reque
2024,180104,180104 MOQUEGUA_MARISCAL NIETO_SAMEGUA,Mejora,2,Minorista,1,"4,764,282.47",MERCADO DE SAMEGUA,2501098,Mejoramiento del Servicio de Comercialización del Mercado de Abastos Samegua
2024,200603,200603 PIURA_SULLANA_IGNACIO ESCUDERO,Mejora,3,Mixto,1,"11,514,218.74",MERCADO DE ABASTOS,2500154,Mejoramiento del Servicio de Comercialización del Mercado de Abastos San Jacinto