UBIGEO,N_MERCADOS_2017,N_MERCADOS_2022,N_MERCADOS_2023
010101,3,3,3
010102,0,0,0
010103,0,0,0
010104,0,0,0
010105,0,0,0
010106,0,0,0
010107,0,0,0
010108,0,0,0
010109,0,0,0
010110,1,1,1
010111,0,0,0
010112,0,0,0
010113,0,0,0
010114,0,0,0
010115,0,0,0
010116,0,0,0
010117,0,0,0
010118,0,0,0
010119,0,0,0
010120,0,0,0
010121,0,0,0
010201,1,1,1
010202,1,1,1
010203,0,0,0
010204,0,0,0
010205,2,2,2
010206,2,2,2
010301,0,0,0
010302,0,0,0
010303,0,0,0
010304,0,0,0
010305,0,0,0
010306,0,0,0
010307,2,2,2
010308,0,0,0
010309,0,0,0
010310,0,0,0
010311,0,0,0
010312,0,0,0
010401,1,1,1
010402,0,0,0
010403,0,0,0
010501,1,1,1
010502,0,0,0
010503,0,0,0
010504,0,0,0
010505,1,1,1
010506,0,0,0
010507,0,0,0
010508,0,0,0
010509,1,1,1
010510,0,0,0
010511,0,0,0
010512,0,0,0
010513,0,0,0
010514,0,0,0
010515,0,0,0
010516,0,0,0
010517,0,0,0
010518,0,0,0
010519,0,0,0
010520,0,0,0
010521,0,0,0
010522,0,0,0
010601,1,1,1
010602,0,0,0
010603,0,0,0
010604,1,1,1
010605,0,0,0
010606,0,0,0
010607,0,0,0
010608,0,0,0
010609,0,0,0
010610,0,0,0
010611,0,0,0
010612,0,0,0
010701,5,5,5
010702,1,1,1
010703,1,1,1
010704,0,0,0
010705,0,0,0
010706,1,1,1
010707,0,0,0
020101,5,5,5
020102,0,0,0
020103,0,0,0
020104,0,0,0
020105,2,2,2
020106,0,0,0
020107,0,0,0
020108,0,1,1
020108,0,1,1
020109,0,0,0
020110,0,0,0
020111,0,0,0
020112,1,1,1
020201,1,1,1
020202,0,0,0
020203,0,0,0
020204,0,0,0
020205,0,0,0
020301,0,0,0
020302,0,0,0
020303,0,0,0
020304,0,0,0
020305,0,0,0
020306,0,0,0
020401,1,1,1
020402,1,1,1
020501,1,1,1
020502,0,0,0
020503,1,1,1
020504,0,0,0
020505,0,0,0
020506,0,0,0
020507,1,1,1
020508,1,1,1
020510,0,0,0
020511,0,0,0
020512,0,0,0
020513,0,0,0
020514,0,0,0
020515,0,0,0
020601,1,1,1
020602,0,0,0
020604,0,0,0
020605,0,0,0
020606,1,1,1
020607,1,1,1
020608,0,0,0
020609,0,0,0
020610,0,0,0
020611,0,0,0
020701,1,1,1
020702,0,0,0
020703,0,0,0
020801,2,2,2
020802,0,0,0
020803,0,0,0
020804,1,1,1
020901,0,0,0
020902,0,0,0
020903,0,0,0
020904,0,0,0
020905,0,0,0
020906,0,0,0
020907,0,0,0
021001,2,2,2
021002,1,1,1
021003,0,0,0
021004,0,0,0
021005,0,0,0
021007,0,0,0
021008,0,0,0
021009,0,0,0
021010,0,0,0
021011,0,0,0
021012,0,0,0
021013,0,0,0
021014,2,2,2
021015,0,0,0
021016,0,0,0
021101,1,1,1
021102,0,0,0
021103,0,0,0
021104,0,0,0
021105,0,0,0
021201,3,3,3
021202,0,0,0
021203,0,0,0
021204,1,1,1
021205,1,1,1
021206,1,1,1
021208,0,0,0
021209,0,0,0
021210,0,0,0
021301,0,0,0
021302,0,0,0
021303,0,0,0
021304,0,0,0
021305,0,0,0
021306,0,0,0
021307,0,0,0
021308,0,0,0
021402,0,0,0
021403,0,0,0
021404,0,0,0
021405,0,0,0
021406,0,0,0
021407,0,0,0
021408,0,0,0
021409,0,0,0
021410,0,0,0
021501,1,1,1
021502,0,0,0
021503,0,0,0
021504,0,0,0
021505,0,0,0
021506,0,0,0
021507,0,0,0
021508,0,0,0
021509,0,0,0
021510,0,0,0
021511,0,0,0
021601,2,2,2
021602,0,0,0
021603,0,0,0
021604,0,0,0
021701,1,1,1
021702,0,0,0
021703,0,0,0
021704,0,0,0
021705,0,0,0
021706,0,0,0
021707,0,0,0
021708,0,0,0
021709,0,0,0
021801,32,32,32
021802,1,1,1
021803,1,1,1
021804,0,0,0
021805,1,1,1
021806,3,3,3
021807,1,1,1
021808,6,6,6
021809,19,19,19
021901,2,2,2
021902,0,0,0
021903,0,0,0
021904,0,0,0
021905,0,0,0
021906,0,0,0
021907,0,0,0
021908,0,0,0
021909,0,0,0
021910,0,0,0
022001,1,1,1
022002,0,0,0
022003,1,1,1
022004,0,0,0
022005,0,0,0
022006,0,0,0
022007,0,0,0
022008,0,0,0
030101,5,5,5
030101,5,5,5
030102,0,0,0
030103,0,0,0
030104,1,1,1
030105,0,0,0
030107,0,0,0
030108,0,0,0
030109,1,1,1
030201,2,2,2
030202,0,0,0
030203,0,0,0
030204,1,1,1
030205,0,0,0
030206,0,0,0
030207,0,0,0
030208,0,0,0
030209,0,0,0
030210,0,0,0
030211,0,0,0
030212,0,0,0
030213,0,0,0
030214,0,0,0
030215,1,1,1
030216,1,1,1
030217,0,0,0
030218,0,0,0
030219,0,0,0
030220,0,0,0
030301,0,0,0
030302,0,0,0
030303,0,0,0
030304,1,1,1
030305,0,0,0
030306,0,0,0
030307,0,0,0
030401,1,1,1
030402,0,0,0
030403,0,0,0
030404,0,0,0
030405,0,0,0
030406,0,0,0
030408,0,0,0
030409,0,0,0
030410,0,0,0
030411,0,0,0
030412,0,0,0
030413,0,0,0
030414,0,0,0
030415,0,0,0
030416,0,0,0
030417,0,0,0
030501,1,1,1
030502,0,0,0
030503,1,1,1
030504,0,0,0
030505,1,1,1
030506,1,1,1
030601,1,1,1
030602,1,1,1
030602,1,1,1
030603,0,0,0
030604,0,0,0
030605,1,1,1
030606,0,0,0
030607,0,0,0
030608,0,0,0
030609,0,0,0
030610,0,0,0
030611,0,0,0
030701,1,1,1
030702,0,0,0
030703,0,0,0
030704,0,0,0
030705,0,0,0
030706,0,0,0
030708,0,0,0
030710,0,0,0
030712,1,1,1
030713,0,0,0
030714,0,0,0
040101,8,8,8
040102,4,4,4
040103,6,6,6
040104,13,13,13
040106,0,0,0
040107,4,4,4
040108,2,2,2
040109,5,5,5
040110,7,7,7
040111,0,0,0
040112,13,13,13
040113,0,0,0
040114,0,0,0
040115,0,0,0
040116,0,0,0
040117,0,0,0
040118,0,0,0
040119,0,0,0
040120,0,0,0
040121,1,1,1
040122,1,1,1
040123,1,1,1
040123,1,1,1
040124,0,0,1
040124,0,0,1
040125,0,0,0
040126,2,2,2
040127,0,0,0
040128,2,2,2
040129,19,19,19
040201,2,2,2
040202,0,0,0
040203,0,0,0
040204,1,1,1
040205,0,0,0
040206,0,0,0
040208,1,1,1
040301,0,0,0
040302,0,0,0
040303,1,1,1
040304,0,0,0
040305,0,0,0
040306,0,0,0
040307,1,1,1
040308,0,0,0
040309,0,0,0
040310,0,0,0
040311,0,0,0
040312,0,0,0
040313,0,0,0
040401,1,1,1
040402,0,0,0
040403,0,0,0
040404,0,0,0
040405,0,0,0
040407,0,0,0
040408,0,0,0
040409,1,1,1
040410,0,0,0
040411,0,0,0
040412,0,0,0
040413,1,1,1
040414,0,0,0
040501,2,2,2
040501,2,2,2
040502,0,0,0
040503,0,0,0
040504,0,0,0
040505,1,1,1
040506,0,0,0
040507,0,0,0
040508,0,0,0
040509,0,0,0
040510,0,0,0
040511,0,0,0
040512,0,0,0
040513,0,0,0
040514,0,0,0
040517,0,0,0
040518,0,0,0
040519,0,0,0
040520,5,6,6
040520,5,6,6
040601,0,0,0
040602,0,0,0
040603,0,0,0
040604,0,0,0
040605,0,0,0
040606,0,0,0
040607,0,0,0
040608,0,0,0
040701,5,5,5
040702,1,1,1
040703,1,1,1
040704,1,1,1
040705,1,1,1
040706,1,1,1
040802,0,0,0
040803,0,0,0
040804,0,0,0
040805,0,0,0
040806,0,0,0
040807,0,0,0
040808,0,0,0
040809,0,0,0
040810,0,0,0
040811,0,0,0
050101,14,14,14
050102,0,0,0
050103,0,0,0
050104,1,1,1
050105,0,0,0
050106,0,0,0
050107,0,0,0
050108,1,1,1
050109,0,0,0
050110,2,2,2
050111,0,0,0
050112,0,0,0
050113,0,0,0
050114,0,0,0
050115,1,1,1
050116,1,1,1
050201,0,0,0
050202,0,0,0
050203,0,0,0
050204,0,0,0
050205,0,0,0
050206,0,0,0
050301,1,1,1
050302,0,0,0
050303,0,0,0
050304,0,0,0
050401,1,1,1
050402,0,0,0
050403,0,0,0
050404,0,0,0
050405,1,1,1
050406,0,0,0
050407,1,1,1
050408,0,0,0
050409,0,0,0
050410,0,0,0
050411,0,0,0
050412,0,0,0
050501,1,1,1
050502,0,0,0
050503,1,1,1
050504,0,0,0
050505,0,0,0
050506,0,0,0
050507,1,1,1
050508,1,1,1
050509,1,1,1
050510,0,0,0
050511,0,0,0
050601,3,3,3
050602,0,0,0
050603,1,1,1
050604,1,1,1
050605,0,0,0
050606,0,0,0
050607,0,0,0
050608,0,0,0
050609,0,0,0
050610,0,0,0
050611,0,0,0
050612,0,0,0
050613,0,0,0
050614,0,0,0
050615,0,0,0
050616,0,0,0
050617,0,0,0
050618,0,0,0
050619,0,0,0
050620,0,0,0
050621,0,0,0
050701,1,1,1
050702,0,0,0
050703,0,0,0
050704,0,0,0
050705,0,0,0
050706,0,0,0
050707,0,0,0
050708,0,0,0
050801,2,2,2
050802,0,0,0
050803,0,0,0
050804,0,0,0
050805,0,0,0
050806,0,0,0
050807,0,0,0
050808,0,0,0
050809,0,0,0
050810,0,0,0
050901,0,0,0
050902,0,0,0
050903,0,0,0
050904,0,0,0
050905,0,0,0
050906,0,0,0
050907,0,0,0
050908,0,0,0
050909,0,0,0
050910,0,0,0
050911,0,0,0
051001,0,0,0
051002,0,0,0
051004,0,0,0
051005,0,0,0
051006,0,0,0
051007,0,0,0
051008,0,0,0
051009,0,0,0
051010,0,0,0
051011,0,0,0
051012,0,0,0
051101,1,1,1
051102,0,0,0
051103,0,0,0
051104,0,0,0
051105,0,0,0
051106,0,0,0
051107,0,0,0
051108,0,0,0
060101,5,5,5
060102,2,2,2
060102,2,2,2
060103,1,1,1
060105,1,1,1
060106,2,2,2
060107,0,0,0
060108,0,0,0
060109,1,1,1
060110,1,1,1
060111,1,1,1
060112,1,1,1
060201,0,1,1
060201,0,1,1
060202,1,1,1
060203,0,0,0
060204,0,0,0
060301,2,2,2
060302,0,0,0
060303,1,1,1
060304,1,1,1
060305,0,0,0
060306,0,0,0
060307,2,2,2
060308,1,1,1
060309,1,1,1
060310,0,0,0
060311,0,0,0
060312,1,1,1
060401,2,2,2
060401,2,2,2
060402,0,0,0
060403,0,0,0
060404,0,0,0
060405,0,0,0
060406,1,1,1
060407,1,1,1
060408,0,0,0
060409,1,1,1
060410,1,1,1
060411,0,0,0
060412,0,0,0
060414,0,0,0
060415,0,0,0
060416,0,0,0
060417,1,1,1
060417,1,1,1
060418,0,0,0
060419,1,1,1
060501,1,1,1
060502,1,1,1
060503,0,0,0
060504,0,0,0
060506,0,0,0
060507,0,0,0
060508,1,1,1
060601,5,5,5
060601,5,5,5
060602,1,1,1
060603,0,0,0
060604,0,0,0
060605,0,0,0
060606,1,1,1
060607,1,1,1
060608,0,0,0
060609,0,0,0
060610,0,0,0
060611,0,0,0
060612,0,0,0
060613,0,0,0
060614,1,1,1
060615,0,0,0
060701,2,2,2
060701,2,2,2
060702,0,0,0
060801,4,4,4
060802,1,1,1
060803,0,0,0
060804,0,0,0
060805,0,0,0
060806,0,0,0
060807,1,1,1
060807,1,1,1
060808,1,1,1
060809,1,1,1
060810,0,0,0
060811,0,0,0
060812,1,1,1
060901,1,1,1
060902,1,1,1
060903,0,0,0
060904,0,0,0
060905,0,0,0
060906,0,0,0
060907,0,0,0
061001,1,1,1
061002,0,0,0
061003,0,0,0
061004,0,0,0
061005,0,0,0
061006,0,0,0
061007,0,0,0
061101,1,1,1
061101,1,1,1
061102,0,0,0
061103,0,0,0
061104,0,0,0
061105,0,0,0
061106,0,0,0
061107,0,0,0
061108,0,0,0
061109,1,1,1
061111,0,0,0
061112,0,0,0
061113,0,0,0
061201,1,1,1
061202,0,0,0
061203,0,0,0
061204,0,0,0
061301,1,1,1
061302,0,0,0
061303,0,0,0
061304,0,0,0
061305,0,0,0
061306,0,0,0
061307,0,0,0
061308,0,0,0
061309,0,0,0
061310,0,0,0
061311,1,1,1
070101,76,76,76
070102,12,12,12
070103,3,3,3
070104,16,16,16
070105,1,1,1
070106,53,53,53
070107,7,7,7
080101,8,8,8
080101,8,8,8
080102,0,0,0
080103,0,0,0
080104,2,2,2
080105,8,8,8
080106,5,5,5
080107,0,0,0
080108,3,3,3
080201,1,1,1
080202,0,0,0
080203,0,0,0
080204,0,0,0
080205,1,1,1
080206,0,0,0
080207,0,0,0
080301,2,2,2
080302,0,0,0
080303,0,0,0
080304,0,0,0
080305,0,0,0
080306,0,0,0
080307,0,0,0
080308,1,1,1
080309,1,1,1
080401,3,3,3
080401,3,3,3
080402,1,1,1
080403,0,0,0
080404,0,0,0
080405,1,1,1
080406,0,0,0
080408,0,0,0
080501,0,0,0
080502,0,0,0
080503,0,0,0
080504,1,1,1
080505,0,0,0
080506,0,0,0
080507,0,0,0
080508,0,0,0
080601,1,1,1
080603,1,1,1
080604,1,1,1
080605,1,1,1
080607,0,0,0
080608,0,0,0
080701,1,1,1
080702,0,0,0
080703,0,0,0
080705,0,0,0
080706,0,0,0
080707,0,0,0
080708,1,1,1
080708,1,1,1
080801,1,1,1
080801,1,1,1
080802,0,0,0
080803,0,0,0
080804,0,0,0
080805,0,0,0
080806,0,0,0
080807,0,0,0
080808,0,0,0
080901,2,2,2
080901,2,2,2
080902,1,1,1
080902,1,1,1
080903,1,1,1
080903,1,1,1
080904,1,1,1
080905,0,1,1
080905,0,1,1
080906,1,1,1
080907,1,1,1
080908,1,1,1
080910,1,1,1
080910,1,1,1
080911,0,0,0
080912,0,0,0
080913,0,0,0
080914,0,0,0
081001,1,1,1
081002,0,0,0
081003,0,0,0
081004,0,0,0
081005,0,0,0
081006,0,0,0
081007,0,0,0
081008,0,0,0
081009,0,0,0
081101,1,1,1
081102,0,0,0
081103,1,1,1
081104,0,0,0
081105,0,0,0
081201,1,2,2
081201,1,2,2
081202,1,1,1
081203,1,1,1
081204,0,0,0
081205,0,0,0
081206,1,1,1
081207,0,0,0
081208,1,1,1
081209,0,0,0
081210,1,1,1
081211,0,0,0
081212,1,1,1
081301,2,2,2
081302,0,0,0
081303,1,1,1
081304,1,1,1
081305,0,0,0
081306,1,1,1
081307,1,1,1
090101,1,1,1
090102,0,0,0
090103,0,0,0
090104,0,0,0
090105,0,0,0
090106,0,0,0
090107,0,0,0
090108,0,0,0
090109,0,0,0
090110,0,0,0
090111,0,0,0
090112,1,1,1
090113,0,0,0
090114,0,0,0
090115,0,0,0
090116,0,0,0
090117,0,0,0
090118,0,0,0
090119,0,0,0
090201,1,1,1
090201,1,1,1
090202,0,0,0
090203,0,0,0
090204,0,0,0
090205,0,0,0
090206,1,1,1
090207,0,0,0
090208,0,0,0
090301,1,1,1
090302,0,0,0
090303,0,0,0
090304,0,0,0
090305,0,0,0
090306,0,0,0
090307,0,0,0
090308,0,0,0
090309,0,0,0
090310,0,0,0
090311,0,0,0
090401,1,1,1
090402,0,0,0
090403,0,0,0
090404,0,0,0
090405,0,0,0
090406,0,0,0
090407,0,0,0
090408,0,0,0
090409,0,0,0
090410,0,0,0
090411,0,0,0
090412,0,0,0
090413,0,0,0
090501,1,1,1
090502,0,0,0
090503,0,0,0
090504,0,0,0
090505,0,0,0
090506,0,0,0
090507,0,0,0
090508,0,0,0
090509,0,0,0
090510,0,0,0
090511,0,0,0
090601,0,0,0
090602,0,0,0
090603,0,0,0
090604,0,0,0
090605,0,0,0
090606,0,0,0
090607,0,0,0
090608,0,0,0
090609,0,0,0
090610,0,0,0
090611,0,0,0
090612,0,0,0
090613,0,0,0
090614,0,0,0
090615,0,0,0
090616,0,0,0
090701,0,0,0
090702,0,0,0
090703,1,1,1
090704,0,0,0
090705,1,1,1
090706,0,0,0
090707,0,0,0
090709,0,0,0
090710,0,0,0
090711,0,0,0
090713,0,0,0
090714,0,0,0
090715,0,0,0
090716,0,0,0
090717,0,0,0
090718,0,0,0
090719,0,0,0
090720,0,0,0
090721,0,0,0
090722,0,0,0
090723,0,0,0
100101,6,6,6
100102,7,7,7
100103,2,2,2
100104,0,0,0
100105,0,0,0
100106,0,0,0
100107,0,0,0
100108,0,0,0
100109,1,1,1
100110,0,0,0
100111,2,2,2
100112,0,0,0
100113,0,0,0
100201,1,1,1
100202,0,0,0
100203,0,0,0
100204,0,0,0
100205,0,0,0
100206,0,0,0
100207,1,1,1
100208,0,0,0
100301,0,0,0
100307,0,0,0
100311,0,0,0
100313,0,0,0
100316,0,0,0
100317,1,1,1
100321,0,0,0
100322,0,0,0
100323,0,0,0
100402,0,0,0
100403,0,0,0
100404,0,0,0
100501,2,2,2
100502,0,0,0
100503,0,0,0
100504,0,0,0
100505,0,0,0
100506,0,0,0
100507,0,0,0
100508,0,0,0
100509,0,0,0
100510,0,0,0
100511,0,0,0
100601,5,5,5
100602,0,0,0
100603,0,0,0
100604,2,2,2
100604,2,2,2
100605,0,0,0
100606,0,0,0
100607,0,0,0
100608,0,0,0
100609,0,0,0
100610,0,0,0
100701,1,1,1
100703,0,0,0
100704,1,1,1
100705,0,0,0
100801,1,1,1
100802,1,1,1
100803,0,0,0
100804,0,0,0
100901,1,1,1
100902,0,0,0
100903,0,0,0
100904,0,0,0
100905,0,0,0
101001,0,0,0
101002,1,1,1
101003,0,0,0
101004,0,0,0
101005,0,1,1
101005,0,1,1
101006,0,0,0
101007,0,0,0
101101,0,0,0
101102,0,0,0
101103,0,0,0
101104,1,1,1
101105,0,0,0
101106,0,0,0
101107,0,0,0
101108,0,0,0
110101,8,8,8
110102,4,4,4
110103,0,0,0
110104,0,0,0
110105,0,0,0
110106,6,6,6
110107,0,0,0
110108,0,0,0
110109,0,0,0
110110,0,0,0
110111,0,0,0
110112,0,0,0
110113,0,0,0
110114,0,0,0
110201,3,3,3
110202,0,0,0
110203,0,0,0
110204,0,0,0
110205,0,0,0
110206,0,0,0
110207,3,3,3
110208,0,0,0
110209,0,0,0
110210,0,0,0
110211,0,0,0
110301,2,2,2
110302,0,0,0
110303,0,0,0
110304,2,2,2
110305,1,1,1
110401,1,1,1
110402,0,0,0
110403,0,0,0
110404,0,0,0
110405,0,0,0
110501,2,2,2
110502,0,0,0
110503,0,0,0
110504,1,1,1
110505,0,0,0
110506,0,0,0
110507,1,1,1
110508,1,1,1
120101,19,19,19
120104,0,0,0
120105,0,0,0
120106,0,0,0
120107,5,5,5
120111,0,0,0
120112,0,0,0
120113,0,0,0
120114,28,28,28
120116,0,0,0
120117,1,1,1
120119,1,1,1
120120,0,0,0
120121,1,1,1
120122,0,0,0
120124,0,0,0
120125,2,2,2
120126,0,0,0
120127,0,0,0
120128,0,0,0
120129,1,1,1
120129,1,1,1
120130,0,0,0
120132,1,1,1
120133,1,1,1
120134,0,0,0
120135,0,0,0
120136,1,1,1
120201,3,3,3
120202,0,0,0
120203,0,0,0
120204,1,1,1
120205,0,0,0
120206,1,1,1
120207,0,0,0
120208,0,0,0
120209,0,0,0
120210,1,1,1
120211,0,0,0
120212,0,0,0
120213,0,0,0
120214,0,0,0
120215,1,1,1
120301,4,4,4
120302,3,3,3
120303,3,3,3
120304,0,0,0
120305,5,5,5
120306,0,0,0
120401,4,4,4
120402,0,0,0
120403,0,0,0
120404,0,0,0
120405,0,0,0
120406,0,0,0
120407,0,0,0
120408,0,0,0
120409,0,0,0
120410,0,0,0
120411,0,0,0
120412,0,0,0
120413,0,0,0
120414,0,0,0
120415,0,0,0
120416,0,0,0
120417,0,0,0
120418,1,1,1
120419,0,0,0
120420,0,0,0
120421,0,0,0
120422,0,0,0
120423,0,0,0
120424,0,0,0
120425,0,0,0
120426,0,0,0
120427,0,0,0
120428,0,0,0
120429,0,0,0
120430,0,0,0
120431,0,0,0
120432,0,0,0
120433,0,0,0
120434,0,0,0
120501,1,1,1
120502,1,1,1
120503,0,0,0
120504,0,0,0
120601,5,5,5
120602,0,0,0
120603,0,0,0
120604,1,1,1
120606,1,1,1
120607,1,1,1
120608,0,0,0
120609,0,0,0
120701,7,7,7
120702,1,1,1
120703,0,0,0
120704,1,1,1
120705,0,0,0
120706,0,0,0
120707,0,0,0
120708,0,0,0
120709,1,1,1
120801,5,5,5
120801,5,5,5
120802,0,0,0
120803,0,0,0
120804,0,0,0
120805,2,2,2
120806,0,0,0
120807,0,0,0
120809,0,0,0
120810,1,1,1
120901,2,2,2
120902,0,0,0
120903,0,0,0
120904,0,0,0
120905,0,0,0
120907,0,0,0
120908,0,0,0
120909,1,1,1
130101,42,42,42
130102,11,11,11
130102,11,11,11
130103,3,3,3
130104,8,8,8
130105,18,18,18
130106,2,2,2
130107,4,4,4
130108,1,1,1
130109,1,1,1
130109,1,1,1
130110,1,1,1
130111,6,6,6
130201,1,1,1
130202,3,3,3
130202,3,3,3
130203,1,1,1
130204,0,0,0
130205,2,2,2
130206,1,1,1
130207,3,3,3
130208,2,2,2
130301,1,1,1
130302,0,0,0
130304,0,0,0
130305,0,0,0
130306,0,0,0
130401,4,4,4
130402,2,2,2
130403,1,1,1
130501,0,0,0
130502,0,0,0
130503,0,0,0
130504,0,0,0
130601,1,1,1
130601,1,1,1
130602,0,0,0
130604,0,0,0
130605,0,0,0
130606,0,0,0
130608,0,0,0
130610,0,0,0
130611,0,0,0
130613,0,0,0
130614,0,0,0
130701,2,2,2
130702,2,2,2
130703,1,1,1
130704,4,4,4
130705,4,4,4
130801,3,3,3
130802,0,0,0
130803,2,2,2
130804,1,1,1
130805,0,0,0
130806,0,0,0
130807,0,0,0
130809,0,0,0
130810,0,0,0
130811,0,0,0
130812,1,1,1
130813,0,0,0
130901,2,2,2
130902,0,0,0
130903,0,0,0
130904,1,1,1
130905,0,1,1
130905,0,1,1
130906,1,1,1
130907,0,0,0
130908,0,0,0
131001,1,1,1
131002,1,1,1
131003,1,1,1
131004,0,0,0
131005,0,0,0
131006,2,2,2
131007,0,0,0
131101,1,1,1
131102,0,0,0
131103,0,0,0
131104,0,0,0
131201,4,4,4
131202,3,3,3
131203,1,1,1
140101,17,17,17
140102,1,1,1
140103,1,1,1
140104,0,0,0
140105,6,6,6
140107,1,1,1
140108,3,3,3
140109,0,0,0
140110,1,1,1
140110,1,1,1
140111,0,0,0
140112,1,1,1
140113,1,1,1
140113,1,1,1
140114,1,1,1
140115,3,3,3
140116,2,2,2
140117,1,1,1
140118,1,1,1
140118,1,1,1
140119,1,1,1
140120,1,1,1
140201,2,2,2
140202,0,0,0
140203,0,0,0
140204,0,0,0
140205,1,1,1
140206,0,0,0
140301,2,2,2
140302,0,0,0
140303,1,1,1
140304,1,1,1
140305,1,1,1
140306,1,1,1
140306,1,1,1
140307,2,2,2
140308,1,1,1
140309,1,1,1
140310,1,1,1
140311,1,1,1
140312,1,1,1
150101,50,50,50
150102,8,8,8
150103,67,67,67
150104,5,5,5
150105,21,21,21
150106,23,23,23
150107,7,7,7
150108,51,51,51
150109,4,4,4
150110,45,45,45
150111,21,21,21
150112,20,20,20
150113,2,2,2
150114,8,8,8
150115,33,33,33
150116,11,11,11
150117,56,56,56
150118,19,19,19
150119,13,13,13
150120,8,8,8
150121,11,11,11
150122,3,3,3
150123,15,15,15
150124,3,3,3
150125,28,28,28
150126,1,1,1
150127,1,1,1
150128,25,25,25
150129,1,1,1
150130,9,9,9
150131,1,1,1
150132,118,118,118
150133,63,63,63
150134,14,14,14
150135,110,110,110
150136,20,20,20
150137,30,30,30
150138,0,0,0
150139,2,2,2
150140,34,34,34
150141,14,14,14
150142,50,50,50
150143,58,58,58
150201,16,16,16
150202,5,5,5
150203,2,2,2
150204,6,6,6
150205,2,2,2
150301,1,1,1
150302,0,0,0
150303,0,0,0
150304,0,0,0
150305,0,0,0
150401,1,1,1
150402,0,0,0
150403,0,0,0
150404,0,0,0
150405,0,0,0
150406,0,0,0
150407,0,0,0
150501,5,5,5
150502,0,0,0
150503,0,0,0
150504,1,1,1
150505,3,3,3
150506,0,0,0
150507,2,2,2
150508,0,0,0
150509,5,5,5
150510,1,1,1
150511,0,0,0
150512,1,1,1
150513,1,1,1
150514,1,1,1
150515,0,0,0
150516,0,0,0
150601,9,9,9
150602,0,0,0
150603,0,0,0
150604,0,0,0
150605,4,4,4
150606,0,0,0
150607,0,0,0
150608,0,0,0
150609,0,0,0
150610,0,0,0
150611,0,0,0
150612,0,0,0
150701,1,1,1
150702,0,0,0
150703,0,0,0
150704,0,0,0
150705,1,1,1
150706,0,0,0
150707,0,0,0
150708,0,0,0
150709,0,0,0
150710,0,0,0
150711,0,0,0
150712,0,0,0
150713,0,0,0
150714,1,1,1
150715,0,0,0
150716,0,0,0
150717,0,0,0
150718,0,0,0
150719,0,0,0
150720,0,0,0
150721,0,0,0
150722,2,2,2
150723,0,0,0
150724,0,0,0
150725,0,0,0
150726,0,0,0
150727,0,0,0
150728,0,0,0
150729,0,0,0
150730,0,0,0
150731,0,0,0
150732,0,0,0
150801,19,19,19
150802,0,0,0
150803,0,0,0
150804,0,0,0
150805,3,3,3
150806,2,2,2
150807,1,1,1
150808,0,0,0
150809,0,0,0
150810,2,2,2
150811,2,2,2
150812,3,3,3
150901,1,1,1
150902,0,0,0
150903,0,0,0
150904,0,0,0
150905,0,0,0
150906,1,1,1
151001,1,1,1
151002,0,0,0
151003,0,0,0
151004,0,0,0
151005,0,0,0
151006,0,0,0
151007,0,0,0
151008,0,0,0
151009,0,0,0
151010,0,0,0
151011,0,0,0
151012,0,0,0
151013,0,0,0
151014,0,0,0
151015,0,0,0
151016,0,0,0
151017,1,1,1
151018,0,0,0
151019,0,0,0
151020,0,0,0
151021,0,0,0
151022,0,0,0
151023,0,0,0
151024,1,1,1
151025,1,1,1
151026,1,1,1
151027,0,0,0
151028,0,0,0
151029,0,0,0
151030,0,0,0
151031,0,0,0
151032,0,0,0
151033,0,0,0
160101,5,5,5
160102,0,0,0
160103,1,1,1
160104,1,1,1
160105,0,0,0
160106,1,1,1
160107,0,0,0
160108,2,2,2
160110,0,0,0
160112,1,1,1
160113,1,1,1
160201,5,5,5
160202,0,0,0
160205,0,0,0
160206,1,1,1
160210,0,0,0
160211,0,0,0
160301,1,1,1
160302,0,0,0
160303,0,0,0
160304,0,0,0
160305,0,0,0
160401,0,0,0
160402,1,1,1
160403,1,1,1
160404,1,1,1
160501,1,1,1
160502,0,0,0
160503,0,0,0
160504,0,0,0
160505,0,0,0
160506,0,0,0
160507,0,0,0
160508,0,0,0
160509,0,0,0
160510,1,1,1
160511,0,0,0
160601,3,3,3
160602,1,1,1
160603,0,0,0
160604,0,0,0
160605,0,0,0
160606,1,1,1
160701,1,1,1
160702,0,0,0
160703,0,0,0
160704,0,0,0
160705,1,1,1
160706,0,0,0
160801,1,1,1
160802,0,0,0
160803,0,0,0
160804,0,0,0
170101,7,7,7
170102,1,1,1
170103,1,1,1
170104,2,2,2
170201,1,1,1
170202,0,0,0
170203,1,1,1
170204,1,1,1
170302,1,1,1
170303,0,0,0
180101,5,5,5
180102,0,0,0
180103,0,0,0
180104,1,1,1
180104,1,1,1
180105,0,0,0
180106,0,0,0
180201,0,0,0
180202,0,0,0
180203,0,0,0
180204,1,1,1
180205,0,0,0
180206,0,0,0
180207,0,0,0
180208,0,0,0
180209,0,0,0
180210,0,0,0
180211,0,0,0
180301,6,6,6
180302,0,0,0
180303,1,1,1
190101,3,3,3
190102,1,1,1
190103,1,1,1
190104,3,3,3
190105,0,0,0
190106,0,0,0
190107,1,1,1
190108,0,0,0
190109,1,1,1
190110,0,0,0
190111,0,0,0
190112,0,0,0
190113,2,2,2
190201,1,1,1
190202,0,0,0
190203,0,0,0
190204,0,0,0
190205,0,0,0
190206,0,0,0
190207,0,0,0
190208,0,0,0
190301,2,2,2
190302,0,0,0
190303,0,0,0
190304,1,1,1
190306,0,0,0
190307,2,2,2
200101,17,17,17
200104,3,3,3
200104,3,3,3
200105,1,1,1
200107,1,1,1
200107,1,1,1
200108,0,0,0
200109,2,2,2
200110,4,4,4
200111,1,1,1
200114,2,2,2
200115,1,1,1
200201,1,1,1
200202,0,0,0
200203,0,0,0
200204,0,0,0
200205,0,0,0
200206,0,0,0
200207,1,1,1
200208,0,0,0
200209,0,0,0
200210,1,1,1
200301,2,2,2
200302,0,0,0
200303,0,0,0
200304,1,1,1
200305,0,0,0
200306,0,0,0
200307,0,0,0
200308,0,0,0
200401,3,3,3
200402,1,1,1
200403,0,0,0
200404,1,1,1
200405,1,1,1
200406,0,0,0
200407,0,0,0
200408,0,0,0
200409,1,1,1
200410,0,0,0
200501,2,2,2
200502,1,1,1
200503,0,0,0
200504,2,2,2
200505,1,1,1
200506,2,2,2
200601,2,2,2
200602,2,2,2
200603,1,1,1
200603,1,1,1
200604,0,0,0
200605,0,0,0
200606,0,0,0
200607,1,1,1
200608,0,0,0
200701,4,4,4
200702,1,1,1
200702,1,1,1
200703,1,1,1
200704,0,0,0
200705,1,1,1
200706,1,1,1
200706,1,1,1
200801,5,5,5
200802,0,0,0
200803,1,1,1
200804,0,0,0
200805,1,1,1
200806,0,0,0
210101,5,5,5
210102,1,1,1
210103,0,0,0
210104,0,0,0
210105,1,1,1
210106,0,0,0
210107,0,0,0
210109,0,0,0
210110,0,1,1
210110,0,1,1
210111,0,0,0
210112,0,0,0
210113,0,0,0
210114,0,0,0
210115,0,0,0
210201,2,2,2
210202,0,0,0
210203,1,1,1
210204,0,0,0
210205,0,0,0
210206,0,0,0
210207,0,0,0
210208,0,0,0
210209,1,1,1
210210,0,0,0
210211,1,1,1
210212,1,1,1
210213,0,0,0
210214,0,0,0
210215,0,0,0
210301,1,1,1
210302,0,0,0
210303,1,1,1
210304,0,0,0
210305,0,0,0
210306,0,0,0
210307,0,0,0
210308,1,1,1
210309,1,1,1
210310,0,0,0
210401,1,1,1
210402,1,1,1
210403,0,0,0
210404,1,1,1
210405,0,0,0
210406,0,0,0
210407,1,1,1
210501,1,1,1
210502,0,0,0
210503,1,1,1
210504,1,1,1
210505,0,0,0
210601,1,1,1
210602,0,0,0
210603,0,0,0
210604,0,0,0
210605,1,1,1
210606,0,0,0
210607,0,0,0
210608,0,0,0
210701,1,1,1
210702,0,0,0
210703,0,0,0
210704,0,0,0
210705,0,0,0
210706,0,0,0
210707,0,0,0
210708,0,0,0
210709,0,0,0
210710,0,0,0
210801,1,1,1
210802,0,0,0
210803,0,0,0
210804,0,0,0
210805,0,0,0
210806,0,0,0
210807,0,0,0
210808,0,0,0
210809,0,0,0
210901,0,0,0
210902,0,0,0
210903,0,0,0
210904,0,0,0
211001,0,0,0
211002,1,1,1
211003,0,0,0
211004,0,0,0
211005,0,0,0
211101,13,13,13
211103,1,1,1
211104,0,0,0
211105,1,1,1
211201,1,1,1
211202,0,0,0
211203,1,1,1
211204,1,1,1
211204,1,1,1
211206,0,0,0
211207,0,0,1
211207,0,0,1
211208,1,1,1
211209,0,0,0
211210,1,1,1
211301,1,1,1
211302,0,0,0
211303,0,0,0
211304,0,0,0
211305,0,0,0
211306,0,0,0
211307,0,0,0
220101,6,6,6
220102,0,0,0
220103,0,0,0
220104,1,1,1
220105,1,1,1
220106,0,0,0
220201,4,4,4
220202,0,0,0
220203,0,0,0
220204,0,0,0
220205,0,0,0
220206,0,0,0
220301,1,1,1
220302,0,0,0
220303,1,1,1
220304,0,0,0
220305,0,0,0
220401,1,1,1
220402,0,0,0
220403,0,0,0
220404,0,0,0
220405,0,0,0
220406,0,0,0
220501,1,1,1
220502,0,0,0
220503,0,0,0
220504,1,1,1
220505,0,0,0
220506,0,0,0
220507,0,0,0
220508,0,0,0
220509,0,0,0
220510,1,1,1
220511,0,0,0
220601,3,3,3
220602,0,0,0
220603,0,0,0
220604,0,0,0
220605,0,0,0
220701,1,1,1
220702,0,0,0
220703,0,0,0
220704,0,0,0
220705,1,1,1
220706,0,0,0
220707,1,1,1
220708,0,0,0
220709,0,0,0
220710,0,0,0
220801,2,2,2
220802,0,0,0
220803,3,3,3
220804,2,2,2
220805,1,1,1
220806,0,0,0
220807,1,1,1
220808,0,0,0
220809,1,1,1
220901,5,5,5
220902,0,0,0
220903,0,0,0
220904,1,1,1
220905,0,0,0
220906,0,0,0
220907,0,0,0
220908,0,0,0
220909,1,1,1
220910,0,0,0
220911,0,0,0
220912,0,0,0
220913,1,1,1
220914,0,0,0
221001,2,2,2
221002,1,1,1
221003,0,0,0
221004,0,0,0
221005,1,1,1
230101,13,13,13
230102,4,4,4
230103,0,0,0
230104,4,4,4
230105,0,0,0
230106,0,0,0
230107,0,0,0
230108,4,4,4
230109,4,4,4
230110,8,8,8
230111,0,0,0
230201,1,1,1
230202,0,0,0
230203,0,0,0
230204,0,0,0
230205,0,0,0
230206,0,0,0
230301,1,1,1
230302,2,2,2
230303,1,1,1
230401,1,1,1
230402,0,0,0
230403,0,0,0
230404,0,0,0
230405,0,0,0
230406,0,0,0
230407,0,0,0
240101,3,3,3
240101,3,3,3
240102,1,1,1
240103,1,1,1
240104,1,1,1
240105,0,0,0
240106,0,0,0
240201,1,1,1
240202,0,0,0
240203,1,1,1
240301,1,1,1
240302,1,1,1
240303,0,0,0
240304,0,0,0
250101,8,8,8
250102,1,1,1
250103,1,1,1
250104,0,0,0
250105,1,1,1
250106,1,1,1
250107,3,3,3
250201,2,2,2
250202,0,0,0
250203,1,1,1
250204,0,0,0
250301,4,4,4
250302,1,1,1
250303,1,1,1
250304,1,1,1
250305,1,1,1
250401,1,1,1