UBIGEO,POBLACION_2017,POBLACION_2022,POBLACION_2023
010101,"32,589","40,274","40,817"
010102,262,276,273
010103,"1,136","1,158","1,147"
010104,642,707,710
010105,585,575,568
010106,"1,781","1,910","1,898"
010107,480,543,546
010108,"1,258","1,500","1,515"
010109,"3,978","3,697","3,558"
010110,"3,620","3,781","3,759"
010111,794,789,781
010112,852,906,903
010113,"1,367","1,586","1,609"
010114,"2,176","2,235","2,218"
010115,496,472,465
010116,375,441,444
010117,769,778,770
010118,295,326,329
010119,580,581,576
010120,"1,224","1,243","1,234"
010121,247,280,283
010201,"27,102","30,479","30,652"
010202,"9,765","9,919","9,770"
010203,"4,595","4,452","4,334"
010204,"1,216","1,273","1,262"
010205,"25,162","33,338","33,812"
010206,"6,260","6,374","6,299"
010301,"1,337","1,283","1,258"
010302,306,313,310
010303,287,298,295
010304,772,835,842
010305,669,662,650
010306,"5,999","6,353","6,321"
010307,"7,580","7,774","7,683"
010308,208,216,213
010309,489,579,592
010310,"1,539","1,716","1,730"
010311,874,775,745
010312,"5,577","5,645","5,581"
010401,"18,626","20,264","19,939"
010402,"9,891","13,122","13,358"
010403,"13,953","18,696","18,978"
010501,"2,227","2,345","2,326"
010502,"6,473","7,644","7,688"
010503,"1,881","1,983","1,948"
010504,"1,853","1,838","1,789"
010505,"1,840","1,875","1,847"
010506,498,451,434
010507,839,860,847
010508,842,817,796
010509,"3,959","4,047","4,004"
010510,388,398,394
010511,744,752,738
010512,"3,556","3,957","3,962"
010513,"3,446","3,641","3,599"
010514,"4,768","4,940","4,862"
010515,"1,316","1,356","1,339"
010516,546,520,505
010517,695,711,699
010518,633,571,547
010519,419,411,399
010520,"1,888","2,189","2,206"
010521,"3,012","2,935","2,865"
010522,"1,265","1,381","1,385"
010523,"1,348","1,459","1,461"
010601,"6,016","6,594","6,629"
010602,"2,498","2,946","2,971"
010603,595,639,642
010604,"2,620","2,515","2,439"
010605,"2,280","2,338","2,290"
010606,"1,631","1,621","1,594"
010607,"1,506","1,519","1,498"
010608,453,405,399
010609,"8,793","10,206","10,273"
010610,512,526,525
010611,282,286,285
010612,"2,812","4,504","4,729"
010701,"50,841","58,947","59,466"
010702,"23,089","23,916","23,574"
010703,"7,855","8,620","8,536"
010704,"5,825","6,551","6,564"
010705,"6,620","7,087","7,012"
010706,"10,080","11,509","11,598"
010707,"2,927","3,249","3,252"
020101,"60,896","69,882","70,410"
020102,"1,639","1,669","1,658"
020103,294,252,245
020104,"1,600","1,608","1,593"
020105,"76,088","90,711","92,336"
020106,"4,781","5,292","5,320"
020107,"1,066","1,095","1,090"
020108,"2,351","2,498","2,493"
020109,956,973,964
020110,"4,606","5,328","5,361"
020111,"3,321","3,456","3,442"
020112,"6,338","7,848","7,992"
020201,"2,017","2,184","2,178"
020202,"1,639","1,538","1,480"
020203,364,327,312
020204,"1,582","1,418","1,366"
020205,714,703,688
020301,"3,288","3,325","3,272"
020302,"1,918","1,863","1,809"
020303,"1,368","1,283","1,254"
020304,"1,851","1,843","1,785"
020305,"4,067","3,986","3,910"
020306,"1,158","1,104","1,078"
020401,"4,563","4,665","4,596"
020402,"2,815","2,792","2,720"
020501,"4,023","3,990","3,924"
020502,244,203,196
020503,994,958,927
020504,"2,062","1,925","1,853"
020505,"1,677","1,899","1,904"
020506,312,246,232
020507,"2,313","2,183","2,104"
020508,"6,468","6,304","6,193"
020509,"1,432","1,210","1,153"
020510,"1,253","1,298","1,256"
020511,457,399,378
020512,492,486,471
020513,917,792,755
020514,495,429,410
020515,658,580,556
020601,"15,122","16,917","17,006"
020602,"2,472","2,820","2,823"
020603,"1,431","1,491","1,473"
020604,"2,365","2,613","2,615"
020605,"1,469","1,628","1,632"
020606,"9,478","11,067","11,167"
020607,"1,381","1,454","1,450"
020608,"2,350","2,498","2,493"
020609,"2,789","2,886","2,872"
020610,"3,335","3,995","4,050"
020611,"2,992","3,300","3,302"
020701,"10,493","10,842","10,694"
020702,"3,131","3,101","3,025"
020703,"4,093","3,982","3,872"
020801,"35,765","42,209","43,067"
020802,"4,831","5,645","5,751"
020803,"2,088","2,375","2,387"
020804,"8,305","9,376","9,483"
020901,"1,677","1,795","1,796"
020902,379,352,336
020903,445,464,453
020904,"2,678","2,901","2,903"
020905,"1,026","1,044","1,024"
020906,634,638,622
020907,693,712,697
021001,"9,178","9,786","9,776"
021002,"1,362","1,371","1,344"
021003,"2,573","2,637","2,619"
021004,"7,971","8,464","8,453"
021005,"1,782","1,830","1,825"
021006,"1,427","1,330","1,294"
021007,"3,307","3,614","3,625"
021008,"2,571","2,737","2,728"
021009,"1,361","1,297","1,264"
021010,"1,561","1,511","1,479"
021011,"2,642","2,647","2,602"
021012,705,764,767
021013,"1,406","1,433","1,415"
021014,"17,033","19,991","20,237"
021015,"2,534","2,724","2,734"
021016,"1,301","1,246","1,223"
021101,"25,117","27,805","28,067"
021102,740,797,786
021103,"3,097","3,424","3,431"
021104,861,950,945
021105,745,742,734
021201,"24,128","27,281","27,376"
021202,960,"1,130","1,139"
021203,"1,344","1,377","1,371"
021204,"1,614","1,682","1,675"
021205,"1,849","1,928","1,905"
021206,"7,804","8,578","8,573"
021207,"6,371","7,001","7,003"
021208,"4,229","4,568","4,559"
021209,"1,055","1,069","1,061"
021210,"1,980","2,239","2,257"
021301,"3,024","3,063","3,025"
021302,"3,668","3,902","3,840"
021303,"1,326","1,394","1,375"
021304,"1,908","1,886","1,825"
021305,"1,020",965,945
021306,"5,629","6,395","6,416"
021307,"2,732","2,787","2,740"
021308,977,994,970
021401,"1,203","1,227","1,204"
021402,656,603,566
021403,300,275,264
021404,472,395,374
021405,"1,421","1,586","1,589"
021406,"1,219","1,287","1,268"
021407,279,225,220
021408,438,383,355
021409,622,458,422
021410,429,458,461
021501,"2,445","2,522","2,484"
021502,986,959,928
021503,"7,391","7,720","7,633"
021504,523,506,492
021505,"1,001","1,059","1,044"
021506,505,494,479
021507,597,607,599
021508,"2,364","2,470","2,440"
021509,"3,980","3,287","3,090"
021510,"1,026","1,133","1,123"
021511,"2,673","2,704","2,648"
021601,"13,834","14,818","14,737"
021602,"2,954","2,936","2,870"
021603,"5,806","6,239","6,151"
021604,"2,200","2,276","2,245"
021701,"4,406","4,374","4,285"
021702,"3,907","3,990","3,941"
021703,409,362,346
021704,620,511,477
021705,912,776,737
021706,"1,608","2,071","2,139"
021707,923,762,716
021708,"1,517","1,768","1,788"
021709,421,412,400
021710,"2,462","2,761","2,768"
021801,"206,213","216,277","215,760"
021802,"4,420","4,736","4,684"
021803,"15,979","17,704","17,743"
021804,"3,125","3,159","3,094"
021805,"8,034","8,791","8,820"
021806,"14,324","14,908","14,904"
021807,"4,770","5,355","5,406"
021808,"19,621","23,318","23,569"
021809,"159,321","189,526","193,571"
021901,"5,411","5,726","5,737"
021902,"1,612","1,572","1,531"
021903,533,466,441
021904,"2,739","2,882","2,840"
021905,905,870,844
021906,"3,518","3,567","3,489"
021907,"2,306","2,310","2,257"
021908,"2,278","2,315","2,263"
021909,"6,187","6,960","6,973"
021910,"1,482","1,423","1,381"
022001,"20,070","22,654","22,812"
022002,"1,674","1,643","1,613"
022003,"6,336","6,821","6,783"
022004,"1,343","1,536","1,544"
022005,"11,629","13,284","13,342"
022006,"2,657","2,981","2,987"
022007,"1,840","1,845","1,814"
022008,"5,292","5,124","5,002"
030101,"69,028","78,681","79,442"
030102,"1,339","1,454","1,457"
030103,"1,866","1,796","1,770"
030104,"16,223","17,128","17,103"
030105,"2,886","2,550","2,432"
030106,"3,002","2,547","2,412"
030107,"2,774","2,471","2,364"
030108,"2,541","2,332","2,246"
030109,"10,861","12,542","12,578"
030201,"42,268","48,053","48,814"
030202,"5,459","5,368","5,294"
030203,"1,186","1,180","1,167"
030204,"5,210","4,654","4,517"
030205,"3,753","3,724","3,676"
030206,750,708,691
030207,"6,023","5,650","5,510"
030208,"3,452","3,022","2,922"
030209,"7,989","8,037","7,914"
030210,"2,199","2,256","2,236"
030211,863,871,862
030212,"2,910","2,955","2,933"
030213,"20,738","22,601","22,660"
030214,"1,613","1,605","1,586"
030215,"8,152","8,373","8,287"
030216,"18,509","20,572","20,773"
030217,"1,864","1,857","1,836"
030218,"3,642","3,660","3,625"
030219,"1,816","1,610","1,564"
030220,"4,081","4,975","5,143"
030301,"2,776","2,747","2,679"
030302,552,607,611
030303,"1,841","2,094","2,111"
030304,"1,711","1,664","1,620"
030305,"2,268","2,259","2,199"
030306,"1,054","1,040","1,016"
030307,"1,108","1,018",978
030401,"4,928","5,208","5,211"
030402,580,554,532
030403,929,844,805
030404,"1,893","1,814","1,759"
030405,693,661,635
030406,"2,570","2,268","2,150"
030407,462,430,413
030408,735,678,655
030409,"1,529","1,371","1,292"
030410,"1,022","1,002",979
030411,769,719,693
030412,"1,107","1,063","1,032"
030413,711,683,656
030414,"1,848","1,828","1,785"
030415,"2,272","2,063","1,964"
030416,"1,278","1,158","1,095"
030417,981,932,901
030501,"10,381","10,660","10,593"
030502,"3,886","4,001","3,984"
030503,"6,586","6,651","6,592"
030504,"9,430","9,474","9,434"
030505,"5,848","6,084","6,059"
030506,"14,525","18,656","18,948"
030601,"5,293","5,443","5,409"
030602,"10,388","10,382","10,218"
030603,"1,728","1,707","1,695"
030604,"6,634","5,389","5,285"
030605,"6,759","6,877","6,786"
030606,"2,344","2,287","2,254"
030607,"2,650","2,717","2,692"
030608,"4,046","4,068","4,016"
030609,"2,689","2,751","2,728"
030610,"1,728","1,743","1,728"
030611,988,"1,040","1,037"
030701,"5,023","5,036","4,907"
030702,"1,936","1,861","1,799"
030703,"2,782","2,476","2,361"
030704,"1,368","1,246","1,191"
030705,858,862,842
030706,935,835,798
030707,798,742,713
030708,"2,945","3,241","3,244"
030709,272,252,242
030710,560,527,507
030711,628,603,584
030712,"1,233","1,326","1,323"
030713,675,583,553
030714,"1,229","1,173","1,135"
040101,"55,437","54,396","54,362"
040102,"85,870","91,755","93,292"
040103,"91,935","108,314","110,831"
040104,"197,954","241,328","247,274"
040105,"12,949","17,706","18,423"
040106,"2,939","3,227","3,279"
040107,"50,164","53,543","54,315"
040108,"32,019","41,181","42,668"
040109,"59,918","67,014","68,105"
040110,"60,589","66,339","67,508"
040111,"4,756","7,727","8,090"
040112,"131,346","137,061","138,046"
040113,445,437,430
040114,837,746,722
040115,"4,784","7,669","8,013"
040116,"4,368","4,745","4,837"
040117,"24,225","29,124","30,126"
040118,611,530,513
040119,"1,377","1,233","1,201"
040120,682,618,601
040121,"6,318","8,156","8,488"
040122,"75,351","85,605","87,750"
040123,"16,191","17,520","17,709"
040124,"14,054","17,404","17,981"
040125,"3,610","4,915","5,116"
040126,"25,417","27,081","27,353"
040127,"1,314","1,638","1,691"
040128,"33,346","45,585","46,837"
040129,"81,829","83,807","84,303"
040201,"13,367","12,379","12,235"
040202,"4,641","4,804","4,843"
040203,"6,997","9,273","9,682"
040204,"6,195","6,562","6,605"
040205,"7,106","7,949","8,047"
040206,"4,171","3,970","3,934"
040207,943,"1,115","1,133"
040208,"15,950","17,046","17,242"
040301,"4,259","4,332","4,372"
040302,"4,923","5,381","5,467"
040303,"5,215","6,271","6,400"
040304,473,455,447
040305,"3,171","2,895","2,858"
040306,610,591,582
040307,"9,240","10,832","11,053"
040308,"3,685","3,516","3,461"
040309,"3,047","3,327","3,382"
040310,"1,532","1,585","1,588"
040311,"1,477","1,625","1,645"
040312,"1,837","1,906","1,909"
040313,"1,877","2,087","2,108"
040401,"8,435","9,023","9,057"
040402,"1,038",977,961
040403,242,216,209
040404,"1,646","1,579","1,547"
040405,947,"1,073","1,093"
040406,702,618,593
040407,"1,472","1,618","1,633"
040408,488,408,383
040409,"8,177","8,667","8,723"
040410,"2,032","1,717","1,647"
040411,432,411,402
040412,207,197,195
040413,"6,266","6,429","6,347"
040414,"1,545","1,456","1,428"
040501,"5,770","5,854","5,821"
040502,841,815,812
040503,"2,096","2,059","2,040"
040504,"1,458","1,307","1,278"
040505,"3,697","3,659","3,635"
040506,"1,089","1,121","1,118"
040507,670,649,643
040508,"1,010",962,958
040509,555,571,567
040510,904,813,795
040511,718,687,680
040512,701,677,672
040513,648,656,652
040514,886,855,843
040515,669,675,673
040516,772,870,896
040517,"1,441","1,482","1,479"
040518,621,581,573
040519,"2,117","2,138","2,122"
040520,"60,108","74,846","76,767"
040601,"3,290","3,336","3,327"
040602,677,671,664
040603,"3,212","3,251","3,238"
040604,675,653,644
040605,595,584,577
040606,"3,263","3,461","3,464"
040607,478,371,351
040608,"3,928","3,840","3,779"
040701,"24,073","26,843","27,013"
040702,"8,347","8,284","8,250"
040703,"6,854","7,255","7,311"
040704,"5,132","5,269","5,298"
040705,"1,172","1,261","1,272"
040706,"6,456","6,448","6,436"
040801,"2,925","2,982","2,983"
040802,"1,849","1,813","1,795"
040803,577,579,575
040804,"1,913","1,798","1,765"
040805,"1,122","1,068","1,050"
040806,"2,342","2,283","2,254"
040807,265,279,280
040808,319,279,267
040809,301,309,307
040810,658,630,617
040811,556,476,459
050101,"99,427","113,761","114,419"
050102,"7,403","9,095","9,193"
050103,"4,383","5,079","5,112"
050104,"28,252","32,402","32,595"
050105,"5,698","6,886","6,951"
050106,"5,373","6,328","6,379"
050107,"3,114","3,654","3,682"
050108,"5,083","5,966","6,012"
050109,"1,403","1,635","1,646"
050110,"49,034","54,933","55,173"
050111,"1,427","1,680","1,693"
050112,"5,952","7,022","7,077"
050113,"5,047","6,187","6,251"
050114,"13,634","16,743","16,922"
050115,"18,492","21,530","21,680"
050116,"28,472","32,000","32,140"
050201,"5,479","5,638","5,533"
050202,"8,321","9,181","9,218"
050203,"7,463","8,152","8,110"
050204,"2,067","1,899","1,835"
050205,"4,104","4,122","4,040"
050206,"3,009","2,830","2,746"
050301,"3,202","3,137","3,123"
050302,"1,826","1,696","1,668"
050303,"1,313","1,262","1,244"
050304,"2,068","2,018","1,996"
050401,"39,517","44,491","44,952"
050402,"1,196",981,940
050403,"4,162","4,028","3,938"
050404,"2,667","2,857","2,853"
050405,"5,490","6,389","6,454"
050406,"3,852","3,553","3,477"
050407,"10,797","11,474","11,331"
050408,"10,058","11,748","11,851"
050409,"3,520","4,646","4,777"
050410,"3,522","3,526","3,443"
050411,"2,523","2,040","1,918"
050412,"2,162","2,143","2,111"
050501,"10,326","8,191","8,239"
050502,"7,969","5,545","5,403"
050503,"9,298","9,874","9,818"
050504,"1,643","1,447","1,391"
050505,"4,218","4,320","4,262"
050506,"1,278","1,380","1,386"
050507,"11,279","12,772","12,820"
050508,"10,173","8,165","7,598"
050509,"9,410","9,020","9,129"
050510,"4,039","4,170","4,087"
050511,"1,020","1,027","1,007"
050601,"13,919","14,517","14,515"
050602,"2,903","2,503","2,444"
050603,"2,189","1,857","1,813"
050604,"1,681","1,391","1,340"
050605,"2,163","2,279","2,272"
050606,"2,554","2,299","2,248"
050607,"1,560","1,449","1,412"
050608,"1,577","1,645","1,633"
050609,"1,094","1,045","1,027"
050610,893,832,812
050611,"2,726","2,590","2,549"
050612,"2,291","2,127","2,084"
050613,"1,866","1,738","1,698"
050614,791,841,838
050615,"1,718","1,802","1,794"
050616,967,971,963
050617,"2,653","2,584","2,556"
050618,927,841,822
050619,"4,778","4,776","4,743"
050620,796,858,861
050621,"1,282","1,486","1,498"
050701,"13,124","13,240","13,047"
050702,"2,186","2,053","1,986"
050703,"1,722","2,045","2,095"
050704,630,486,455
050705,"6,271","7,641","7,843"
050706,"2,062","2,069","2,035"
050707,516,493,478
050708,"1,148",988,938
050801,"3,231","3,385","3,390"
050802,468,394,372
050803,445,423,413
050804,"1,953","1,892","1,848"
050805,613,591,577
050806,"1,453","1,716","1,750"
050807,419,354,336
050808,292,246,231
050809,221,255,259
050810,514,438,417
050901,"2,570","2,583","2,577"
050902,329,293,287
050903,478,439,432
050904,496,464,458
050905,374,328,322
050906,"1,240","1,208","1,197"
050907,553,486,477
050908,808,798,793
050909,978,883,867
050910,594,537,528
050911,"1,025",994,987
051001,"1,887","1,823","1,803"
051002,"1,526","1,302","1,268"
051003,630,516,498
051004,460,480,478
051005,"3,977","4,012","4,007"
051006,"1,138","1,115","1,106"
051007,"1,011",997,989
051008,"1,089","1,087","1,081"
051009,"1,294","1,188","1,170"
051010,"2,092","1,876","1,838"
051011,"2,616","2,579","2,563"
051012,"2,389","2,343","2,323"
051101,"6,370","6,353","6,306"
051102,886,812,801
051103,819,785,776
051104,"1,577","1,465","1,437"
051105,"1,340","1,212","1,191"
051106,"1,105","1,042","1,025"
051107,"1,038","1,007",996
051108,"3,726","3,859","3,842"
060101,"218,741","248,596","249,898"
060102,"7,939","7,359","7,083"
060103,"3,660","3,827","3,803"
060104,"6,760","7,069","7,018"
060105,"19,175","19,393","19,036"
060106,"15,020","16,813","16,858"
060107,"5,639","6,723","6,745"
060108,"46,149","55,412","56,364"
060109,"8,271","8,722","8,668"
060110,"3,469","3,766","3,748"
060111,"9,267","10,406","10,437"
060112,"4,343","4,485","4,455"
060201,"31,222","34,762","34,929"
060202,"23,524","25,599","25,606"
060203,"13,406","15,519","15,583"
060204,"7,535","7,867","7,778"
060301,"26,925","29,695","29,886"
060302,"2,600","2,626","2,580"
060303,"6,746","7,197","7,095"
060304,"10,657","10,485","10,241"
060305,441,447,438
060306,"2,558","2,720","2,693"
060307,"3,870","3,771","3,681"
060308,"5,394","5,710","5,632"
060309,"7,352","7,158","6,953"
060310,"5,055","5,364","5,296"
060311,"1,052","1,052","1,036"
060312,"6,434","6,740","6,641"
060401,"47,279","52,061","52,378"
060402,"3,211","3,074","2,998"
060403,"3,449","3,563","3,523"
060404,"3,641","3,483","3,405"
060405,"2,199","2,056","1,981"
060406,"2,336","2,182","2,114"
060407,"5,546","5,708","5,637"
060408,"5,643","5,869","5,821"
060409,"7,972","8,448","8,366"
060410,"11,093","11,415","11,310"
060411,"7,075","7,278","7,213"
060412,"3,203","3,239","3,203"
060413,"4,445","4,540","4,492"
060414,"1,214","1,171","1,144"
060415,"8,023","8,768","8,723"
060416,958,958,947
060417,"15,704","16,334","16,140"
060418,859,864,855
060419,"9,134","9,541","9,460"
060501,"7,461","7,945","7,855"
060502,"2,635","2,669","2,604"
060503,"1,338","1,369","1,343"
060504,"2,679","2,835","2,828"
060505,"3,399","3,612","3,617"
060506,994,"1,030","1,017"
060507,"2,461","2,653","2,655"
060508,"6,726","6,851","6,739"
060601,"50,905","51,275","51,182"
060602,"9,361","9,554","9,501"
060603,"2,878","3,262","3,246"
060604,"2,330","2,532","2,509"
060605,"3,652","3,897","3,849"
060606,"5,100","4,998","4,927"
060607,"12,987","13,051","12,849"
060608,"4,172","4,155","4,087"
060609,"1,858","1,822","1,803"
060610,"3,000","2,888","2,828"
060611,"2,622","2,608","2,572"
060612,"4,701","4,974","4,944"
060613,"6,988","7,541","7,496"
060614,"9,054","8,975","8,869"
060615,"1,115","1,062","1,040"
060701,"59,913","63,780","63,076"
060702,"2,920","2,866","2,809"
060703,"15,111","16,120","15,993"
060801,"94,153","107,925","108,709"
060802,"15,447","16,464","16,484"
060803,"9,810","10,464","10,484"
060804,"10,238","10,414","10,321"
060805,"7,642","9,041","9,052"
060806,"4,275","4,670","4,676"
060807,"8,344","9,299","9,311"
060808,"6,834","6,888","6,895"
060809,"7,033","7,502","7,490"
060810,"4,693","4,577","4,490"
060811,"6,960","8,151","8,169"
060812,"10,003","10,050","9,878"
060901,"34,659","41,202","41,664"
060902,"14,592","16,246","16,354"
060903,"18,012","18,131","17,856"
060904,"19,562","21,446","21,516"
060905,"9,098","9,809","9,719"
060906,"17,046","19,989","20,001"
060907,"17,651","20,155","20,224"
061001,"19,870","22,165","22,367"
061002,"2,965","3,042","3,023"
061003,"2,664","3,186","3,254"
061004,"5,136","4,913","4,791"
061005,"1,901","1,950","1,935"
061006,"3,544","3,558","3,516"
061007,"12,023","13,198","13,204"
061101,"13,432","13,767","13,596"
061102,"1,319","1,252","1,216"
061103,"4,094","4,260","4,245"
061104,"2,747","2,721","2,664"
061105,"1,627","1,608","1,575"
061106,"2,165","2,105","2,066"
061107,"4,481","4,414","4,320"
061108,"1,290","1,365","1,361"
061109,"3,293","3,089","2,973"
061110,"2,229","2,236","2,211"
061111,"3,652","3,558","3,463"
061112,"2,688","2,274","2,144"
061113,"3,026","3,032","2,971"
061201,"12,463","13,263","13,142"
061202,"4,294","4,487","4,432"
061203,958,850,815
061204,"3,387","3,625","3,592"
061301,"9,226","9,640","9,546"
061302,"1,337","1,247","1,211"
061303,"8,958","9,875","9,838"
061304,"3,355","3,386","3,330"
061305,"2,321","2,264","2,213"
061306,"2,097","1,864","1,792"
061307,"3,896","3,731","3,641"
061308,"1,446","1,314","1,268"
061309,425,426,419
061310,"1,259","1,194","1,160"
061311,"2,844","2,776","2,720"
070101,"451,260","528,405","535,664"
070102,"74,851","81,428","81,656"
070103,"42,240","47,071","47,327"
070104,"61,417","64,612","64,714"
070105,"3,829","3,862","3,819"
070106,"315,600","391,564","401,862"
070107,"45,297","54,706","55,818"
080101,"114,630","118,843","119,148"
080102,"2,246","2,407","2,410"
080103,"2,436","13,497","13,953"
080104,"57,075","75,696","77,751"
080105,"112,536","141,559","144,460"
080106,"94,756","105,919","106,739"
080107,"5,368","9,146","9,462"
080108,"58,541","61,474","61,530"
080201,"4,532","4,548","4,523"
080202,"2,650","3,102","3,121"
080203,"2,242","2,333","2,328"
080204,"1,096","1,007",983
080205,"7,206","7,537","7,515"
080206,"1,938","1,832","1,800"
080207,"3,276","3,373","3,362"
080301,"21,674","26,512","26,916"
080302,"6,784","7,873","7,900"
080303,"2,382","2,823","2,854"
080304,"4,026","4,292","4,275"
080305,"4,533","4,528","4,486"
080306,"7,255","7,620","7,567"
080307,"3,111","3,559","3,580"
080308,"2,990","3,128","3,113"
080309,"3,451","3,762","3,764"
080401,"20,628","23,833","23,969"
080402,"3,443","3,631","3,620"
080403,"5,313","6,016","6,029"
080404,"5,753","6,324","6,284"
080405,"9,884","11,817","11,885"
080406,"5,232","6,258","6,281"
080407,"4,312","4,932","4,947"
080408,"8,590","9,303","9,228"
080501,"8,659","9,247","9,239"
080502,"4,985","5,448","5,435"
080503,"4,747","5,158","5,151"
080504,"1,984","2,060","2,043"
080505,"5,171","5,495","5,475"
080506,"1,838","1,878","1,874"
080507,"2,577","2,609","2,590"
080508,"2,523","2,592","2,582"
080601,"57,827","65,594","65,864"
080602,"4,720","5,246","5,253"
080603,"4,587","5,006","4,995"
080604,"9,600","10,320","10,280"
080605,"7,170","8,496","8,538"
080606,"4,224","4,420","4,395"
080607,"2,617","2,789","2,780"
080608,"5,029","5,462","5,453"
080701,"21,728","22,673","22,624"
080702,"3,866","4,079","4,064"
080703,"6,244","6,399","6,359"
080704,"6,897","6,974","6,923"
080705,"10,378","12,949","13,009"
080706,"4,368","4,149","4,083"
080707,"3,786","3,986","3,978"
080708,"9,143","8,554","8,587"
080801,"34,861","40,173","40,781"
080802,870,839,824
080803,"9,627","9,055","8,688"
080804,"1,019",931,902
080805,"4,823","5,075","5,059"
080806,"2,805","2,714","2,663"
080807,"1,643","1,433","1,371"
080808,"1,934","1,920","1,894"
080901,"27,999","29,650","29,456"
080902,"23,214","18,247","17,871"
080903,"4,773","5,440","5,418"
080904,"4,134","5,017","4,930"
080905,"4,327","5,903","5,861"
080906,"13,311","15,112","15,091"
080907,"15,962","13,885","14,056"
080908,"5,972","6,921","6,912"
080909,"9,557","10,058","9,976"
080910,"22,691","23,299","24,006"
080911,"4,285","5,125","5,166"
080912,"1,980","2,437","2,458"
080913,"1,974","2,405","2,420"
080914,"6,969","7,427","7,394"
081001,"3,205","3,475","3,477"
081002,"3,028","3,064","3,041"
081003,"3,079","3,059","3,036"
081004,963,916,905
081005,"4,867","5,040","5,025"
081006,"5,443","5,792","5,771"
081007,"2,032","2,063","2,052"
081008,"1,026","1,009","1,000"
081009,"1,924","1,875","1,854"
081101,"11,871","13,627","13,709"
081102,"2,716","3,122","3,151"
081103,"8,433","9,379","9,364"
081104,"8,170","8,858","8,836"
081105,"6,911","7,966","8,001"
081106,"4,403","4,914","4,924"
081201,"10,614","12,416","12,538"
081202,"5,797","7,245","7,382"
081203,"2,219","2,668","2,692"
081204,"2,863","3,186","3,197"
081205,"13,295","15,165","15,186"
081206,"4,221","4,652","4,645"
081207,"4,505","5,032","5,055"
081208,"4,606","5,423","5,510"
081209,"4,307","4,994","5,008"
081210,"15,223","19,019","19,224"
081211,"9,444","12,323","12,583"
081212,"10,336","12,025","12,084"
081301,"20,082","24,550","24,885"
081302,"10,477","12,671","12,825"
081303,"5,499","6,467","6,529"
081304,"5,347","5,746","5,761"
081305,"5,946","6,822","6,839"
081306,"10,165","12,000","12,061"
081307,"3,223","3,435","3,444"
090101,"39,776","43,082","43,223"
090102,"2,020","1,702","1,597"
090103,"17,800","15,483","14,580"
090104,851,804,778
090105,"1,137",975,926
090106,"1,875","1,674","1,598"
090107,637,637,623
090108,846,906,908
090109,746,669,641
090110,953,846,805
090111,509,470,451
090112,982,814,758
090113,"1,686","1,617","1,565"
090114,"2,005","1,746","1,655"
090115,500,508,502
090116,"1,891","1,695","1,615"
090117,"19,237","18,684","18,070"
090118,"15,566","20,031","20,696"
090119,"6,037","6,232","6,102"
090201,"8,980","9,320","9,148"
090202,"3,223","2,922","2,791"
090203,"4,540","4,004","3,767"
090204,"1,842","1,645","1,562"
090205,"1,529","1,394","1,329"
090206,"10,415","7,625","6,937"
090207,"2,829","2,654","2,540"
090208,"4,850","4,615","4,434"
090301,"22,991","25,384","25,102"
090302,"7,115","7,557","7,425"
090303,625,555,525
090304,"2,956","3,032","2,943"
090305,943,885,848
090306,"3,544","3,566","3,453"
090307,"1,337","1,311","1,261"
090308,"1,111",915,851
090309,"1,736","1,889","1,862"
090310,"2,323","2,243","2,147"
090311,"1,436","1,405","1,350"
090312,"3,090","3,162","3,080"
090401,"2,929","3,084","3,033"
090402,977,895,855
090403,"1,468","1,395","1,342"
090404,903,844,806
090405,888,894,870
090406,703,699,676
090407,919,777,726
090408,388,408,403
090409,"1,142","1,138","1,103"
090410,673,784,789
090411,863,735,688
090412,648,668,654
090413,"1,481","1,512","1,478"
090501,"5,088","5,376","5,302"
090502,"5,368","5,667","5,568"
090503,"1,979","1,687","1,584"
090504,"2,429","2,423","2,360"
090505,"1,078","1,186","1,189"
090506,"3,372","3,284","3,181"
090507,"4,346","3,966","3,762"
090508,745,699,672
090509,"3,445","3,357","3,256"
090510,"1,856","1,718","1,645"
090511,"2,832","2,810","2,719"
090601,"2,146","2,350","2,332"
090602,745,816,807
090603,"1,005",801,738
090604,448,494,496
090605,845,829,802
090606,812,631,579
090607,"2,758","2,691","2,570"
090608,"1,032","1,272","1,302"
090609,686,676,651
090610,"1,358","1,362","1,322"
090611,920,"1,055","1,068"
090612,"1,054","1,133","1,123"
090613,"1,671","1,381","1,271"
090614,376,311,287
090615,724,697,668
090616,667,862,889
090701,"10,061","11,515","11,582"
090702,"3,266","3,166","3,057"
090703,"3,522","3,293","3,158"
090704,"3,873","3,758","3,637"
090705,"11,068","11,614","11,385"
090706,"9,089","10,052","10,065"
090707,"3,218","2,329","2,274"
090709,"3,003","2,852","2,745"
090710,"1,480","1,372","1,315"
090711,"5,159","4,834","4,643"
090713,731,718,695
090714,"3,828","3,799","3,685"
090715,"2,616","2,557","2,461"
090716,"1,813","1,613","1,527"
090717,"4,601","4,068","3,971"
090718,"3,010","1,575","1,472"
090719,"3,945","4,198","4,139"
090720,"2,373","2,677","2,682"
090721,"1,300","1,066",996
090722,"1,914","1,705","1,612"
090723,"1,533","1,503","1,457"
100101,"89,502","97,086","97,688"
100102,"81,461","90,762","91,704"
100103,"13,135","12,920","12,790"
100104,"15,670","13,954","13,276"
100105,"4,364","3,784","3,639"
100106,"3,453","2,963","2,825"
100107,"4,788","4,767","4,723"
100108,"2,789","2,484","2,428"
100109,"19,226","22,123","22,239"
100110,"1,545","1,578","1,576"
100111,"43,818","55,072","56,275"
100112,"5,296","4,857","4,738"
100113,"8,350","7,919","7,770"
100201,"20,886","24,054","24,358"
100202,"2,502","2,188","2,088"
100203,"1,731","1,482","1,408"
100204,"4,441","4,135","3,991"
100205,"7,449","7,920","7,837"
100206,"1,561","1,199","1,118"
100207,"8,928","8,230","7,946"
100208,"3,382","3,140","3,030"
100301,"6,634","7,108","7,110"
100307,"3,364","2,833","2,686"
100311,"5,571","5,170","4,968"
100313,"5,393","4,131","3,806"
100316,"1,228",968,907
100317,"5,320","5,078","4,938"
100321,"1,696","1,423","1,350"
100322,"1,814","1,493","1,409"
100323,"2,238","2,035","1,953"
100401,"5,868","5,602","5,488"
100402,"2,718","2,645","2,599"
100403,"1,576","1,297","1,221"
100404,"6,389","6,100","5,947"
100501,"13,403","13,439","13,289"
100502,"1,356","1,237","1,193"
100503,"3,793","3,739","3,665"
100504,"5,603","5,735","5,631"
100505,"1,412","1,079","1,002"
100506,"3,127","3,023","2,963"
100507,"12,368","11,068","10,556"
100508,"2,009","1,893","1,847"
100509,"4,062","3,995","3,906"
100510,"3,129","2,861","2,765"
100511,"1,777","1,516","1,436"
100601,"53,066","59,894","60,575"
100602,"6,142","6,890","6,893"
100603,"3,475","3,635","3,596"
100604,"22,149","23,918","23,949"
100605,"8,951","9,519","9,529"
100606,"10,048","11,390","11,455"
100607,"3,724","3,924","3,928"
100608,"13,568","14,382","14,476"
100609,"4,143","4,320","4,263"
100610,"2,527","2,581","2,531"
100701,"14,150","15,077","15,058"
100702,"5,372","5,507","5,432"
100703,"2,111","2,010","1,956"
100704,"2,790","3,902","3,988"
100705,"2,199","2,781","2,829"
100801,"17,449","17,778","17,579"
100802,"10,103","9,714","9,405"
100803,"10,552","10,277","9,946"
100804,"11,055","10,043","9,667"
100901,"9,407","10,870","10,938"
100902,"7,101","8,532","8,647"
100903,"4,814","4,637","4,562"
100904,"5,447","6,723","6,789"
100905,"5,769","6,791","6,807"
101001,"4,193","3,578","3,407"
101002,"1,956","1,301","1,167"
101003,"1,011",869,790
101004,"1,009",827,780
101005,"3,595","2,896","2,679"
101006,"1,296","1,007",939
101007,"5,853","4,599","4,353"
101101,"4,789","4,207","4,026"
101102,"1,156",821,768
101103,"1,110",795,745
101104,"4,735","4,379","4,194"
101105,"1,110",892,837
101106,"3,845","3,342","3,175"
101107,"1,128",859,794
101108,"2,024","1,661","1,563"
110101,"150,280","177,538","181,683"
110102,"39,574","49,227","50,694"
110103,"21,963","26,796","27,349"
110104,"4,392","5,448","5,597"
110105,"7,411","8,741","8,955"
110106,"54,047","62,071","62,883"
110107,"6,395","8,150","8,469"
110108,"25,767","31,666","32,263"
110109,"6,987","8,372","8,552"
110110,"13,846","16,137","16,414"
110111,"27,645","32,245","32,899"
110112,"27,387","34,046","34,735"
110113,"4,709","5,398","5,496"
110114,"1,116","1,296","1,315"
110201,"66,349","79,899","81,231"
110202,"7,783","9,339","9,551"
110203,"2,071","3,057","3,261"
110204,"13,009","14,928","15,055"
110205,"12,369","14,222","14,335"
110206,"25,294","30,450","31,106"
110207,"62,604","77,050","78,716"
110208,"1,129","1,993","2,157"
110209,992,"1,111","1,126"
110210,"29,079","34,535","35,235"
110211,"5,434","6,879","7,023"
110301,"27,632","30,819","31,304"
110302,"1,950","2,247","2,282"
110303,"3,134","3,749","3,825"
110304,"15,981","19,194","19,732"
110305,"20,460","26,003","26,541"
110401,"7,748","8,952","9,056"
110402,"1,555","1,829","1,859"
110403,"2,658","2,995","3,021"
110404,927,"1,041","1,045"
110405,344,358,356
110501,"67,467","82,721","84,646"
110502,"1,379","1,443","1,437"
110503,"5,408","5,923","5,958"
110504,"12,987","14,908","15,074"
110505,"7,147","10,082","10,622"
110506,"13,767","16,471","16,690"
110507,"24,814","30,611","31,423"
110508,"17,775","20,110","20,341"
120101,"119,993","125,709","126,080"
120104,506,431,416
120105,959,899,880
120106,741,630,606
120107,"91,851","102,548","103,407"
120108,"1,484","1,481","1,459"
120111,"1,946","2,065","2,044"
120112,"1,017",996,978
120113,"1,335","1,233","1,199"
120114,"166,359","178,306","179,110"
120116,"1,366","1,390","1,374"
120117,"5,251","6,092","6,118"
120119,"24,830","31,882","32,720"
120120,829,810,796
120121,"9,800","11,063","11,102"
120122,"2,376","2,384","2,349"
120124,"5,130","4,902","4,744"
120125,"20,055","25,618","26,322"
120126,"4,748","4,695","4,613"
120127,"1,852","1,896","1,876"
120128,"3,904","4,105","4,115"
120129,"15,281","20,025","20,627"
120130,"11,601","13,350","13,471"
120132,"5,512","6,623","6,709"
120133,"21,096","26,887","27,543"
120134,"16,932","24,599","25,684"
120135,"6,222","6,086","5,915"
120136,"2,639","3,016","3,038"
120201,"15,428","17,124","17,260"
120202,"1,642","1,586","1,556"
120203,"3,502","3,075","2,926"
120204,"2,550","2,609","2,574"
120205,"1,923","1,919","1,890"
120206,"5,377","5,002","4,815"
120207,972,880,845
120208,"1,478","1,519","1,512"
120209,"1,394","1,448","1,438"
120210,"5,537","6,468","6,536"
120211,"1,382","1,445","1,437"
120212,"2,287","2,679","2,738"
120213,"4,738","5,401","5,478"
120214,"5,398","5,548","5,465"
120215,"1,983","2,071","2,058"
120301,"27,790","29,494","29,604"
120302,"52,874","60,585","60,737"
120303,"39,054","41,498","40,752"
120304,"4,157","3,580","3,381"
120305,"25,800","29,821","29,970"
120306,"1,814","1,605","1,550"
120401,"17,908","20,347","20,509"
120402,"6,077","5,737","5,556"
120403,"4,284","4,491","4,436"
120404,"1,264","1,398","1,405"
120405,"1,601","1,665","1,648"
120406,"1,410","1,399","1,370"
120407,"2,598","2,758","2,768"
120408,"1,646","1,601","1,569"
120409,"1,000","1,105","1,115"
120410,"2,041","2,275","2,293"
120411,558,529,514
120412,745,739,728
120413,"1,553","1,597","1,584"
120414,"1,143","1,145","1,127"
120415,"1,451","1,359","1,313"
120416,"1,732","1,696","1,656"
120417,732,711,695
120418,"1,573","1,571","1,547"
120419,"1,662","2,008","2,051"
120420,"1,017","1,047","1,041"
120421,"2,335","2,356","2,340"
120422,892,820,792
120423,"1,450","1,319","1,273"
120424,"1,226","1,234","1,217"
120425,"1,153","1,095","1,064"
120426,"1,427","1,277","1,227"
120427,"1,296","1,145","1,102"
120428,"2,538","2,881","2,911"
120429,702,632,610
120430,"3,060","3,428","3,454"
120431,"4,056","4,143","4,098"
120432,"1,038",939,907
120433,"1,097",976,935
120434,"8,992","10,099","10,131"
120501,"10,976","10,817","10,593"
120502,"6,638","6,157","5,962"
120503,"1,236","1,021",996
120504,"4,283","3,656","3,545"
120601,"37,075","43,401","43,720"
120602,"5,778","6,711","6,759"
120603,"6,544","7,849","7,972"
120604,"35,719","44,652","45,250"
120605,"3,690","3,335","3,191"
120606,"54,240","67,539","68,433"
120607,"30,651","35,464","35,890"
120608,"26,036","29,138","28,688"
120609,"4,252","6,356","6,636"
120701,"47,775","49,795","49,358"
120702,"9,500","8,762","8,449"
120703,"1,899","1,648","1,568"
120704,"9,901","8,969","8,577"
120705,"3,514","3,579","3,539"
120706,"5,543","5,770","5,705"
120707,"3,438","2,794","2,688"
120708,"3,547","3,061","2,935"
120709,"4,473","4,227","4,106"
120801,"14,021","12,949","12,570"
120802,687,629,613
120803,"1,947","2,246","2,277"
120804,835,730,703
120805,"5,155","5,244","5,227"
120806,"1,633","1,604","1,582"
120807,"1,104",903,856
120808,"8,977","8,207","7,998"
120809,690,681,665
120810,"5,341","5,356","5,290"
120901,"20,341","21,432","21,393"
120902,"6,267","6,677","6,648"
120903,"4,537","4,829","4,845"
120904,"2,948","2,938","2,889"
120905,"8,766","11,881","12,354"
120906,"2,228","2,314","2,307"
120907,"2,658","2,455","2,381"
120908,"2,665","3,325","3,423"
120909,"2,578","2,520","2,454"
130101,"314,939","350,915","353,982"
130102,"190,461","242,202","129,189"
130103,"37,262","37,879","62,844"
130104,"68,409","93,851","96,971"
130105,"189,206","234,854","239,896"
130106,"37,206","44,440","54,577"
130107,"37,436","44,663","45,537"
130108,"3,586","3,969","3,990"
130109,"18,944","24,028","24,643"
130110,"4,061","4,575","4,603"
130111,"68,506","81,494","82,988"
130201,"6,462","6,868","6,863"
130202,"15,267","16,180","16,208"
130203,"9,321","9,808","9,791"
130204,"2,463","2,652","2,638"
130205,"25,913","29,804","30,212"
130206,"8,664","9,572","9,632"
130207,"19,204","20,118","20,154"
130208,"28,492","29,942","29,956"
130301,"4,455","5,083","5,100"
130302,"2,908","3,109","3,080"
130303,"1,914","2,135","2,128"
130304,"2,098","2,357","2,362"
130305,"2,246","2,330","2,294"
130306,836,899,895
130401,"45,733","49,489","49,711"
130402,"21,056","25,806","26,225"
130403,"11,629","12,857","12,891"
130501,"11,505","12,804","12,808"
130502,"4,866","4,906","4,819"
130503,"6,221","6,929","6,931"
130504,"5,432","6,249","6,251"
130601,"24,169","27,201","27,351"
130602,"9,252","10,550","10,610"
130604,"2,420","2,512","2,479"
130605,"3,940","4,005","3,943"
130606,614,658,655
130608,"2,693","2,835","2,814"
130610,523,530,523
130611,"5,831","6,591","6,606"
130613,"7,032","7,467","7,422"
130614,"21,388","22,622","22,404"
130701,"17,637","19,882","20,089"
130702,"40,217","45,202","45,626"
130703,"4,136","4,803","4,892"
130704,"28,959","33,150","33,563"
130705,"11,948","12,902","12,959"
130801,"12,490","13,848","13,841"
130802,"3,812","4,292","4,315"
130803,"11,678","13,206","13,264"
130804,"5,877","6,122","6,114"
130805,"1,158","1,034","1,004"
130806,"3,478","3,716","3,699"
130807,"1,250","1,320","1,305"
130808,"18,730","21,889","22,160"
130809,"8,937","11,333","11,536"
130810,"1,656","1,961","1,984"
130811,"2,210","2,228","2,206"
130812,"2,779","3,030","3,029"
130813,"2,048","2,352","2,327"
130901,"66,902","84,084","85,980"
130902,"16,769","19,702","19,809"
130903,"8,398","10,271","10,339"
130904,"7,822","8,909","8,939"
130905,"10,431","10,927","10,677"
130906,"12,922","15,197","15,296"
130907,"8,916","10,040","10,077"
130908,"12,245","14,654","14,744"
131001,"18,311","20,520","20,570"
131002,"4,810","4,870","4,803"
131003,"5,319","5,685","5,625"
131004,"1,734","1,835","1,829"
131005,"2,339","2,405","2,384"
131006,"12,291","13,698","13,678"
131007,"2,852","3,033","3,021"
131008,"3,240","3,679","3,674"
131101,"13,374","14,381","14,407"
131102,"4,725","4,800","4,752"
131103,"2,407","2,582","2,594"
131104,"6,386","6,405","6,328"
131201,"52,407","60,018","60,685"
131202,"32,842","41,760","42,857"
131203,"7,075","7,882","7,974"
140101,"270,496","293,332","295,113"
140102,"18,364","19,966","20,077"
140103,"11,993","13,542","13,719"
140104,"2,342","2,471","2,478"
140105,"156,498","167,037","167,710"
140106,"90,912","100,801","101,510"
140107,"9,986","11,074","11,165"
140108,"32,225","36,188","36,520"
140109,"2,458","2,561","2,567"
140110,"8,201","8,268","8,228"
140111,"12,704","15,048","15,194"
140112,"44,602","53,446","53,863"
140113,"15,744","18,318","18,563"
140114,"12,350","14,366","14,585"
140115,"11,617","12,654","12,720"
140116,"14,809","15,153","15,001"
140117,"22,624","25,723","26,003"
140118,"25,267","27,672","27,924"
140119,"8,701","9,062","9,073"
140120,"27,782","30,159","30,293"
140201,"34,229","38,489","38,769"
140202,"11,366","12,096","11,985"
140203,"13,858","15,266","15,308"
140204,"3,808","4,210","4,220"
140205,"19,651","22,242","22,311"
140206,"14,503","16,135","16,185"
140301,"71,425","83,717","85,467"
140302,"1,407","1,650","1,686"
140303,"8,856","9,623","9,666"
140304,"17,204","20,559","20,795"
140305,"18,401","20,524","20,892"
140306,"48,209","57,818","58,601"
140307,"29,836","35,523","36,277"
140308,"46,484","57,359","58,133"
140309,"8,060","9,292","9,500"
140310,"12,595","13,801","13,866"
140311,"15,846","18,801","19,310"
140312,"21,847","25,048","25,386"
150101,"268,352","266,887","266,467"
150102,"62,928","91,478","95,841"
150103,"599,196","702,815","716,859"
150104,"34,378","36,467","36,721"
150105,"85,309","95,187","96,076"
150106,"333,045","423,894","435,419"
150107,"42,912","45,091","45,532"
150108,"314,241","367,099","371,746"
150109,"34,684","40,193","40,739"
150110,"520,450","586,914","591,841"
150111,"198,862","229,426","233,022"
150112,"211,360","228,121","230,622"
150113,"75,359","83,904","84,936"
150114,"140,679","165,020","167,091"
150115,"173,630","189,594","189,961"
150116,"54,711","61,689","62,711"
150117,"325,884","358,910","362,159"
150118,"240,814","302,599","311,154"
150119,"89,195","114,024","116,221"
150120,"60,290","67,761","69,034"
150121,"83,323","97,568","99,292"
150122,"99,337","113,503","115,766"
150123,"110,071","152,268","157,263"
150124,"14,891","17,620","18,063"
150125,"329,675","412,174","420,126"
150126,"15,874","23,470","24,079"
150127,"7,074","8,808","9,079"
150128,"174,785","182,882","184,082"
150129,"7,482","9,273","9,537"
150130,"113,247","130,882","132,521"
150131,"60,735","69,409","70,144"
150132,"1,038,495","1,225,092","1,245,145"
150133,"355,219","422,197","426,196"
150134,"52,082","56,302","56,505"
150135,"654,083","770,725","781,994"
150136,"155,384","180,647","183,858"
150137,"196,214","227,530","229,810"
150138,999,"1,216","1,248"
150139,"27,863","42,107","44,174"
150140,"329,152","420,016","425,740"
150141,"91,023","102,434","103,327"
150142,"393,254","432,170","435,693"
150143,"398,433","448,775","453,413"
150201,"68,324","74,630","75,873"
150202,"21,453","21,633","21,499"
150203,"17,431","18,171","18,298"
150204,"24,318","26,709","27,339"
150205,"12,855","13,882","14,068"
150301,"2,082","1,899","1,871"
150302,858,827,820
150303,"1,672","1,559","1,534"
150304,984,911,897
150305,963,956,949
150401,"2,385","2,222","2,210"
150402,596,574,566
150403,686,621,612
150404,760,749,743
150405,856,862,853
150406,555,604,609
150407,"5,710","5,817","5,788"
150501,"54,775","62,496","64,125"
150502,"9,784","11,148","11,387"
150503,"2,269","2,431","2,442"
150504,"8,328","9,424","9,822"
150505,"21,573","25,335","26,276"
150506,"1,043","1,082","1,104"
150507,"38,925","39,293","39,694"
150508,"4,393","4,008","3,975"
150509,"32,717","34,836","35,438"
150510,"26,233","29,934","30,845"
150511,"1,686","1,713","1,728"
150512,"16,091","16,614","16,821"
150513,"4,343","4,777","4,861"
150514,"13,436","13,322","13,406"
150515,"3,103","3,290","3,344"
150516,"1,314","1,305","1,290"
150601,"99,915","108,647","110,530"
150602,687,641,634
150603,902,802,785
150604,"19,464",,"22,736"
150605,"56,920","62,668","63,660"
150606,"2,037","1,941","1,909"
150607,336,295,288
150608,"1,028","1,283","1,335"
150609,648,624,619
150610,830,736,720
150611,720,658,651
150612,411,371,363
150701,"4,058","3,949","3,918"
150702,"1,225","1,187","1,165"
150703,798,632,615
150704,331,303,299
150705,"3,826","2,971","2,849"
150706,449,470,472
150707,609,493,486
150708,875,711,698
150709,"1,302","1,194","1,164"
150710,616,556,540
150711,889,806,787
150712,666,542,528
150713,"1,357","1,387","1,375"
150714,"6,542","6,699","6,733"
150715,"1,320","1,261","1,232"
150716,912,"6,032","6,070"
150717,"1,139","1,041","1,023"
150718,"1,202","1,089","1,068"
150719,699,623,617
150720,374,333,326
150721,"1,223","1,095","1,079"
150722,"4,245","3,823","3,778"
150723,"1,335","1,285","1,256"
150724,928,851,831
150725,210,189,187
150726,630,620,613
150727,"2,486","2,645","2,647"
150728,"12,636","13,490","13,581"
150729,320,269,260
150730,411,353,340
150731,"3,125","3,365","3,379"
150732,"1,407","1,322","1,294"
150801,"63,142","72,159","74,014"
150802,"2,208","1,991","1,958"
150803,"8,132","9,126","9,463"
150804,929,832,822
150805,"28,765","29,126","29,505"
150806,"34,764","37,758","38,532"
150807,"1,867","1,957","1,971"
150808,"1,516","1,454","1,433"
150809,775,786,799
150810,"36,267","40,340","40,879"
150811,"23,408","25,199","25,622"
150812,"25,912","29,269","29,855"
150901,"12,150","11,863","11,844"
150902,546,447,428
150903,576,486,469
150904,"1,086",982,960
150905,855,801,790
150906,"2,526","2,273","2,227"
151001,"1,481","1,200","1,165"
151002,"1,534","1,474","1,472"
151003,"1,145",999,966
151004,565,491,479
151005,440,389,380
151006,507,522,520
151007,162,142,138
151008,"1,062","1,063","1,060"
151009,801,736,718
151010,216,205,201
151011,"1,109","1,049","1,031"
151012,331,307,299
151013,149,127,120
151014,596,474,452
151015,637,642,639
151016,941,945,947
151017,432,441,440
151018,546,481,462
151019,447,379,362
151020,570,504,489
151021,229,191,182
151022,593,615,614
151023,498,526,531
151024,609,510,488
151025,428,392,381
151026,166,146,140
151027,275,251,243
151028,507,505,507
151029,499,481,477
151030,520,436,414
151031,533,472,463
151032,"1,624","1,606","1,602"
151033,311,248,237
160101,"146,853","164,196","164,543"
160102,"2,855","3,372","3,411"
160103,"13,875","13,577","13,222"
160104,"10,134","11,604","11,524"
160105,"8,032","8,249","8,085"
160106,"12,181","14,164","14,201"
160107,"15,003","17,988","18,141"
160108,"75,210","90,609","91,263"
160110,"4,230","5,068","5,072"
160112,"64,488","71,162","71,241"
160113,"127,005","159,614","162,481"
160201,"83,554","108,870","111,046"
160202,"13,707","17,360","17,519"
160205,"3,900","4,712","4,736"
160206,"12,033","13,739","13,764"
160210,"3,967","4,296","4,307"
160211,"5,564","6,259","6,277"
160301,"29,963","34,208","34,442"
160302,"6,085","6,081","5,974"
160303,"6,448","7,622","7,644"
160304,"8,396","11,281","11,442"
160305,"11,545","14,079","14,191"
160401,"19,178","24,655","25,001"
160402,"11,079","12,538","12,413"
160403,"8,366","9,998","9,942"
160404,"10,449","12,762","12,788"
160501,"25,313","28,209","28,254"
160502,"1,515","1,579","1,551"
160503,"2,566","2,224","2,131"
160504,"6,089","6,821","6,788"
160505,"7,304","8,758","8,784"
160506,"4,372","4,498","4,430"
160507,"3,365","3,074","2,982"
160508,569,706,711
160509,881,934,924
160510,"4,608","5,065","5,044"
160511,"1,929","2,232","2,213"
160601,"23,883","28,991","29,298"
160602,"1,738","1,698","1,673"
160603,"3,697","3,239","3,109"
160604,"5,388","6,078","6,007"
160605,"13,464","15,320","15,340"
160606,"6,467","7,495","7,460"
160701,"12,742","16,355","16,551"
160702,"6,336","8,052","8,093"
160703,"8,421","9,506","9,526"
160704,"4,191","4,355","4,252"
160705,"5,078","6,129","6,106"
160706,"11,714","16,425","16,668"
160801,"3,666","4,452","4,475"
160802,520,608,603
160803,"2,317","2,408","2,291"
160804,"1,277","1,610","1,626"
170101,"81,925","106,751","110,067"
170102,"11,570","16,494","17,189"
170103,"12,644","21,575","23,105"
170104,"5,335","6,741","6,840"
170201,"2,356","2,302","2,278"
170202,"1,402","1,570","1,584"
170203,"6,217","6,363","6,283"
170204,"8,574","10,965","11,085"
170301,"2,391","3,393","3,472"
170302,"5,791","5,696","5,650"
170303,"2,865","3,628","3,706"
180101,"65,808","47,754","48,398"
180102,"2,366","2,152","2,125"
180103,761,685,670
180104,"8,480","10,104","10,240"
180105,"1,736","1,481","1,432"
180106,"6,198","6,736","6,714"
180201,"3,158","3,002","2,954"
180202,708,520,493
180203,948,926,908
180204,"2,901","2,893","2,840"
180205,626,467,432
180206,570,431,403
180207,455,355,336
180208,"2,376","2,436","2,402"
180209,518,430,407
180210,"1,741","1,404","1,328"
180211,864,750,717
180301,"66,479","71,753","72,017"
180302,"3,717","9,437","10,505"
180303,"4,453","4,616","4,569"
190101,"25,627","26,481","26,234"
190102,"4,333","4,557","4,529"
190103,"6,925","6,703","6,589"
190104,"9,577","9,182","9,041"
190105,"3,877","4,144","4,148"
190106,"1,738","1,344","1,242"
190107,"11,216","8,528","7,863"
190108,"4,459","3,144","2,817"
190109,"12,663","12,428","12,279"
190110,"3,261","2,404","2,190"
190111,"6,755","7,421","7,480"
190112,"3,392","3,959","4,029"
190113,"29,192","31,151","31,054"
190201,"11,333","10,898","10,572"
190202,"2,006","1,588","1,479"
190203,"1,535","1,305","1,238"
190204,"1,776","1,685","1,634"
190205,"1,348","1,308","1,270"
190206,"21,217","24,580","24,764"
190207,"2,426","1,952","1,840"
190208,"1,939","2,105","2,108"
190301,"15,677","17,643","17,794"
190302,"5,334","6,773","6,899"
190303,"6,661","7,123","7,163"
190304,"7,130","7,902","7,818"
190305,"4,511","4,174","3,977"
190306,"17,249","22,387","22,704"
190307,"17,274","18,466","18,402"
190308,"13,634","17,961","18,268"
200101,"158,495","184,732","187,926"
200104,"160,201","193,225","197,533"
200105,"75,870","82,839","83,594"
200107,"18,671","20,441","20,580"
200108,"5,387","5,643","5,651"
200109,"38,734","42,102","42,406"
200110,"41,742","45,471","45,930"
200111,"26,947","29,345","29,406"
200114,"107,495","128,004","129,729"
200115,"165,779","197,261","201,571"
200201,"30,852","32,156","31,788"
200202,"19,896","21,201","21,109"
200203,"2,405","2,642","2,626"
200204,"5,734","5,719","5,670"
200205,"6,179","6,547","6,504"
200206,"21,257","23,119","23,040"
200207,"9,621","10,542","10,620"
200208,"10,510","10,994","10,978"
200209,"1,654","1,567","1,528"
200210,"11,179","12,063","12,085"
200301,"27,599","29,395","29,359"
200302,"7,317","7,449","7,357"
200303,"11,186","11,685","11,625"
200304,"35,548","37,259","37,131"
200305,"3,871","4,057","3,996"
200306,"8,678","9,461","9,490"
200307,"7,140","7,295","7,227"
200308,"10,162","11,298","11,357"
200401,"82,521","91,141","91,788"
200402,"9,410","10,468","10,570"
200403,"7,789","7,478","7,337"
200404,"13,997","15,428","15,578"
200405,"15,239","16,377","16,503"
200406,"8,527","9,215","9,258"
200407,"6,433","6,697","6,676"
200408,"3,650","3,755","3,716"
200409,"5,960","5,750","5,606"
200410,"8,501","8,612","8,515"
200501,"87,979","106,929","109,218"
200502,"2,413","2,565","2,582"
200503,"1,136","1,270","1,276"
200504,"14,869","17,379","17,579"
200505,"12,950","14,510","14,668"
200506,"4,923","5,479","5,544"
200507,"5,622","6,338","6,415"
200601,"169,335","193,254","194,970"
200602,"37,530","39,384","39,535"
200603,"20,423","22,210","22,399"
200604,"12,119","13,363","13,379"
200605,"29,569","33,129","33,438"
200606,"9,036","10,587","10,727"
200607,"26,395","28,667","28,852"
200608,"7,047","7,884","7,962"
200701,"98,309","107,159","108,033"
200702,"8,316","9,205","9,299"
200703,"12,486","13,300","13,343"
200704,"1,312","1,376","1,373"
200705,"10,699","11,895","11,999"
200706,"13,028","14,576","14,760"
200801,"44,590","53,899","55,316"
200802,"4,798","5,413","5,509"
200803,"6,855","7,944","8,071"
200804,"4,300","5,209","5,331"
200805,"15,630","18,553","18,940"
200806,"3,004","3,189","3,212"
210101,"135,288","142,897","142,282"
210102,"22,961","21,929","21,138"
210103,"3,452","3,202","3,083"
210104,"4,555","4,496","4,364"
210105,"7,540","6,433","6,074"
210106,"7,019","7,055","6,873"
210107,"6,588","6,595","6,426"
210108,"3,155","2,537","2,357"
210109,"5,144","5,149","5,037"
210110,"4,224","4,149","4,031"
210111,"5,679","6,006","5,990"
210112,"7,121","6,967","6,762"
210113,"2,413","2,627","2,584"
210114,"1,594","1,509","1,450"
210115,"2,761","2,874","2,806"
210201,"30,070","32,095","32,345"
210202,"2,826","2,647","2,576"
210203,"7,020","6,983","6,891"
210204,"14,484","14,258","14,001"
210205,"2,931","2,888","2,836"
210206,"6,475","5,054","4,692"
210207,"4,462","4,733","4,705"
210208,"6,445","6,804","6,754"
210209,"3,939","3,301","3,128"
210210,"9,645","8,511","8,140"
210211,"7,298","7,149","7,030"
210212,"4,818","4,805","4,735"
210213,"2,841","2,743","2,672"
210214,"4,407","4,361","4,278"
210215,"2,731","2,961","2,950"
210301,"12,664","14,529","14,695"
210302,"2,138","2,562","2,600"
210303,"9,299","9,574","9,569"
210304,"6,433","5,224","4,879"
210305,"4,240","4,909","4,983"
210306,"9,108","10,326","10,437"
210307,"7,526","8,973","9,139"
210308,"6,090","6,798","6,907"
210309,"6,832","8,916","9,214"
210310,"8,992","7,955","7,655"
210401,"19,773","20,291","20,184"
210402,"13,787","12,516","12,195"
210403,"9,237","8,064","7,779"
210404,"7,346","5,557","5,163"
210405,"8,223","7,756","7,567"
210406,"13,707","13,729","13,568"
210407,"16,929","17,352","17,291"
210501,"46,018","47,866","47,358"
210502,"1,130","1,025",985
210503,"10,672","10,369","10,136"
210504,"3,529","2,882","2,723"
210505,"2,529","2,212","2,111"
210601,"18,742","18,718","18,527"
210602,"3,764","3,951","3,916"
210603,"3,083","3,000","2,927"
210604,"2,642","2,466","2,398"
210605,"4,937","4,895","4,790"
210606,"4,079","3,825","3,717"
210607,"13,193","13,349","13,235"
210608,"7,211","7,202","7,052"
210701,"11,206","11,708","11,661"
210702,"5,352","5,992","6,004"
210703,"1,585","1,797","1,817"
210704,"2,360","2,306","2,245"
210705,"2,237","2,276","2,222"
210706,"1,817","1,545","1,455"
210707,"2,732","2,205","2,052"
210708,"5,306","5,219","5,098"
210709,"7,028","7,279","7,185"
210710,"1,233","1,021",961
210801,"24,452","26,215","26,329"
210802,"5,359","5,859","5,897"
210803,"1,986","1,936","1,886"
210804,"2,532","2,317","2,217"
210805,"6,947","7,094","6,993"
210806,"8,450","7,921","7,683"
210807,"7,651","7,130","6,899"
210808,"6,197","6,213","6,134"
210809,"3,564","3,825","3,791"
210901,"11,518","10,383","10,100"
210902,"3,151","3,242","3,231"
210903,"2,613","2,341","2,266"
210904,"2,471","2,479","2,456"
211001,"14,753","13,197","12,840"
211002,"12,615","10,722","10,289"
211003,"1,909","1,852","1,818"
211004,"5,187","5,574","5,592"
211005,"1,649","1,888","1,911"
211101,"228,726","258,728","260,785"
211102,"4,843","5,587","5,618"
211103,"4,567","4,279","4,145"
211104,"6,818","7,597","7,637"
211105,"62,463","76,879","77,905"
211201,"10,266","11,289","11,199"
211202,"5,024","5,611","5,597"
211203,"2,970","3,122","3,039"
211204,"3,863","4,136","4,093"
211205,"5,091","6,290","6,357"
211206,"2,131","2,291","2,281"
211207,"3,733","2,808","2,595"
211208,"1,936","2,045","1,996"
211209,"6,604","7,356","7,284"
211210,"9,124","10,004","9,873"
211301,"24,515","24,474","24,268"
211302,"1,782","1,687","1,657"
211303,"4,655","4,904","4,883"
211304,"1,270","1,323","1,310"
211305,"2,711","2,373","2,272"
211306,949,815,784
211307,"1,057",710,651
220101,"76,325","88,059","89,255"
220102,"4,609","4,889","4,919"
220103,"1,675","1,664","1,655"
220104,"15,377","15,547","15,308"
220105,"21,514","22,810","22,721"
220106,"2,865","2,942","2,949"
220201,"16,894","19,240","19,507"
220202,"7,639","10,136","10,372"
220203,"13,116","15,494","15,691"
220204,"2,711","2,733","2,732"
220205,"8,640","8,617","8,609"
220206,"6,033","6,344","6,383"
220301,"14,639","17,540","17,781"
220302,"2,330","2,342","2,335"
220303,"10,447","13,645","13,885"
220304,"6,332","7,502","7,589"
220305,"3,004","3,313","3,352"
220401,"13,422","15,204","15,388"
220402,"4,471","5,805","5,996"
220403,"2,106","1,871","1,811"
220404,"4,268","4,888","4,965"
220405,"2,450","2,306","2,261"
220406,789,832,838
220501,"14,497","15,773","15,886"
220502,"13,462","14,365","14,303"
220503,"6,429","7,771","7,939"
220504,"9,546","11,466","11,602"
220505,"3,301","2,895","2,792"
220506,"8,086","9,036","8,987"
220507,"3,456","3,992","4,044"
220508,"1,635","1,744","1,756"
220509,"1,975","1,806","1,748"
220510,"13,879","14,855","14,955"
220511,"5,255","5,970","6,012"
220601,"32,444","35,093","35,607"
220602,"12,705","18,897","19,714"
220603,"8,385","9,948","10,207"
220604,"5,747","7,158","7,351"
220605,"5,345","5,927","5,981"
220701,"10,203","11,895","12,098"
220702,"2,924","3,014","3,008"
220703,"2,126","2,224","2,236"
220704,865,878,876
220705,"2,971","3,044","3,051"
220706,"1,192","1,195","1,191"
220707,"3,945","3,720","3,662"
220708,"8,554","10,885","11,088"
220709,"3,876","3,862","3,842"
220710,"3,889","4,131","4,121"
220801,"25,521","27,203","27,401"
220802,"7,479","8,012","8,026"
220803,"17,661","22,871","23,842"
220804,"43,476","48,250","48,877"
220805,"16,797","17,133","17,085"
220806,"1,919","2,191","2,229"
220807,"3,413","3,660","3,647"
220808,"2,446","2,510","2,479"
220809,"3,832","3,724","3,693"
220901,"76,122","84,794","85,634"
220902,841,927,933
220903,"3,604","3,885","3,932"
220904,"9,497","10,845","10,963"
220905,"2,249","2,478","2,510"
220906,"2,399","2,615","2,643"
220907,"4,975","5,700","5,769"
220908,"3,907","4,270","4,324"
220909,"43,481","52,334","53,642"
220910,"33,067","46,263","47,571"
220911,"2,073","1,972","1,948"
220912,"1,674","1,770","1,785"
220913,"7,263","6,459","6,307"
220914,"1,943","2,081","2,101"
221001,"26,166","30,856","31,137"
221002,"11,456","12,753","12,859"
221003,"10,308","11,175","11,209"
221004,"1,315","1,410","1,429"
221005,"20,149","14,758","14,674"
230101,"92,972","106,071","106,816"
230102,"34,061","34,733","34,376"
230103,"2,979","3,526","3,568"
230104,"31,866","32,153","31,726"
230105,"2,613","2,484","2,382"
230106,"2,062","2,304","2,316"
230107,"1,980","2,384","2,461"
230108,"18,627","19,471","19,491"
230109,"3,227","3,897","3,995"
230110,"110,417","145,066","150,781"
230111,"5,559","6,846","6,887"
230201,"2,354","2,343","2,331"
230202,988,959,952
230203,"1,148","1,088","1,071"
230204,377,554,590
230205,515,457,445
230206,720,661,648
230301,"2,256","2,784","2,831"
230302,"5,695","7,133","7,342"
230303,"2,822","3,198","3,186"
230401,"3,642","3,578","3,572"
230402,306,292,289
230403,240,218,212
230404,162,319,317
230405,350,332,330
230406,518,484,482
230407,295,306,302
230408,581,581,580
240101,"102,306","116,717","118,196"
240102,"23,337","26,120","26,269"
240103,"9,507","10,995","11,126"
240104,"6,728","7,691","7,728"
240105,"8,512","9,112","9,140"
240106,"4,572","5,049","5,095"
240201,"12,371","14,369","14,626"
240202,"2,350","2,772","2,805"
240203,"6,336","8,220","8,515"
240301,"21,776","26,665","27,251"
240302,"17,366","19,806","20,084"
240303,"3,428","4,686","4,868"
240304,"6,274","7,354","7,461"
250101,"149,999","177,751","180,420"
250102,"16,059","20,601","21,071"
250103,"10,328","12,605","12,724"
250104,"11,147","12,030","12,063"
250105,"103,941","124,069","126,600"
250106,"5,169","5,843","5,891"
250107,"87,525","113,470","116,330"
250201,"32,430","41,621","42,514"
250202,"6,655","8,510","8,627"
250203,"8,264","11,149","11,400"
250204,"1,975","2,564","2,624"
250301,"29,440","30,297","31,059"
250302,"10,214","12,786","13,133"
250303,"7,722","10,946","11,297"
250304,"7,594","11,236","11,590"
250305,"5,137","6,380","6,487"
250401,"2,860","3,270","3,257"