UBIGEO,PERSONA_NATURAL,COOPERATIVA_AGRARIA,COMUNIDAD_CAMPESINA,COMUNIDAD_NATIVA,OTROS
010101,283,,,,2
010102,113,,1,,1
010103,282,,,,
010104,157,,1,,3
010105,264,,4,,
010106,638,,4,,15
010107,104,,2,,
010108,105,,1,,1
010109,869,,1,,4
010110,614,,2,,2
010111,255,,1,,1
010112,191,,1,,1
010113,286,,3,,5
010114,773,,2,,7
010115,214,,1,,1
010116,103,,3,,
010117,248,,1,,
010118,104,,,,
010119,194,,1,,
010120,458,,3,,5
010121,64,,1,,1
010201,701,,,,
010202,"2,707",,,6,3
010203,"1,293",,1,,1
010204,247,,,,
010205,"5,530",,,85,14
010206,"1,599",,1,,2
010301,319,,1,,
010302,150,,1,,
010303,67,,,,
010304,200,,1,,1
010305,329,,1,,
010306,"1,131",,1,,3
010307,562,,,,4
010308,95,,1,,
010309,123,,1,,
010310,416,,1,,1
010311,263,,1,,
010312,"1,089",,2,,3
010401,"4,274",,3,75,1
010402,"1,186",,,23,
010403,"2,841",,,22,1
010501,217,,1,,3
010502,"1,535",,,,
010503,520,,,,
010504,518,,1,,
010505,411,,1,,6
010506,180,,,,
010507,214,,1,,
010508,261,,1,,2
010509,604,,,,3
010510,104,,1,,1
010511,189,,2,,1
010512,942,,,,
010513,745,,,,
010514,"1,311",,,,
010515,"1,311",,,,
010516,188,,1,,4
010517,247,,,,
010518,264,,2,,
010519,150,,,,
010520,574,,1,,4
010521,716,,1,,
010522,306,,1,,
010523,307,,1,,
010601,863,1,,,5
010602,955,,,,
010603,140,,,,
010604,985,,,,5
010605,706,,,,
010606,369,,,,
010607,298,,,,
010608,175,,,,
010609,"2,642",,,,1
010610,141,,,,
010611,87,,,,
010612,658,,,,
010701,"5,080",1,,,2
010702,"5,205",,,1,5
010703,"2,004",,,,2
010704,"1,080",,,,1
010705,"1,527",,,,
010706,"3,091",2,,,27
010707,837,,,,2
020101,"6,727",,3,,90
020102,409,,1,,
020103,161,,1,,
020104,549,,2,,
020105,"10,705",,13,,118
020106,"2,529",1,2,,4
020107,259,,1,,
020108,"1,275",,3,,2
020109,391,,,,3
020110,964,,4,,4
020111,"1,448",,2,,5
020112,"1,904",,,,
020201,641,,5,,7
020202,509,1,4,,4
020203,128,,1,,
020204,601,,6,,5
020205,163,,1,,
020301,964,,,,
020302,"1,007",,1,,
020303,388,,,,
020304,"1,472",,,,4
020305,"1,383",,,,1
020306,700,,1,,
020401,"1,198",,4,,6
020402,"1,707",,1,,4
020501,711,,3,,2
020502,38,,1,,
020503,383,,2,,
020504,386,,1,,1
020505,312,,1,,
020506,86,,1,,
020507,261,,1,,
020508,438,,7,,
020509,419,,7,,3
020510,380,,2,,
020511,72,,2,,
020512,114,,3,,
020513,205,,2,,1
020514,116,,2,,
020515,138,,2,,
020601,"4,019",,5,,5
020602,"1,102",,1,,1
020603,"1,490",,1,,
020604,"1,054",,1,,1
020605,752,,,,
020606,"2,362",1,5,,8
020607,"1,164",,,,
020608,964,,4,,
020609,"2,948",,1,,1
020610,"1,228",,,,7
020611,"1,098",,1,,2
020701,"3,472",,6,,4
020702,"1,090",,4,,2
020703,"1,955",,5,,13
020801,"1,010",,,,2
020802,821,,,,
020803,315,,,,1
020804,"1,585",,2,,2
020901,549,,,,6
020902,155,,,,
020903,97,,,,
020904,509,,8,,
020905,193,,1,,2
020906,192,,2,,
020907,130,,,,2
021001,"1,909",,7,,9
021002,483,,2,,3
021003,"1,153",,2,,1
021004,"2,256",,5,,1
021005,"1,139",,4,,
021006,368,,3,,
021007,"1,289",,3,,
021008,"1,826",,2,,1
021009,958,,2,,1
021010,501,,2,,
021011,"1,147",,5,,
021012,220,,,,
021013,366,,2,,1
021014,"4,679",,3,,2
021015,835,,2,,2
021016,441,,2,,1
021101,286,,1,,
021102,438,,,,4
021103,873,,2,,1
021104,288,,1,,
021105,227,,,,2
021201,"2,929",,1,,20
021202,226,,,,1
021203,857,,2,,7
021204,932,,1,,16
021205,476,,,,1
021206,"1,716",,11,,3
021207,"2,396",,2,,7
021208,"1,384",,6,,4
021209,911,,,,11
021210,397,,2,,7
021301,"1,093",,,,4
021302,"1,453",,1,,3
021303,342,,1,,
021304,584,,,,4
021305,511,,,,2
021306,"1,730",,4,,1
021307,983,,4,,
021308,630,,,,3
021401,434,,1,,7
021402,131,,1,,2
021403,119,,1,,1
021404,187,,2,,1
021405,319,,1,,2
021406,506,,1,,4
021407,168,,1,,1
021408,366,,2,,3
021409,208,,2,,
021410,182,,1,,1
021501,755,,1,,
021502,370,,,,2
021503,"1,319",,6,,3
021504,199,,1,,5
021505,233,,,,1
021506,185,,1,,
021507,333,,,,
021508,874,,1,,3
021509,"1,033",,1,,
021510,473,,,,
021511,707,,,,
021601,"3,622",,7,,2
021602,"1,360",,3,,5
021603,"1,563",,15,,7
021604,760,,2,,5
021701,"1,525",,4,,4
021702,685,,2,,1
021703,116,,1,,2
021704,248,,1,,
021705,246,,3,,
021706,550,,2,,
021707,268,,2,,
021708,347,,2,,7
021709,234,,1,,
021710,537,,1,,3
021801,"3,945",,1,,5
021802,"1,320",,1,,7
021803,,,,,
021804,"1,225",,,,2
021805,"1,120",,1,,1
021806,605,,,,
021807,296,,1,,
021808,766,,,,1
021809,"1,050",,,,1
021901,841,,2,,6
021902,280,,2,,
021903,175,,1,,
021904,"1,112",,4,,4
021905,233,,3,,3
021906,"1,276",,8,,14
021907,656,,3,,7
021908,969,,8,,17
021909,"1,714",,5,,4
021910,536,,1,,
022001,"5,372",,4,,5
022002,542,,3,,6
022003,"2,740",,4,,5
022004,488,,4,,6
022005,"2,256",,,,1
022006,"1,554",,1,,1
022007,895,,3,,
022008,"1,992",,3,,7
030101,"2,020",,10,,1
030102,249,,,,
030103,696,,9,,1
030104,"3,633",,21,,3
030105,"1,149",,5,,8
030106,"1,272",,15,,1
030107,"1,182",,6,,3
030108,691,,3,,2
030109,536,,,,3
030201,"5,340",,11,,
030202,"1,922",,16,,35
030203,349,,6,,
030204,"1,152",,6,,
030205,"1,145",,5,,
030206,300,,1,,1
030207,"1,681",,11,,3
030208,"1,257",,10,,3
030209,"3,336",,10,,
030210,622,,1,,
030211,132,,1,,
030212,836,,10,,
030213,"3,999",,12,,3
030214,504,,1,,
030215,"3,663",,8,,
030216,"3,639",,11,,2
030217,511,,1,,
030218,"1,112",,7,,
030219,"1,350",,,,2
030220,,,,,
030301,944,,4,,3
030302,155,,1,,
030303,386,,2,,
030304,574,,5,,
030305,739,,5,,1
030306,214,,2,,
030307,355,,2,,3
030401,799,,9,,
030402,180,,1,,2
030403,302,,2,,
030404,706,,6,,6
030405,219,,,,
030406,729,,9,,19
030407,188,,2,,
030408,237,,5,,
030409,552,,5,,
030410,290,,4,,
030411,327,,1,,1
030412,357,,2,,6
030413,242,,,,
030414,649,,1,,
030415,656,,4,,
030416,448,,4,,2
030417,288,,3,,
030501,"2,373",,22,,1
030502,"1,130",,9,,3
030503,"1,833",,20,,3
030504,"2,037",,17,,
030505,"1,520",,17,,
030506,"1,010",,13,,
030601,"1,388",,6,,3
030602,"1,446",,8,,3
030603,607,,4,,1
030604,"2,173",,5,,7
030605,"2,355",,10,,
030606,"1,862",,9,,3
030607,688,,6,,
030608,"1,077",,5,,3
030609,,,,,
030610,,,,,
030611,,,,,
030701,"1,200",,13,,
030702,628,,6,,
030703,"1,138",,14,,7
030704,591,,12,,
030705,246,,2,,1
030706,322,,2,,
030707,259,,2,,
030708,447,,15,,
030709,174,,1,,1
030710,273,,3,,
030711,293,,2,,2
030712,173,,1,,1
030713,210,,1,,
030714,384,,7,,1
040101,93,,,,2
040102,75,,,,3
040103,570,,,,
040104,693,1,,,3
040105,866,,1,,1
040106,913,,2,,2
040107,569,,,,2
040108,"1,117",1,,,6
040109,,,,,
040110,,,,,
040111,427,,,,2
040112,346,,,,5
040113,702,,2,,
040114,813,,1,,2
040115,358,,,,
040116,587,,,,2
040117,785,,,,1
040118,85,,,,
040119,585,,5,,
040120,293,,,,
040121,106,,,,2
040122,712,,1,,4
040123,950,,,,
040124,723,,,,
040125,"1,216",,,,
040126,225,,1,,2
040127,340,,,,
040128,452,,1,,1
040129,160,,,,
040201,75,,,,1
040202,406,,,,
040203,312,,,,
040204,941,,,,
040205,504,,,,
040206,820,,,,
040207,64,,,,1
040208,820,,,,
040301,290,,,,3
040302,560,,,,2
040303,124,,,,
040304,115,,,,
040305,472,,,,2
040306,283,,2,,2
040307,37,,,,
040308,223,,,,
040309,114,,1,,
040310,241,,,,
040311,,,,,
040312,505,,3,,1
040313,400,,,,
040401,930,,,,
040402,364,,,,
040403,133,,,,
040404,698,,1,,1
040405,240,,1,,5
040406,472,,4,,
040407,258,,,,
040408,308,,,,
040409,468,,5,,1
040410,866,,4,,
040411,267,,,,
040412,57,,,,
040413,688,,,,2
040414,648,,1,,1
040501,822,,2,,5
040502,730,,,,
040503,"1,523",,1,,3
040504,617,,,,1
040505,692,,3,,
040506,770,,1,,3
040507,445,,1,,1
040508,835,,1,,
040509,483,,1,,3
040510,677,,1,,2
040511,"1,337",,,,9
040512,800,,1,,2
040513,542,,,,1
040514,764,,,,1
040515,223,,1,,3
040516,345,,2,,
040517,763,,1,,2
040518,537,,,,7
040519,819,1,1,,5
040520,"2,787",,,,13
040601,866,,1,,7
040602,198,,2,,3
040603,557,,4,,
040604,275,,1,,
040605,352,,,,1
040606,336,,,,
040607,509,,5,,
040608,"1,114",,4,,1
040701,473,,,,1
040702,896,,,,1
040703,923,,,,2
040704,,,,,
040705,103,,,,
040706,"1,121",,,,
040801,608,,,,7
040802,747,,,,
040803,207,,,,
040804,965,,4,,3
040805,508,1,4,,2
040806,"1,014",,3,,2
040807,173,,,,1
040808,117,,,,1
040809,139,,1,,
040810,227,,3,,2
040811,437,,4,,5
050101,945,,4,,2
050102,"2,656",,24,,
050103,"1,059",,8,,
050104,153,,1,,
050105,"2,933",,20,,7
050106,"1,777",,8,,3
050107,922,,2,,2
050108,"2,354",,6,,1
050109,940,,2,,
050110,185,1,,,2
050111,679,,7,,
050112,"1,605",,20,,5
050113,"1,599",,11,,
050114,"3,647",,27,,2
050115,206,,3,,
050116,,,,,
050201,"1,700",,13,,1
050202,"2,027",,6,,
050203,"2,296",,18,,
050204,726,,3,,
050205,"1,330",,4,,1
050206,"1,301",,8,,7
050301,608,,1,,6
050302,944,,4,,20
050303,477,,3,,
050304,917,,2,,
050401,"6,396",,42,,2
050402,987,,13,,
050403,"2,177",,3,,
050404,"1,262",,4,,
050405,"1,973",,5,,5
050406,"2,028",,33,,7
050407,"2,934",,4,,2
050408,"2,619",,2,1,1
050409,,,,,
050410,,,,,
050411,,,,,
050412,,,,,
050501,"2,382",,18,,12
050502,"2,622",,,,
050503,"2,061",,2,,4
050504,"1,372",,2,,2
050505,"1,336",,5,1,
050506,868,,,,
050507,"2,785",,,1,1
050508,"3,469",,3,,1
050509,639,,,,
050510,,,,,
050511,,,,,
050601,"2,159",,8,,2
050602,832,,11,,16
050603,504,,2,,3
050604,384,,1,,2
050605,638,,2,,
050606,940,,12,,5
050607,584,,8,,7
050608,450,,,,
050609,497,,4,,7
050610,430,,2,,4
050611,803,,8,,5
050612,811,,3,,17
050613,305,,7,,
050614,127,,1,,1
050615,787,,1,,
050616,220,,,,
050617,"1,204",,2,,1
050618,529,,3,,2
050619,738,,1,,
050620,259,,1,,
050621,315,,3,,4
050701,"2,481",,2,,4
050702,"1,048",,5,,2
050703,261,,7,,
050704,296,,5,,
050705,776,,9,,7
050706,833,,7,,1
050707,480,,7,,
050708,516,,6,,
050801,666,,6,,7
050802,215,,2,,2
050803,257,,1,,2
050804,760,,3,,
050805,182,,3,,
050806,558,,6,,
050807,266,,,,
050808,202,,,,
050809,227,,6,,1
050810,200,,,,
050901,581,,4,,10
050902,105,,1,,
050903,163,,1,,
050904,160,,1,,
050905,147,,,,
050906,451,,4,,
050907,215,,2,,
050908,255,,3,,
050909,339,,,,
050910,267,,3,,
050911,272,,3,,
051001,"1,192",,1,,9
051002,546,,6,,
051003,238,,3,,1
051004,138,,2,,
051005,581,,3,,1
051006,582,,3,,2
051007,893,,2,,1
051008,462,,1,,5
051009,871,,1,,2
051010,"1,299",,2,,4
051011,834,,4,,5
051012,"1,080",,9,,8
051101,"1,589",,6,,3
051102,347,,5,,
051103,252,,,,
051104,591,,,,
051105,542,,3,,1
051106,416,,3,,
051107,401,,,,
051108,"1,456",,9,,1
060101,"11,929",13,6,,5
060102,"2,501",,7,,1
060103,"1,277",,7,,
060104,"1,894",,6,,1
060105,"13,264",,3,,1
060106,"4,502",,4,,
060107,"2,517",,,,1
060108,"9,764",,2,,5
060109,"9,764",,5,,11
060110,"1,324",,,,
060111,"2,657",,1,,
060112,"1,489",1,2,,1
060201,"4,803",,4,,12
060202,"8,123",,2,,11
060203,"4,997",,2,,19
060204,"2,369",1,1,,16
060301,"4,495",,,,6
060302,768,,,,
060303,"1,409",,,,2
060304,"3,718",,,,
060305,703,,,,
060306,"2,005",,,,5
060307,"1,082",,,,2
060308,"1,625",,,,
060309,"6,705",,,,
060310,"2,902",,1,,30
060311,702,,1,,
060312,"1,776",,,,
060401,"13,036",,4,,5
060402,"2,505",,,,
060403,"1,065",,,,
060404,"3,111",,,,2
060405,662,,,,
060406,490,,,,
060407,"2,302",,,,
060408,"2,838",,,,
060409,"3,458",,1,,1
060410,"5,673",,1,,2
060411,"1,625",,2,,1
060412,"1,208",,1,,2
060413,"1,694",,,,
060414,593,1,,,2
060415,"2,734",,2,,2
060416,393,,1,,
060417,"4,841",,,,
060418,357,,2,,
060419,"5,245",,,,6
060501,"2,056",,2,,14
060502,171,,2,,3
060503,664,,2,,8
060504,816,,1,,11
060505,"1,064",,1,,2
060506,320,,1,,
060507,785,,2,,
060508,996,,,,4
060601,"18,964",,5,,3
060602,"3,129",,,,
060603,898,,,,
060604,771,,1,,
060605,957,,,,
060606,"1,444",,,,
060607,"6,549",,,,
060608,"1,523",,,,
060609,481,,,,
060610,864,,,,
060611,"1,384",,,,
060612,"1,809",,,,
060613,"2,452",,,,
060614,"2,431",,2,,
060615,356,,,,
060701,"4,670",,,,
060702,"1,374",,,,
060703,"4,029",,1,,
060801,"3,266",,,,2
060802,"2,226",,,,2
060803,"2,353",,,,6
060804,"2,761",,1,,5
060805,"1,981",,,,1
060806,"1,351",,,,1
060807,"1,869",,,,
060808,475,,,,
060809,"1,731",,1,,3
060810,"1,267",,1,,1
060811,"1,972",,,,13
060812,"2,316",,2,,6
060901,"8,747",2,,,10
060902,"4,816",2,,2,26
060903,"4,413",,2,5,3
060904,"6,928",1,1,,18
060905,"2,480",,,,9
060906,"2,480",,,,9
060907,"2,480",,,,9
061001,"5,087",,2,,2
061002,"1,908",,,,
061003,594,,,,
061004,"2,947",,1,,2
061005,"2,069",,,,
061006,"3,209",,,,
061007,"3,800",,,,3
061101,"4,843",,,,2
061102,415,,,,
061103,"1,494",,2,,1
061104,"1,028",,,,1
061105,624,,,,
061106,705,,,,
061107,"2,312",,4,,
061108,540,,,,
061109,"1,320",,1,,
061110,749,,2,,2
061111,"1,754",,,,
061112,"1,074",,,,
061113,"1,142",,,,3
061201,"3,095",,2,,
061202,"1,314",,2,,2
061203,210,,1,,
061204,"1,157",,1,,
061301,"1,739",,3,,
061302,715,,,,
061303,"2,719",,,,8
061304,"1,869",,1,,
061305,"2,389",,,,
061306,"1,726",,,,
061307,"1,763",,,,
061308,"1,594",,1,,
061309,80,,,,
061310,"1,097",,,,
061311,763,,1,,
070101,17,,,,
070102,,,,,
070103,,,,,
070104,,,,,
070105,,,,,
070106,"2,991",,,,
070107,,,,,
080101,"1,602",,11,,21
080102,749,,9,,2
080103,470,,5,,
080104,"1,484",,7,,4
080105,"1,901",,8,,13
080106,834,,7,1,
080107,408,,2,,
080108,,,,,
080201,"1,503",,9,,2
080202,664,,2,,4
080203,"1,240",,3,,1
080204,356,,,,
080205,"1,801",,13,,4
080206,884,,10,,2
080207,844,,5,,6
080301,"5,025",,24,,10
080302,"1,864",,12,,8
080303,"1,010",,4,,2
080304,"1,282",,11,,2
080305,"2,130",,7,1,5
080306,"2,075",,17,,7
080307,986,1,8,,10
080308,940,,2,,
080309,"1,701",,7,,7
080401,"2,782",3,19,,13
080402,"1,116",,1,,1
080403,"1,357",,11,,21
080404,"2,354",,17,,3
080405,"1,725",,13,,
080406,"1,660",,1,,2
080407,"1,382",,11,,9
080408,"2,475",1,12,,8
080501,"2,232",,15,,4
080502,"1,811",,12,,
080503,"1,263",,15,,
080504,858,,9,,
080505,"1,540",,6,,4
080506,419,,3,,2
080507,"1,121",,4,,
080508,788,,9,,
080601,"5,466",,27,,1
080602,"1,298",,17,,4
080603,997,,9,,
080604,"2,647",,12,,4
080605,"1,596",,11,,
080606,"1,493",,14,,1
080607,698,,7,,1
080608,"1,314",,5,,5
080701,"4,345",,21,,
080702,"1,217",,6,,
080703,"1,782",,10,,1
080704,"1,669",,9,,1
080705,"2,541",,11,,2
080706,"1,004",,6,,
080707,938,,3,,
080708,"1,537",,7,,2
080801,"1,714",,15,,3
080802,294,,1,,1
080803,"3,583",,22,,
080804,707,,3,,
080805,"1,067",,10,,2
080806,"1,016",,10,,
080807,829,,3,,
080808,697,,5,,2
080901,"2,860",4,,,5
080902,"10,593",,,6,29
080903,"1,559",,,,4
080904,"1,903",1,1,,
080905,"1,122",1,,,3
080906,"3,876",,,3,4
080907,"3,314",,2,6,5
080908,"1,943",,3,,
080909,"2,627",,9,,
080910,"3,655",,1,5,4
080911,,,,,
080912,,,,,
080913,,,,,
080914,,,,,
081001,"1,264",,10,,3
081002,"1,023",,6,,3
081003,"1,052",,10,,4
081004,408,,6,,
081005,"1,654",,25,,
081006,"1,486",,10,,
081007,"1,049",,13,,6
081008,341,,5,,
081009,688,,6,,2
081101,"2,542",,48,,
081102,"1,011",,16,,1
081103,"1,796",,29,,
081104,"2,358",,31,,2
081105,"1,643",,19,,1
081106,885,,,1,
081201,"2,008",,10,,5
081202,"1,035",,5,,2
081203,373,,1,1,
081204,779,,13,,
081205,"3,108",,27,,3
081206,"1,325",1,7,,6
081207,967,,8,,2
081208,"1,241",,3,,4
081209,"1,160",,8,,1
081210,"3,388",,18,,
081211,"1,261",,2,,
081212,"2,586",,16,,6
081301,"2,377",,3,,7
081302,"2,221",,19,,1
081303,"1,578",,1,,
081304,341,,,,1
081305,"2,024",,6,,3
081306,"2,237",,15,,4
081307,895,,1,,2
090101,"1,177",,14,,2
090102,645,,6,,1
090103,"5,088",,49,,2
090104,392,,2,,
090105,657,,9,,4
090106,329,,1,,
090107,228,,1,,1
090108,893,,1,,5
090109,294,,5,,1
090110,271,,2,,
090111,34,,1,,1
090112,289,,2,,
090113,571,,7,,
090114,769,,10,,
090115,237,,1,,
090116,775,,4,,3
090117,"3,093",,14,,2
090118,370,,6,,
090119,"1,477",,14,,2
090201,"2,503",1,12,,3
090202,706,,3,,
090203,"1,382",,13,,
090204,802,,7,,
090205,534,,6,,
090206,"2,450",,11,,
090207,"1,546",,12,,8
090208,"1,315",,5,,
090301,"3,372",,16,,
090302,"1,132",,10,,
090303,280,,1,,
090304,406,,4,,
090305,340,,9,,
090306,"1,067",,19,,
090307,266,,1,,
090308,232,,2,,
090309,401,,7,,3
090310,216,,3,,
090311,313,,5,,
090312,576,,9,,
090401,688,,5,,2
090402,247,,1,,
090403,412,,1,,
090404,390,,3,,
090405,305,,4,,
090406,240,,1,,
090407,276,,3,,
090408,178,,1,,
090409,374,,1,,
090410,238,,1,,
090411,414,,5,,1
090412,165,,1,,
090413,465,,4,,
090501,"1,376",,11,,11
090502,"1,317",,22,,1
090503,539,,6,,
090504,638,,3,,1
090505,191,,1,,2
090506,959,,8,,
090507,"1,205",,22,,7
090508,176,,2,,3
090509,580,,7,,
090510,719,,1,,
090511,762,,8,,
090601,296,,2,,
090602,163,,1,,
090603,308,,2,,
090604,159,,1,,
090605,279,,1,,
090606,331,,4,,
090607,812,,5,,
090608,381,,1,,2
090609,251,,2,,
090610,409,,4,,
090611,195,,1,,
090612,408,,1,,
090613,920,,1,,2
090614,211,,1,,
090615,298,,1,,
090616,257,,1,,
090701,"1,073",,11,,1
090702,"1,007",,11,,5
090703,"1,054",,9,,
090704,"1,072",,14,,
090705,"4,141",,30,,
090706,"1,141",,7,,
090707,848,,6,,
090709,"1,457",,16,,
090710,377,,2,,
090711,"1,386",1,11,,
090713,203,,1,,
090714,898,,12,,1
090715,851,,14,,
090716,705,,11,,1
090717,"1,174",,11,,1
090718,851,,3,,
090719,,,,,
090720,,,,,
090721,,,,,
090722,,,,,
090723,,,,,
100101,"1,254",,2,,3
100102,"1,777",,3,,1
100103,"4,629",,,,
100104,"3,726",,13,,
100105,"1,104",,9,,
100106,"1,688",,10,,
100107,"1,120",,,,
100108,811,,6,,
100109,"4,051",,10,,
100110,530,,,,
100111,782,,2,,3
100112,821,,,,
100113,,,,,
100201,"1,703",,6,,2
100202,864,,9,,
100203,461,,6,,
100204,"1,131",1,3,,
100205,"1,781",,,,1
100206,573,,6,,
100207,"2,379",,11,,
100208,317,,,,2
100301,590,,3,,1
100307,989,,2,,1
100311,"1,269",,5,,
100313,"1,498",,2,,3
100316,235,,1,,2
100317,863,,6,,3
100321,574,,3,,3
100322,753,,6,,
100323,747,,4,,3
100401,"1,277",,,,7
100402,648,,,,
100403,721,,,,
100404,"1,729",,2,,9
100501,"2,766",,9,,8
100502,362,,,,2
100503,890,,4,,10
100504,"1,596",,2,,8
100505,404,,6,,
100506,943,,1,,2
100507,"2,286",,,,2
100508,552,,2,,2
100509,"1,325",,1,,5
100510,849,,2,,
100511,565,,3,,
100601,"1,774",,,,
100602,"2,261",,,,
100603,579,,,,
100604,"5,660",,1,,7
100605,"1,485",,,,3
100606,"2,382",1,,,
100607,,,,,
100608,,,,,
100609,,,,,
100610,,,,,
100701,"2,818",,8,,3
100702,"3,315",,,,
100703,586,,2,,
100704,,,,,
100705,,,,,
100801,"3,400",,2,,3
100802,"1,963",,2,,
100803,"2,261",,,,
100804,"2,652",,,,
100901,"1,304",,,1,
100902,"1,268",,,,
100903,"1,007",,,2,
100904,"1,364",,,,3
100905,"1,291",1,,1,
101001,"1,144",,1,,2
101002,588,,,,
101003,323,,1,,
101004,153,,1,,
101005,"1,202",,6,,2
101006,449,,2,,2
101007,"1,239",,5,,3
101101,"1,695",,5,,
101102,845,,1,,
101103,387,,2,,
101104,"1,781",,6,,
101105,439,,1,,
101106,"1,439",,9,,3
101107,565,,1,,
101108,"1,008",,,,
110101,974,,,,3
110102,463,,,,
110103,"1,862",,,,1
110104,"1,142",,1,,5
110105,381,1,,,
110106,308,,,,2
110107,"1,874",,,,
110108,"1,281",,,,9
110109,577,,,,
110110,949,,,,2
110111,"2,579",2,2,,8
110112,752,,,,3
110113,"1,314",,,,12
110114,999,,5,,
110201,411,,,,2
110202,561,,,,3
110203,325,,1,,
110204,748,2,,,3
110205,"1,129",4,,,2
110206,"2,209",,,,4
110207,154,,,,
110208,321,,2,,
110209,324,,1,,
110210,"1,706",,,,19
110211,152,,,,
110301,990,1,,,2
110302,451,,,,
110303,448,,,,1
110304,12,,,,
110305,727,,,,
110401,317,,,,3
110402,183,,,,
110403,409,,,,1
110404,318,1,,,
110405,106,,2,,1
110501,173,,,,
110502,265,,1,,1
110503,921,,,,1
110504,"1,436",,,,
110505,185,,,,1
110506,471,,,,3
110507,708,,,,1
110508,212,,,,1
120101,664,,4,,1
120104,123,,1,,1
120105,367,,7,,8
120106,261,,1,,
120107,355,,1,,
120108,354,,4,,4
120111,405,,3,,
120112,456,,2,,2
120113,607,,13,,
120114,979,,7,,5
120116,491,,2,,
120117,515,,1,,
120119,712,,3,,
120120,207,,1,,2
120121,"1,232",,2,,1
120122,291,,3,,
120124,"1,727",,16,,4
120125,286,,1,,
120126,965,,6,,3
120127,118,,2,,
120128,280,,2,,
120129,426,,1,,
120130,702,,1,,
120132,174,,1,,
120133,"1,708",,4,,1
120134,"1,272",,1,,
120135,"2,037",,23,,2
120136,491,,1,,
120201,722,,1,,2
120202,376,,4,,1
120203,"1,206",,8,,
120204,723,,5,,7
120205,578,,8,,2
120206,"1,583",,20,,
120207,448,,2,,
120208,463,,2,,1
120209,407,,6,,
120210,"1,169",,2,,3
120211,291,,1,,2
120212,665,,,,
120213,809,,2,,1
120214,"1,331",,6,,1
120215,396,,2,,
120301,"2,346",,,2,3
120302,"8,441",,,13,4
120303,"7,107",,,18,9
120304,"1,717",1,,1,1
120305,"2,196",,,,6
120306,590,,,,
120401,413,,1,,2
120402,"1,831",,7,,2
120403,"1,494",,4,,
120404,418,,,,2
120405,312,,1,,
120406,305,,3,,1
120407,841,,1,,9
120408,710,,2,,2
120409,357,,1,,
120410,681,,1,,4
120411,336,,2,,4
120412,281,,1,,2
120413,815,,2,,3
120414,358,,3,,
120415,293,,4,,1
120416,766,,1,,1
120417,188,,2,,
120418,522,,3,,2
120419,444,,1,,
120420,676,,1,,4
120421,604,,3,,2
120422,309,,4,,
120423,529,,7,,
120424,425,,6,,3
120425,259,,5,,
120426,499,,6,,1
120427,536,,2,,2
120428,745,,4,,5
120429,367,,3,,1
120430,548,,1,,2
120431,"1,184",,8,,1
120432,237,,2,,3
120433,573,,5,,1
120434,265,,1,,
120501,628,,3,,4
120502,659,,4,,
120503,460,,2,,
120504,"2,242",,12,,3
120601,"3,780",,,19,11
120602,"1,021",,,1,1
120603,"1,367",,,1,
120604,"14,990",1,3,45,21
120605,"1,405",,3,1,8
120606,,,,,
120607,"3,784",1,,18,6
120608,"5,121",,,43,16
120609,,,,,
120701,"3,029",,9,,
120702,"2,261",,1,,
120703,596,,6,,1
120704,"2,602",,8,,2
120705,"1,032",,2,,1
120706,"1,015",,3,,
120707,"1,064",,2,,
120708,"1,337",,4,,3
120709,"1,412",,13,,
120801,210,,3,,3
120802,213,,1,,5
120803,154,,2,,2
120804,240,,2,,
120805,110,,1,,
120806,326,,2,,3
120807,229,,2,,1
120808,133,,1,,
120809,187,,1,,1
120810,228,,3,,1
120901,"2,114",,,,1
120902,"2,219",,2,,
120903,"1,610",,2,,
120904,"1,493",,2,,
120905,"1,076",,,,
120906,932,,4,,2
120907,888,,5,,1
120908,"1,019",,2,,1
120909,873,,9,,12
130101,164,1,,,
130102,34,,,,
130103,,,,,
130104,273,,,,
130105,,,,,
130106,"1,696",,1,,5
130107,871,1,,,1
130108,648,,,,
130109,28,,,,
130110,731,,3,,
130111,81,,,,
130201,504,,,,
130202,579,,,,
130203,689,,,,
130204,429,,,,
130205,862,,1,,1
130206,918,,,,
130207,576,,1,,
130208,"1,026",,,,
130301,"1,008",,3,,3
130302,680,,3,,1
130303,460,,2,,1
130304,322,,1,,
130305,688,,,,
130306,164,,,,
130401,"2,043",,,,
130402,"2,996",,2,,3
130403,"1,850",1,,,3
130501,"3,719",,5,,
130502,"1,874",,,,
130503,"2,223",,,,
130504,"1,501",,,,
130601,"6,873",,1,,9
130602,"3,096",,1,,
130604,"1,318",,1,,
130605,"1,725",,2,,2
130606,395,,2,,
130608,"1,174",,,,3
130610,322,,,,
130611,"2,929",,2,,2
130613,"3,021",,2,,1
130614,"6,932",,4,,8
130701,973,,,,1
130702,"1,961",,,,1
130703,208,,1,,
130704,37,,,,1
130705,"1,294",,,,2
130801,"2,622",,3,,4
130802,677,,4,,
130803,"2,193",,5,,
130804,"1,472",,3,,3
130805,305,,,,1
130806,762,,1,,
130807,396,,,,
130808,"1,358",,8,,
130809,532,,3,,
130810,269,,3,,1
130811,826,,2,,
130812,667,,,,
130813,546,,,,
130901,"8,087",,1,,6
130902,"4,771",,2,,1
130903,"2,210",,,,1
130904,"2,517",,3,,
130905,"2,931",,1,,
130906,"3,118",,2,,4
130907,"2,952",,9,,6
130908,"2,784",,1,,
131001,"4,508",,2,,11
131002,"1,049",,,,2
131003,991,,,,
131004,453,,2,,4
131005,738,,,,
131006,"1,730",,1,,
131007,893,,1,,
131008,"1,123",,1,,2
131101,"2,481",,1,,7
131102,"1,776",,3,,
131103,754,,,,1
131104,"1,785",,,,4
131201,"2,498",,,,4
131202,"1,577",,,,1
131203,407,,,,1
140101,121,,,,
140102,"1,209",,1,,1
140103,457,,,,
140104,,,,,
140105,238,,,,
140106,806,,,,
140107,"1,083",,2,,
140108,"2,013",,1,,
140109,416,,,,
140110,"1,534",,,,
140111,326,,,,
140112,693,,,,
140113,832,,1,,
140114,139,,1,,
140115,"1,081",,,,2
140116,783,,,,
140117,911,,,,
140118,101,,,,
140119,220,,,,
140120,311,,,,
140201,875,,1,,1
140202,"3,358",,2,,
140203,"3,129",,6,,2
140204,"1,164",,,,2
140205,"2,974",,1,,3
140206,512,,,,
140301,"3,998",,,,1
140302,144,,1,,
140303,"1,404",,,,1
140304,"2,309",,2,,8
140305,"3,395",,,,
140306,"8,079",,1,,
140307,"1,869",,2,,2
140308,"3,122",5,,,1
140309,"1,687",,1,,
140310,"3,303",,3,,
140311,848,,1,,
140312,"3,450",,,,
150101,,,,,
150102,12,,1,,1
150103,89,,,,
150104,,,,,
150105,,,,,
150106,"1,857",,1,,1
150107,,,,,
150108,39,,,,
150109,176,,,,1
150110,96,,,,2
150111,5,,,,
150112,,,,,
150113,,,,,
150114,3,,,,3
150115,,,,,
150116,,,,,
150117,1,,,,1
150118,"1,377",,1,,6
150119,"2,079",,2,,5
150120,,,,,
150121,,,,,
150122,,,,,
150123,"1,126",,,,3
150124,2,,1,,
150125,207,,,,
150126,138,,5,,
150127,4,,1,,2
150128,9,,2,,1
150129,,,,,
150130,,,,,
150131,,,,,
150132,84,,,,
150133,286,,,,
150134,,,,,
150135,199,,,,
150136,,,,,
150137,,,,,
150138,,,,,1
150139,,,,,
150140,,,,,
150141,,,,,
150142,559,,,,
150143,504,,,,
150201,"1,380",,1,,8
150202,912,,4,,5
150203,"1,217",,1,,1
150204,"2,003",,,,4
150205,340,,,,
150301,782,,9,,3
150302,227,,3,,1
150303,579,,4,,9
150304,570,,4,,
150305,535,,4,,8
150401,709,,4,,2
150402,226,,4,,
150403,315,,4,,1
150404,371,,3,,
150405,236,,4,,1
150406,374,,3,,
150407,812,,1,,1
150501,"2,047",,1,,2
150502,547,,1,,
150503,721,,1,,1
150504,358,,1,,1
150505,263,,1,,
150506,428,,2,,
150507,"1,005",,,,
150508,"2,764",,,,8
150509,"1,628",,1,,2
150510,"1,614",,,,1
150511,969,,,,
150512,793,,,,1
150513,902,,,,4
150514,658,,,,
150515,"1,217",,1,,1
150516,667,,,,
150601,"3,235",,1,,9
150602,206,,6,,
150603,310,,5,,
150604,"2,150",,1,,2
150605,"1,648",3,,,1
150606,945,,9,,
150607,188,,2,,
150608,173,,4,,
150609,102,,4,,
150610,78,,3,,
150611,322,,3,,
150612,199,,2,,
150701,366,,3,,1
150702,588,,5,,1
150703,259,,1,,
150704,116,,2,,
150705,130,,1,,
150706,161,,2,,
150707,170,,2,,
150708,102,,1,,
150709,500,,4,,4
150710,261,,3,,
150711,360,,2,,1
150712,112,,1,,1
150713,457,,2,,1
150714,61,,,,
150715,361,,1,,
150716,389,,2,,
150717,431,,1,,
150718,401,,3,,1
150719,89,,,,3
150720,86,,2,,
150721,763,,7,,1
150722,410,,6,,
150723,765,,6,,2
150724,381,,1,,1
150725,121,,1,,5
150726,410,,7,,9
150727,409,,,,
150728,479,,1,,8
150729,261,,3,,
150730,305,,1,,
150731,574,,3,,
150732,509,,1,,
150801,825,,1,,8
150802,803,,3,,3
150803,115,,1,,
150804,415,,5,,1
150805,236,,1,,2
150806,"1,293",,,,2
150807,739,,7,,1
150808,624,,5,,
150809,255,,5,,
150810,"1,458",,,,16
150811,"1,440",,3,,2
150812,"1,572",,1,,8
150901,636,,7,,5
150902,217,,3,,
150903,196,,2,,1
150904,381,,4,,
150905,358,,5,,2
150906,509,1,7,,3
151001,488,,3,,1
151002,83,,2,,
151003,575,,4,,2
151004,183,,1,,3
151005,160,,2,,1
151006,177,,1,,
151007,71,,1,,3
151008,274,,2,,3
151009,377,,1,,2
151010,108,,3,,4
151011,546,,5,,4
151012,165,,1,,
151013,87,,1,,
151014,115,,2,,
151015,202,,3,,1
151016,191,,2,,2
151017,94,,3,,1
151018,268,,1,,3
151019,246,,3,,
151020,223,,3,,2
151021,98,,2,,
151022,390,,2,,1
151023,222,,1,,1
151024,351,,1,,2
151025,204,,2,,
151026,74,,1,,1
151027,223,,1,,3
151028,149,,1,,
151029,236,,3,,
151030,197,,2,,2
151031,179,,2,,
151032,595,,3,,5
151033,63,,1,,
160101,609,,1,,
160102,495,,14,3,
160103,"3,476",,10,1,8
160104,"1,893",,2,2,
160105,"1,698",,2,10,
160106,"2,157",,2,4,
160107,"2,563",,7,43,
160108,"1,438",,1,6,
160110,"1,052",,1,18,
160112,"1,771",,3,,1
160113,"1,848",,3,,
160201,"4,173",,,3,
160202,"1,804",,,40,
160205,694,,,8,
160206,"1,740",,,26,2
160210,789,,,2,
160211,"1,296",,1,1,
160301,"2,873",,,30,1
160302,"1,161",,1,13,
160303,"1,438",,,5,2
160304,847,,,,
160305,"2,109",,,,
160401,"2,421",,,,1
160402,"1,736",,10,12,1
160403,"1,106",,,,
160404,"1,567",,1,,1
160501,697,,,,
160502,195,,,,
160503,552,,2,9,
160504,"1,015",,,1,
160505,"1,376",,,,
160506,532,,,,
160507,501,,,1,
160508,122,,,,
160509,205,,,1,
160510,468,,,1,1
160511,474,,,18,1
160601,"2,033",,,10,
160602,240,,,1,
160603,861,,,7,
160604,"1,317",,,3,
160605,"2,000",,,2,
160606,667,,1,1,
160701,"1,179",,,5,
160702,"1,431",,,9,
160703,"1,107",,,21,
160704,"1,159",,,52,
160705,"1,674",,,30,
160706,"1,342",,2,34,
160801,553,,,42,1
160802,,,,,
160803,544,,1,22,
160804,,,,,
170101,"1,221",,,8,5
170102,935,,,1,
170103,930,,,1,
170104,479,,,1,
170201,575,,,3,3
170202,259,,,7,2
170203,395,,,4,1
170204,130,,,,
170301,185,,,1,1
170302,943,,,,1
170303,539,,,,1
180101,"1,761",,,,2
180102,"1,659",,3,,
180103,714,,8,,
180104,371,,,,
180105,"1,577",,5,,
180106,"1,449",,3,,
180201,914,,1,,1
180202,330,,11,,
180203,639,,3,,3
180204,886,,20,,
180205,273,,,,
180206,176,,1,,
180207,285,,4,,
180208,944,,,,
180209,138,,,,
180210,"1,272",,14,,
180211,185,,3,,
180301,375,,,,
180302,134,,,,1
180303,39,,,,
190101,20,1,,,
190102,"1,005",,2,,1
190103,396,,3,,
190104,952,2,9,,2
190105,669,,4,,2
190106,700,,6,,2
190107,"4,199",,1,,
190108,"1,213",1,16,,2
190109,571,,12,,6
190110,"1,002",,11,,2
190111,230,,5,,1
190112,509,,2,,1
190113,779,1,7,1,1
190201,"2,220",,10,,9
190202,596,,5,,2
190203,105,,,,
190204,600,,4,,4
190205,281,,1,,
190206,"1,519",,5,,7
190207,563,,4,,
190208,346,,6,,2
190301,"1,462",,,3,9
190302,840,,,,
190303,"1,623",,,,1
190304,"1,664",,,10,3
190305,814,,1,1,1
190306,"3,453",,,73,2
190307,"2,439",,,14,6
190308,"1,459",,,6,1
200101,"1,937",,,,12
200104,"1,097",,3,,6
200105,"4,398",,1,,51
200107,"3,059",,1,,
200108,"1,815",,,,6
200109,"6,243",,,,2
200110,"4,591",,,,5
200111,"2,507",,2,,3
200114,"6,703",2,3,,4
200115,,,,,
200201,"7,639",,21,,7
200202,"2,239",,10,,
200203,692,,2,,6
200204,"1,583",,4,,
200205,"1,434",,5,,1
200206,"4,806",,8,,
200207,"1,824",,2,,1
200208,"2,508",,11,,1
200209,866,,,,1
200210,"2,762",,4,,
200301,"5,810",,1,,4
200302,"2,521",1,,,2
200303,"3,308",,1,,
200304,"10,527",,9,,10
200305,"1,636",,1,,1
200306,"2,725",,,,
200307,"1,982",,1,,
200308,"3,618",,1,,1
200401,"7,934",1,4,,10
200402,"1,330",,1,,2
200403,"1,820",,2,,
200404,"1,401",,,,
200405,"1,815",,,,2
200406,"1,332",,,,
200407,"1,361",,,,2
200408,"1,006",,,,2
200409,"1,932",,2,,7
200410,"2,464",,3,,
200501,75,,1,,
200502,352,,1,,
200503,27,,,,
200504,"1,625",,1,,1
200505,"1,109",,,,1
200506,349,,1,,2
200507,334,,2,,
200601,"3,837",,,,8
200602,,,,,
200603,"2,032",,,,3
200604,"1,585",,3,,
200605,"3,202",,,,
200606,461,,,,2
200607,"3,935",,,,
200608,"1,381",,,,
200701,69,,,,
200702,,,,,
200703,28,,,,
200704,,,,,
200705,,,,,
200706,21,,1,,
200801,"1,147",,1,,1
200802,"1,178",,,,
200803,"2,489",,,,3
200804,963,,,,
200805,"1,972",,,,1
200806,952,,,,3
210101,"1,957",,12,,6
210102,"9,743",,60,,11
210103,898,,3,,
210104,"2,106",,33,,3
210105,"3,361",,12,,2
210106,"2,446",,16,,1
210107,"1,520",,9,,
210108,"1,515",,2,,1
210109,"3,431",,11,,38
210110,"3,659",,14,,4
210111,"1,754",,14,,1
210112,"2,656",,28,,
210113,583,,2,,
210114,759,,7,,1
210115,"1,112",,7,,2
210201,"3,267",,59,,5
210202,"1,475",,20,,5
210203,"2,565",,24,,
210204,"4,063",,49,,4
210205,"1,470",,17,,
210206,"2,346",,26,,
210207,532,,6,,
210208,"1,188",,13,,1
210209,985,,9,,
210210,"4,212",,12,,
210211,"1,797",,21,,
210212,"1,146",,17,,1
210213,"1,139",,13,,
210214,"2,303",,19,,
210215,889,,5,,
210301,"1,034",,8,,7
210302,202,,5,,
210303,"1,749",,7,,
210304,"1,720",,9,,2
210305,845,,5,,5
210306,586,,5,,
210307,985,,4,,1
210308,"1,040",,5,,
210309,833,,1,,
210310,"1,527",,5,,
210401,"6,701",1,45,,9
210402,891,,7,,
210403,"1,857",,17,,3
210404,"3,736",,13,,
210405,"1,340",,5,,1
210406,"4,431",,20,,6
210407,"6,210",,31,,2
210501,"11,598",,101,,1
210502,696,,3,,
210503,"4,319",,35,,1
210504,"1,704",,8,,
210505,"1,268",,1,,
210601,"7,766",,33,,2
210602,"1,017",,25,,3
210603,751,,10,,
210604,"1,145",,19,,
210605,"1,818",,5,,3
210606,"2,023",,10,,8
210607,"4,671",,8,,5
210608,"4,688",,39,,
210701,"2,481",,36,,12
210702,"2,155",,14,,8
210703,574,,5,,
210704,913,,5,,1
210705,335,,6,,1
210706,582,,7,,1
210707,761,,9,,1
210708,"1,615",,21,,3
210709,717,,17,,9
210710,198,,4,,2
210801,"1,887",,12,,3
210802,939,,5,,
210803,818,,4,,1
210804,587,,3,,2
210805,"2,055",,8,,8
210806,"1,288",,14,,1
210807,"2,462",,23,,4
210808,"1,163",,8,,4
210809,987,,6,,1
210901,"4,123",,20,,1
210902,"1,141",,2,,
210903,764,,2,,
210904,979,,3,,
211001,"1,313",,32,,
211002,398,,11,,
211003,521,,5,,
211004,916,,15,,1
211005,295,,7,,
211101,"3,005",,22,,2
211102,"1,625",,5,,
211103,929,,8,,4
211104,"2,154",,9,,2
211105,,,,,
211201,"2,233",,12,,2
211202,"1,132",,5,,
211203,654,,2,,
211204,"1,417",,10,,
211205,565,,3,,
211206,408,,5,,
211207,"1,332",,,,10
211208,"1,056",,2,,1
211209,"2,227",1,,,
211210,"4,018",,,,
211301,"7,559",,17,,4
211302,298,,,,
211303,"1,866",,3,,2
211304,352,,1,,2
211305,947,,,,
211306,259,,1,,
211307,435,,1,,
220101,"8,450",,,7,4
220102,571,,,,1
220103,547,,,,1
220104,"3,527",,,,1
220105,"3,084",,,,
220106,417,,,,1
220201,"1,291",,,,
220202,"1,717",,,,1
220203,"3,582",,,,
220204,508,,,,
220205,"2,139",,,,
220206,639,,,,
220301,"2,301",,,4,
220302,607,,,,
220303,"1,357",,,,
220304,"1,559",,,,
220305,514,,,,1
220401,"3,445",1,,,2
220402,"1,103",,,,
220403,388,,,,
220404,"1,016",,,,1
220405,669,,,,
220406,130,,,,
220501,669,,,2,1
220502,"2,877",,,,
220503,"1,236",,,4,
220504,"1,305",,,3,
220505,558,,,,
220506,"1,624",,,2,
220507,305,,,,
220508,117,,,,
220509,240,,,1,
220510,"1,158",,,1,
220511,939,,,1,
220601,517,,,,
220602,"1,402",,,,
220603,"1,288",,,,
220604,"1,243",,,,
220605,"1,452",,,,
220701,446,,,,
220702,566,,,,
220703,197,,,,
220704,110,,,,
220705,243,,,,
220706,78,,,,2
220707,345,,,,
220708,"1,448",,,,
220709,795,,,,
220710,625,,,,
220801,594,,,,1
220802,"1,984",,,3,1
220803,822,,,,
220804,"2,842",,,,3
220805,"2,303",,,,
220806,223,,,,1
220807,527,,,,
220808,530,,,,
220809,554,,,,
220901,388,,,,
220902,192,,,,
220903,405,,,,1
220904,"1,754",,,3,
220905,271,,,,
220906,391,1,,,
220907,"1,084",,,,1
220908,469,,,,1
220909,950,,,,7
220910,524,,,,3
220911,451,,,3,1
220912,169,,,,
220913,"1,054",,,,
220914,179,,,1,
221001,"3,445",1,1,,2
221002,"1,860",,,2,2
221003,"2,657",,1,,4
221004,443,,,,
221005,"2,658",,,,
230101,"5,105",,,,8
230102,"1,210",,,,
230103,"1,158",,,,1
230104,"1,105",,,,
230105,926,,,,6
230106,634,,5,,
230107,797,,5,,3
230108,648,,,,
230109,812,,,,1
230110,957,,,,2
230111,,,,,
230201,"1,362",,4,,4
230202,660,,4,,4
230203,706,,4,,
230204,106,,,,
230205,459,,1,,2
230206,544,,2,,2
230301,661,,,,3
230302,570,,3,,
230303,256,,3,,2
230401,"1,167",,4,,6
230402,546,,2,,
230403,213,,2,,
230404,86,,1,,
230405,354,,2,,
230406,337,,2,,
230407,84,,1,,
230408,478,,3,,
240101,658,,,,
240102,"1,451",,,,1
240103,103,,,,
240104,"1,063",,,,
240105,"1,273",,,,
240106,394,,,,
240201,127,,,,
240202,590,,,,1
240203,229,,,,
240301,102,,,,
240302,919,,,,
240303,607,,,,
240304,618,,,,1
250101,"2,578",,,16,5
250102,"1,707",,,2,
250103,"2,480",,,16,
250104,"2,068",1,,21,
250105,"1,294",,,8,3
250106,"1,036",,,2,
250107,783,,,6,1
250201,"1,959",,,72,
250202,550,,,7,
250203,"1,183",,,27,
250204,325,,,12,3
250301,"3,239",,,6,1
250302,"3,599",,,1,1
250303,"2,012",,,,
250304,,,,,
250305,,,,,
250401,487,,,40,4