UBIGEO,POBLACION_2017,POBLACION_2018,POBLACION_2022,SUPERFICIE_KM2,ALTITUD_MSNM
010101,32589,36602,40274,153.78,2338
010102,262,283,276,25.71,2823
010103,1136,1222,1158,357.09,859
010104,642,687,707,56.97,2143
010105,585,619,575,143.43,2677
010106,1781,1970,1910,278.63,2803
010107,480,523,543,181.41,3041
010108,1258,1334,1500,48.79,2591
010109,3978,4187,3697,380.39,2869
010110,3620,3862,3781,373.14,2226
010111,794,830,789,77.54,2681
010112,852,913,906,135.47,1892
010113,1367,1474,1586,83.58,2210
010114,2176,2320,2235,333.86,2405
010115,496,519,472,119.01,2421
010116,375,422,441,125.16,3053
010117,769,819,778,91.59,3151
010118,295,321,326,47.41,2254
010119,580,608,581,101.67,2339
010120,1224,1293,1243,84.48,2387
010121,247,270,280,113.26,2089
010201,27102,29096,30479,150.99,408
010202,9765,10422,9919,809.07,502
010203,4595,4903,4452,99.05,693
010204,1216,1294,1273,18.48,626
010205,25162,30392,33338,4430.84,317
010206,6260,6709,6374,144.29,892
010301,1337,1373,1283,154.18,2081
010302,306,323,313,174.96,2057
010303,287,299,298,33.34,1399
010304,772,810,835,45.67,2297
010305,669,702,662,110.72,1912
010306,5999,6400,6353,203.22,2251
010307,7580,8035,7774,88.83,1342
010308,208,220,216,24.58,2166
010309,489,519,579,100.76,1942
010310,1539,1630,1716,127.29,1668
010311,874,898,775,90.14,1928
010312,5577,5833,5645,1715.96,1887
010401,18626,21231,20264,4481.63,189
010402,9891,11863,13122,5458.48,253
010403,13953,17086,18696,8035.28,190
010501,2227,2379,2345,69.49,2328
010502,6473,7313,7644,376.01,1748
010503,1881,2087,1983,355.85,2273
010504,1853,2011,1838,106.6,2355
010505,1840,1950,1875,256.17,2767
010506,498,517,451,118.04,2380
010507,839,898,860,57.91,2799
010508,842,891,817,83.82,2329
010509,3959,4147,4047,91.21,2359
010510,388,408,398,73.87,2924
010511,744,792,752,80.27,2757
010512,3556,3919,3957,177.39,1757
010513,3446,3744,3641,235.86,1898
010514,4768,5160,4940,306.5,2049
010515,1316,1406,1356,71.22,1784
010516,546,576,520,33.36,2636
010517,695,745,711,113.94,2404
010518,633,668,571,214.66,2498
010519,419,453,411,88.02,2164
010520,1888,2078,2189,126.21,2574
010521,3012,3176,2935,84.93,2837
010522,1265,1355,1381,102.67,1800
010523,1348,1437,1459,12.68,2888
010601,6016,6278,6594,206.01,1616
010602,2498,2713,2946,153,1663
010603,595,628,639,199.44,1720
010604,2620,2772,2515,99.56,1731
010605,2280,2491,2338,317.88,1677
010606,1631,1704,1621,66.24,1623
010607,1506,1568,1519,176.18,1592
010608,453,458,405,26.8,1665
010609,8793,9603,10206,175.13,1368
010610,512,538,526,34.11,1770
010611,282,293,286,6.02,1674
010612,2812,3467,4504,899.02,1504
010701,50841,56257,58947,746.64,444
010702,23089,24996,23916,1746.23,469
010703,7855,8852,8620,292.66,477
010704,5825,6422,6551,313.89,392
010705,6620,7303,7087,357.98,1184
010706,10080,11034,11509,327.92,1269
010707,2927,3230,3249,57.61,1052
020101,60896,66195,69882,432.99,3073
020102,1639,1745,1669,135.65,2135
020103,294,314,252,50.65,3154
020104,1600,1726,1608,209.34,2592
020105,76088,82563,90711,342.95,3047
020106,4781,5056,5292,59.84,2824
020107,1066,1132,1095,164.26,3343
020108,2351,2513,2498,222.91,3443
020109,956,1040,973,357.81,3698
020110,4606,5078,5328,162.5,1264
020111,3321,3536,3456,243.73,3602
020112,6338,7129,7848,110.28,2832
020201,2017,2158,2184,159.74,3421
020202,1639,1713,1538,267.15,2903
020203,364,383,327,37.91,3020
020204,1582,1627,1418,153.08,3311
020205,714,751,703,78.84,3167
020301,3288,3468,3325,90.82,3400
020302,1918,2013,1863,69.03,2680
020303,1368,1421,1283,73.99,3371
020304,1851,1960,1843,48.95,2866
020305,4067,4279,3986,175.69,3147
020306,1158,1208,1104,103.13,3503
020401,4563,4852,4665,447.69,3387
020402,2815,3027,2792,80.97,2864
020501,4023,4092,3990,184.16,3410
020502,244,249,203,11.31,2108
020503,994,1046,958,118.7,2139
020504,2062,2188,1925,434.6,3356
020505,1677,1838,1899,193.06,2616
020506,312,318,246,19.45,2465
020507,2313,2452,2183,274.61,772
020508,6468,6727,6304,873.39,3563
020509,1432,1474,1210,387.91,3382
020510,1253,1352,1298,127.99,3287
020511,457,473,399,68.61,2658
020512,492,524,486,115.84,3492
020513,917,955,792,211.98,3296
020514,495,511,429,43.78,3405
020515,658,678,580,89.41,3665
020601,15122,16139,16917,194.62,2663
020602,2472,2734,2820,14.17,2692
020603,1431,1535,1491,11.99,2905
020604,2365,2553,2613,40.77,2800
020605,1469,1593,1628,47.22,2749
020606,9478,10378,11067,157.49,2767
020607,1381,1457,1454,11.74,2830
020608,2350,2502,2498,133.89,2956
020609,2789,2962,2886,130.19,3036
020610,3335,3687,3995,15.44,2606
020611,2992,3257,3300,46.43,2836
020701,10493,11202,10842,256.45,3145
020702,3131,3322,3101,197.39,2890
020703,4093,4324,3982,170.41,3257
020801,35765,38133,42209,1204.85,59
020802,4831,5128,5645,476.62,225
020803,2088,2280,2375,222.36,14
020804,8305,8841,9376,357.2,831
020901,1677,1789,1795,143.13,3172
020902,379,401,352,56.54,3118
020903,445,483,464,151.13,2943
020904,2678,2856,2901,411.55,3196
020905,1026,1088,1044,93.94,1803
020906,634,676,638,45.85,2877
020907,693,741,712,85.87,2781
021001,9178,9781,9786,398.91,3114
021002,1362,1467,1371,80.31,3197
021003,2573,2711,2637,159.35,3175
021004,7971,8548,8464,434.13,3115
021005,1782,1880,1830,86.7,3498
021006,1427,1488,1330,72.16,3491
021007,3307,3611,3614,153.89,3275
021008,2571,2782,2737,156.15,3363
021009,1361,1439,1297,75.33,2547
021010,1561,1632,1511,135.31,3433
021011,2642,2829,2647,118.29,3142
021012,705,749,764,9.02,2521
021013,1406,1500,1433,143.34,3233
021014,17033,18446,19991,556.75,2988
021015,2534,2687,2724,138.65,3439
021016,1301,1359,1246,53.61,3347
021101,25117,26102,27805,2894.38,30
021102,740,822,797,100.02,3529
021103,3097,3350,3424,630.25,41
021104,861,976,950,58.99,2702
021105,745,799,742,219.52,3132
021201,24128,26307,27281,246.52,2273
021202,960,1080,1130,178.8,1391
021203,1344,1421,1377,70.69,2712
021204,1614,1722,1682,56.89,2735
021205,1849,1982,1928,107.12,2209
021206,7804,8552,8578,496.35,2772
021207,6371,6951,7001,130.99,2485
021208,4229,4612,4568,357.7,2890
021209,1055,1132,1069,82.02,2926
021210,1980,2124,2239,565.7,1484
021301,3024,3184,3063,45.93,3326
021302,3668,4046,3902,77.38,3176
021303,1326,1402,1394,93.96,2845
021304,1908,2034,1886,204.82,2849
021305,1020,1063,965,48.13,2839
021306,5629,6255,6395,143.27,2900
021307,2732,2910,2787,77.37,3096
021308,977,1041,994,39.72,3001
021401,1203,1287,1227,230.55,3238
021402,656,701,603,252.48,3712
021403,300,318,275,75.52,3545
021404,472,489,395,109.78,2250
021405,1421,1535,1586,408.66,1290
021406,1219,1309,1287,130.03,3112
021407,279,285,225,33.69,2767
021408,438,460,383,67.75,3634
021409,622,643,458,531.21,2243
021410,429,450,458,85.76,3692
021501,2445,2619,2522,150.29,3156
021502,986,1065,959,86.88,2931
021503,7391,7879,7720,585.24,3206
021504,523,552,506,63.59,3140
021505,1001,1090,1059,116,3063
021506,505,537,494,64.68,3427
021507,597,633,607,28.69,3416
021508,2364,2533,2470,59.77,3086
021509,3980,4105,3287,438.18,3216
021510,1026,1146,1133,298.77,2413
021511,2673,2863,2704,209.12,3368
021601,13834,14881,14818,347.92,2964
021602,2954,3130,2936,88.97,2993
021603,5806,6421,6239,331.1,3182
021604,2200,2341,2276,146.06,3129
021701,4406,4614,4374,142.96,3428
021702,3907,4068,3990,1018.27,3579
021703,409,423,362,172.85,3032
021704,620,648,511,105.29,2908
021705,912,929,776,101.1,3020
021706,1608,1758,2071,184.84,2615
021707,923,947,762,100.51,3552
021708,1517,1639,1768,254.85,3402
021709,421,447,412,81.23,3596
021710,2462,2701,2761,142.29,3485
021801,206213,215834,216277,1461.44,52
021802,4420,4826,4736,549.78,1210
021803,15979,16941,17704,9.21,31
021804,3125,3346,3159,584.65,2731
021805,8034,8449,8791,359.35,504
021806,14324,14601,14908,458.24,159
021807,4770,5022,5355,153.98,17
021808,19621,21748,23318,42.23,35
021809,159321,168370,189526,389.73,40
021901,5411,5652,5726,43.81,2767
021902,1612,1695,1572,153.04,3147
021903,533,557,466,80.71,3197
021904,2739,2955,2882,66.96,3430
021905,905,947,870,173.2,3157
021906,3518,3769,3567,287.58,3329
021907,2306,2451,2310,146.98,3035
021908,2278,2452,2315,208.45,3437
021909,6187,6806,6960,209.24,2739
021910,1482,1556,1423,86,3148
022001,20070,21873,22654,276.68,2517
022002,1674,1747,1643,138.32,2742
022003,6336,6906,6821,64.05,2542
022004,1343,1511,1536,43.65,2486
022005,11629,12926,13284,373.83,1267
022006,2657,2932,2981,22.89,2496
022007,1840,1955,1845,162.21,2517
022008,5292,5577,5124,279.85,3389
030101,69028,72761,78681,313.07,2500
030102,1339,1410,1454,186.1,3482
030103,1866,1933,1796,641.68,3206
030104,16223,17136,17128,817.98,2694
030105,2886,3010,2550,432.62,3155
030106,3002,3092,2547,521.62,3126
030107,2774,2877,2471,370.69,2766
030108,2541,2642,2332,108.77,2916
030109,10861,11510,12542,54.6,2620
030201,42268,44284,48053,174.11,2836
030202,5459,5730,5368,172.05,3002
030203,1186,1236,1180,148.92,3289
030204,5210,5378,4654,153.04,2976
030205,3753,3951,3724,112.2,2909
030206,750,786,708,96.87,3196
030207,6023,6385,5650,309.91,3717
030208,3452,3562,3022,245.9,2712
030209,7989,8638,8037,170.39,3162
030210,2199,2314,2256,602.5,3388
030211,863,908,871,129.19,3673
030212,2910,3048,2955,178.78,3258
030213,20738,22061,22601,237.42,2973
030214,1613,1690,1605,83.37,3681
030215,8152,8754,8373,162.14,3287
030216,18509,19465,20572,148.12,2842
030217,1864,1960,1857,446.71,3409
030218,3642,3810,3660,121.67,3327
030219,1816,1851,1610,97.79,3087
030220,4081,4294,4975,195.92,3590
030301,2776,2922,2747,603.76,3664
030302,552,584,607,68.81,3304
030303,1841,1955,2094,337.6,3500
030304,1711,1783,1664,623.22,3316
030305,2268,2404,2259,1180.12,3327
030306,1054,1099,1040,226.73,3465
030307,1108,1148,1018,178.77,3441
030401,4928,5122,5208,322.34,2929
030402,580,617,554,77.75,3311
030403,929,976,844,234.91,3324
030404,1893,1965,1814,213.09,3423
030405,693,727,661,95.75,3174
030406,2570,2704,2268,1749.83,3268
030407,462,479,430,72.89,3172
030408,735,770,678,97.64,3133
030409,1529,1593,1371,110.48,2822
030410,1022,1065,1002,82.55,3374
030411,769,795,719,86.13,2874
030412,1107,1152,1063,448.91,3373
030413,711,746,683,43.56,2884
030414,1848,1946,1828,163.73,2839
030415,2272,2380,2063,136.58,2824
030416,1278,1334,1158,173.05,3167
030417,981,1021,932,103.88,3339
030501,10381,10809,10660,722.23,3267
030502,3886,4112,4001,331.96,3557
030503,6586,6943,6651,418.95,3184
030504,9430,9935,9474,475.46,3698
030505,5848,6195,6084,224.17,3792
030506,14525,15764,18656,439.96,3724
030601,5293,5549,5443,132.4,2799
030602,10388,10770,10382,38.9,3239
030603,1728,1811,1707,109.9,3051
030604,6634,6944,5389,472.12,3093
030605,6759,7193,6877,58.2,3039
030606,2344,2459,2287,118.69,2799
030607,2650,2817,2717,148.73,3115
030608,4046,4247,4068,44.52,3426
030609,2689,2825,2751,56.96,3042
030610,1728,1801,1743,61.89,3045
030611,988,1055,1040,142.22,2058
030701,5023,5318,5036,432.5,3360
030702,1936,2033,1861,293.42,3490
030703,2782,2882,2476,370.45,3489
030704,1368,1421,1246,110.75,3469
030705,858,905,862,66.21,3619
030706,935,959,835,110.14,3528
030707,798,832,742,158.91,3800
030708,2945,3156,3241,254.59,3817
030709,272,285,252,24.12,3483
030710,560,587,527,36.16,3539
030711,628,664,603,52.34,3448
030712,1233,1314,1326,7.97,2801
030713,675,693,583,117.19,3876
030714,1229,1282,1173,139.77,3566
040101,55437,55496,54396,2.8,2429
040102,85870,85790,91755,6.98,2510
040103,91935,97980,108314,246.31,2531
040104,197954,206393,241328,174.9,2441
040105,12949,14142,17706,86,2506
040106,2939,3039,3227,460.81,3006
040107,50164,50879,53543,20.37,2309
040108,32019,35441,41181,670.22,1640
040109,59918,62295,67014,29.83,2459
040110,60589,61362,66339,28.68,2450
040111,4756,5426,7727,26.7,2515
040112,131346,131837,137061,31.07,2453
040113,445,469,437,172.48,3045
040114,837,873,746,441.61,3116
040115,4784,5290,7669,34.93,2561
040116,4368,4397,4745,36.63,2441
040117,24225,25237,29124,26.63,2300
040118,611,640,530,93.31,1281
040119,1377,1404,1233,2264.59,4217
040120,682,720,618,187.98,1390
040121,6318,6885,8156,370.16,1283
040122,75351,77115,85605,18.64,2352
040123,16191,16622,17520,31.62,2218
040124,14054,15153,17404,227.14,1976
040125,3610,4151,4915,1543.5,1189
040126,25417,25766,27081,2.2,2402
040127,1314,1433,1638,492.2,2467
040128,33346,36865,45585,1942.9,2495
040129,81829,81621,83807,10.83,2389
040201,13367,12995,12379,11.67,20
040202,4641,4568,4804,16.72,35
040203,6997,7579,9273,557.74,362
040204,6195,6273,6562,579.31,18
040205,7106,7423,7949,391.84,71
040206,4171,4110,3970,1414.8,16
040207,943,1021,1115,912.25,82
040208,15950,15970,17046,113.4,21
040301,4259,4157,4332,727.68,1811
040302,4923,4976,5381,799.21,171
040303,5215,5641,6271,3146.24,101
040304,473,511,455,423.55,330
040305,3171,3147,2895,1588.41,218
040306,610,646,591,1412.1,3423
040307,9240,9338,10832,378.38,21
040308,3685,3653,3516,1473.19,611
040309,3047,3080,3327,708.52,972
040310,1532,1592,1585,424.73,271
040311,1477,1511,1625,452.7,26
040312,1837,1899,1906,1048.42,1836
040313,1877,1976,2087,556.3,31
040401,8435,8932,9023,640.04,625
040402,1038,1049,977,480.74,3594
040403,242,246,216,327.97,2003
040404,1646,1682,1579,1190.49,3117
040405,947,999,1073,181.37,3867
040406,702,721,618,904.33,2418
040407,1472,1559,1618,803.65,620
040408,488,510,408,246.89,3131
040409,8177,8501,8667,724.37,3818
040410,2032,2024,1717,205.19,2922
040411,432,450,411,57.68,1939
040412,207,210,197,296.93,2727
040413,6266,6666,6429,713.83,452
040414,1545,1580,1456,141,3210
040501,5770,5991,5854,240.64,3683
040502,841,861,815,393.54,3524
040503,2096,2199,2059,460.55,3295
040504,1458,1497,1307,1485.1,3887
040505,3697,3739,3659,1499,4361
040506,1089,1165,1121,111.98,3600
040507,670,693,649,705.79,3309
040508,1010,1041,962,391.16,3073
040509,555,575,571,74.89,3422
040510,904,914,813,384.02,3373
040511,718,743,687,1226.46,3031
040512,701,719,677,227.48,3287
040513,648,666,656,160.09,3300
040514,886,924,855,1531.27,4470
040515,669,695,675,286.03,3836
040516,772,780,870,420.17,3011
040517,1441,1529,1482,1445.02,4195
040518,621,636,581,241.89,3831
040519,2117,2182,2138,1108.58,3468
040520,60108,65212,74846,1625.8,1392
040601,3290,3392,3336,1255.04,2916
040602,677,684,671,847.56,3047
040603,3212,3328,3251,1395.67,3951
040604,675,693,653,392.16,2174
040605,595,614,584,247.62,2469
040606,3263,3440,3461,527.48,484
040607,478,479,371,1235.8,3226
040608,3928,4090,3840,1057.07,3006
040701,24073,25937,26843,960.83,73
040702,8347,8474,8284,1536.96,114
040703,6854,6961,7255,134.08,16
040704,5132,5114,5269,383.78,110
040705,1172,1217,1261,100.78,9
040706,6456,6459,6448,769.6,138
040801,2925,2981,2982,166.5,2696
040802,1849,1892,1813,193.42,2759
040803,577,594,579,165.27,3432
040804,1913,1943,1798,932.64,2612
040805,1122,1148,1068,782.17,2649
040806,2342,2417,2283,1501.2,3675
040807,265,277,279,138.37,1964
040808,319,326,279,66.55,3544
040809,301,317,309,314.68,2850
040810,658,689,630,94.16,2644
040811,556,565,476,391.44,2987
050101,99427,105944,113761,83.11,2797
050102,7403,8308,9095,436.65,3251
050103,4383,4714,5079,156.82,2874
050104,28252,30156,32402,17.52,2921
050105,5698,6318,6886,461.61,3540
050106,5373,5848,6328,305.41,3153
050107,3114,3380,3654,53.55,2571
050108,5083,5518,5966,116.61,3301
050109,1403,1515,1635,82.31,3282
050110,49034,51455,54933,15.19,2786
050111,1427,1552,1680,91.09,3210
050112,5952,6486,7022,172.34,3368
050113,5047,5655,6187,153.23,3111
050114,13634,15293,16743,928.68,3155
050115,18492,19955,21530,16.12,2817
050116,28472,29957,32000,9.28,2775
050201,5479,6001,5638,187.05,2574
050202,8321,9015,9181,418.03,3157
050203,7463,8212,8152,253.22,3346
050204,2067,2145,1899,129.13,3245
050205,4104,4404,4122,789.09,3354
050206,3009,3152,2830,112.9,3333
050301,3202,3246,3137,1289.7,3433
050302,1826,1892,1696,241.34,3246
050303,1313,1380,1262,673.03,3463
050304,2068,2169,2018,658.26,3512
050401,39517,42245,44491,193.48,2685
050402,1196,1216,981,297.89,2699
050403,4162,4374,4028,95.27,3300
050404,2667,2859,2857,61.44,3063
050405,5490,6078,6389,130.04,2598
050406,3852,4058,3553,336.17,3265
050407,10797,11953,11474,1053.52,561
050408,10058,11241,11748,469.02,540
050409,3520,4074,4646,244.69,528
050410,3522,3842,3526,300.28,3898
050411,2523,2612,2040,562.06,3493
050412,2162,2259,2143,124.46,3400
050501,10326,11298,8191,457.88,2696
050502,7969,8471,5545,802.86,3213
050503,9298,10105,9874,290.51,627
050504,1643,1705,1447,156.58,3192
050505,4218,4553,4320,1093.05,3506
050506,1278,1353,1380,135.84,2962
050507,11279,12540,12772,396.58,729
050508,10173,10395,8165,313.82,3237
050509,9410,10664,9020,387.45,754
050510,4039,4500,4170,272.07,769
050511,1020,1122,1027,S.I.,3719
050601,13919,14557,14517,866.43,3234
050602,2903,2908,2503,903.51,3236
050603,2189,2155,1857,402.62,3298
050604,1681,1743,1391,473.66,3478
050605,2163,2322,2279,399.09,3338
050606,2554,2658,2299,1166.91,3440
050607,1560,1702,1449,309.48,3189
050608,1577,1723,1645,785.89,3078
050609,1094,1170,1045,1053.6,2696
050610,893,948,832,482.07,2666
050611,2726,2872,2590,1205.78,3385
050612,2291,2420,2127,848.36,2650
050613,1866,2013,1738,720.2,1883
050614,791,859,841,585.4,3070
050615,1718,1855,1802,391.83,3587
050616,967,1028,971,44.59,3290
050617,2653,2776,2584,733.03,3115
050618,927,983,841,531.55,2538
050619,4778,5008,4776,1520.87,2826
050620,796,838,858,50.63,2984
050621,1282,1408,1486,1019.14,2252
050701,13124,13871,13240,1399.41,3166
050702,2186,2312,2053,366.3,3226
050703,1722,1829,2045,1108.04,3622
050704,630,644,486,144.3,2821
050705,6271,6757,7641,1562.34,3037
050706,2062,2179,2069,700.75,3307
050707,516,545,493,99.83,2833
050708,1148,1200,988,587.35,3341
050801,3231,3354,3385,242.78,2536
050802,468,486,394,277.29,3267
050803,445,466,423,97.05,3503
050804,1953,2071,1892,289.45,2809
050805,613,650,591,122.53,2615
050806,1453,1569,1716,820.13,3410
050807,419,430,354,57.91,3047
050808,292,305,246,92.87,2628
050809,221,238,255,17.33,3034
050810,514,528,438,79.58,3305
050901,2570,2629,2583,275.65,3516
050902,329,340,293,41.46,3223
050903,478,499,439,58.43,3677
050904,496,511,464,33.06,3404
050905,374,382,328,132.73,3186
050906,1240,1304,1208,289.34,3504
050907,553,570,486,79.65,3111
050908,808,842,798,310.07,3395
050909,978,1027,883,144.63,3222
050910,594,614,537,62.65,3251
050911,1025,1056,994,357.97,3432
051001,1887,1963,1823,223.35,3105
051002,1526,1548,1302,125.11,3173
051003,630,641,516,171.58,3078
051004,460,486,480,70.72,3332
051005,3977,4050,4012,263.88,3043
051006,1138,1174,1115,69.25,3207
051007,1011,1055,997,69.57,3003
051008,1089,1137,1087,67.33,3390
051009,1294,1322,1188,165.49,3246
051010,2092,2152,1876,162.23,3423
051011,2616,2693,2579,373.14,3184
051012,2389,2488,2343,498.54,3011
051101,6370,6798,6353,216.89,3494
051102,886,921,812,82.43,3387
051103,819,861,785,56.91,2980
051104,1577,1725,1465,215.03,3061
051105,1340,1402,1212,150.76,3294
051106,1105,1191,1042,85.28,3606
051107,1038,1105,1007,95.15,3574
051108,3726,4008,3859,268.87,3150
060101,218741,235184,248596,382.74,2731
060102,7939,8366,7359,210.18,2254
060103,3660,3885,3827,73.94,2802
060104,6760,7266,7069,558.79,2471
060105,19175,20512,19393,635.06,3087
060106,15020,16255,16813,267.78,2568
060107,5639,6342,6723,49.42,2621
060108,46149,49824,55412,276.4,2685
060109,8271,8868,8722,215.38,1298
060110,3469,3786,3766,59.74,2834
060111,9267,10169,10406,180.69,2765
060112,4343,4572,4485,69.66,2336
060201,31222,33115,34762,192.29,2687
060202,23524,25315,25599,820.81,3224
060203,13406,14929,15519,204.6,2829
060204,7535,8130,7867,589.94,3209
060301,26925,28346,29695,409,2629
060302,2600,2758,2626,196.3,2202
060303,6746,7449,7197,233.31,2352
060304,10657,11223,10485,437.5,2543
060305,441,474,447,53.34,2646
060306,2558,2765,2720,58.01,2618
060307,3870,4054,3771,235.73,2813
060308,5394,5909,5710,292.52,2836
060309,7352,7833,7158,170.02,2663
060310,5055,5511,5364,270.98,2632
060311,1052,1112,1052,100.79,2225
060312,6434,6989,6740,184.09,2952
060401,47279,50325,52061,261.75,2430
060402,3211,3356,3074,123.01,2620
060403,3449,3697,3563,66.53,2429
060404,3641,3771,3483,51.44,2652
060405,2199,2345,2056,198.99,1668
060406,2336,2439,2182,171.59,2215
060407,5546,5950,5708,130.01,1688
060408,5643,6013,5869,180.23,2321
060409,7972,8711,8448,240.72,2292
060410,11093,11745,11415,120.73,2151
060411,7075,7484,7278,494.94,2112
060412,3203,3358,3239,415.69,2983
060413,4445,4697,4540,93.97,2130
060414,1214,1272,1171,141.05,1834
060415,8023,8874,8768,301.07,2445
060416,958,995,958,205.01,3031
060417,15704,16986,16334,196.25,2077
060418,859,896,864,222.38,1313
060419,9134,9789,9541,179.74,2667
060501,7461,8142,7945,358.28,2695
060502,2635,2806,2669,133.94,883
060503,1338,1424,1369,280.2,1904
060504,2679,2855,2835,49.88,2568
060505,3399,3591,3612,486.55,1386
060506,994,1059,1030,64.53,2426
060507,2461,2628,2653,149.7,2780
060508,6726,7089,6851,547.25,453
060601,50905,51462,51275,422.27,2665
060602,9361,9736,9554,316.05,1558
060603,2878,3323,3262,276.96,474
060604,2330,2616,2532,108.93,1598
060605,3652,4077,3897,30.27,2131
060606,5100,5269,4998,186.04,1757
060607,12987,13843,13051,697.1,2003
060608,4172,4419,4155,133.4,2090
060609,1858,1897,1822,60.87,1645
060610,3000,3127,2888,109.74,1916
060611,2622,2747,2608,128,1708
060612,4701,5076,4974,103.74,1761
060613,6988,7695,7541,279.61,2167
060614,9054,9378,8975,134.83,1847
060615,1115,1153,1062,40.65,1464
060701,59913,65279,63780,451.38,2556
060702,2920,3039,2866,99.6,2765
060703,15111,16299,16120,226.17,3530
060801,94153,102445,107925,537.25,728
060802,15447,16212,16464,870.55,438
060803,9810,10329,10464,428.55,1636
060804,10238,10682,10414,735.73,1800
060805,7642,8762,9041,80.69,1380
060806,4275,4586,4670,60.41,1620
060807,8344,9151,9299,732.8,1097
060808,6834,6878,6888,240.3,909
060809,7033,7542,7502,373.89,1701
060810,4693,4868,4577,255.49,1861
060811,6960,7847,8151,634.11,1399
060812,10003,10609,10050,282.8,1238
060901,34659,38745,41202,381.88,1295
060902,14592,15530,16246,351.91,1850
060903,18012,18874,18131,922.35,776
060904,19562,20778,21446,376.09,1507
060905,9098,9967,9809,663.51,713
060906,17046,19570,19989,1482.75,1134
060907,17651,19548,20155,798.59,1897
061001,19870,21245,22165,238.74,2280
061002,2965,3099,3042,61.8,2699
061003,2664,2903,3186,63.13,2026
061004,5136,5406,4913,212.81,2722
061005,1901,1995,1950,76.11,2616
061006,3544,3703,3558,115.42,2781
061007,12023,13097,13198,594.31,3331
061101,13432,14260,13767,368.26,2612
061102,1319,1359,1252,78.97,940
061103,4094,4298,4260,339,2877
061104,2747,2890,2721,197.31,2870
061105,1627,1699,1608,71.44,2857
061106,2165,2216,2105,61.33,993
061107,4481,4689,4414,132.68,2952
061108,1290,1374,1365,358.94,402
061109,3293,3434,3089,158.88,2457
061110,2229,2306,2236,308.05,1857
061111,3652,3840,3558,131.62,2940
061112,2688,2756,2274,163.89,2628
061113,3026,3209,3032,171.71,2918
061201,12463,13417,13263,197.92,2391
061202,4294,4590,4487,167.12,1375
061203,958,983,850,42.88,1394
061204,3387,3667,3625,264.37,3041
061301,9226,9814,9640,102.51,2036
061302,1337,1371,1247,7.61,2550
061303,8958,9808,9875,609.16,1363
061304,3355,3532,3386,120.04,1641
061305,2321,2426,2264,59.7,1727
061306,2097,2131,1864,60.04,2196
061307,3896,4026,3731,155.67,2084
061308,1446,1482,1314,31.58,1931
061309,425,447,426,192.87,2478
061310,1259,1310,1194,43.38,2346
061311,2844,2947,2776,35.37,2502
070101,451260,492879,528405,45.65,27
070102,74851,79358,81428,4.56,13
070103,42240,45396,47071,2.12,82
070104,61417,63657,64612,2.75,37
070105,3829,3979,3862,18.38,29
070106,315600,343900,391564,69.93,43
070107,45297,49620,54706,2.52,118
080101,114630,117110,118843,116.22,3439
080102,2246,2403,2407,188.56,3675
080103,2436,10535,13497,14.96,3508
080104,57075,62369,75696,103.34,3289
080105,112536,122835,141559,89.44,3301
080106,94756,100663,105919,69.72,3464
080107,5368,7090,9146,28.38,3179
080108,58541,61243,61474,6.38,3424
080201,4532,4726,4548,141.27,3235
080202,2650,2964,3102,91.72,3724
080203,2242,2378,2333,137.55,3106
080204,1096,1167,1007,43.61,3820
080205,7206,7701,7537,275.56,3709
080206,1938,2046,1832,180.22,3394
080207,3276,3455,3373,78.29,3788
080301,21674,23817,26512,202.58,3363
080302,6784,7616,7873,123.58,3479
080303,2382,2615,2823,43.28,3454
080304,4026,4394,4292,390.58,3106
080305,4533,4796,4528,228.62,3353
080306,7255,7958,7620,512.92,2633
080307,3111,3395,3559,284.48,2864
080308,2990,3223,3128,37.75,3384
080309,3451,3750,3762,52.33,3424
080401,20628,22681,23833,311.01,2955
080402,3443,3649,3631,71.43,2970
080403,5313,5856,6016,94.22,2960
080404,5753,6513,6324,527.26,3193
080405,9884,11214,11817,148.25,2986
080406,5232,6002,6258,128.07,3012
080407,4312,4771,4932,53.78,2991
080408,8590,9684,9303,3080.47,1148
080501,8659,9314,9247,292.97,3925
080502,4985,5547,5448,503.76,3834
080503,4747,5214,5158,376.19,3961
080504,1984,2174,2060,187.1,3967
080505,5171,5635,5495,452.56,3997
080506,1838,1909,1878,29.91,3820
080507,2577,2741,2609,143.46,3794
080508,2523,2665,2592,117.81,3809
080601,57827,62983,65594,645.88,3593
080602,4720,5150,5246,962.34,3459
080603,4587,5035,5006,182.5,3500
080604,9600,10479,10320,432.65,3720
080605,7170,8126,8496,1117.54,3587
080606,4224,4542,4420,524.06,3501
080607,2617,2827,2789,54.91,3515
080608,5029,5469,5462,79.39,3496
080701,21728,23039,22673,1924.08,3676
080702,3866,4185,4079,271.81,3563
080703,6244,6671,6399,674.19,3779
080704,6897,7327,6974,449.49,3606
080705,10378,12575,12949,758.2,3774
080706,4368,4594,4149,315.42,3522
080707,3786,4051,3986,221.05,3607
080708,9143,8352,8554,756.84,3766
080801,34861,37493,40173,747.78,3976
080802,870,919,839,513.36,4679
080803,9627,10632,9055,1564.46,3970
080804,1019,1074,931,353.15,4104
080805,4823,5137,5075,815.56,4027
080806,2805,2960,2714,288.76,3902
080807,1643,1712,1433,652.13,4124
080808,1934,2060,1920,375.89,3999
080901,27999,30570,29650,359.4,1086
080902,23214,26660,18247,19135.5,1059
080903,4773,5545,5440,524.02,1597
080904,4134,5448,5017,150.3,1141
080905,4327,6061,5903,840.93,1479
080906,13311,15173,15112,799.68,784
080907,15962,18240,13885,905.69,590
080908,5972,6972,6921,1340.38,1572
080909,9557,10464,10058,3318.86,2656
080910,22691,25025,23299,730.45,596
080911,4285,4913,5125,1101.65,1771
080912,1980,2332,2437,625.96,742
080913,1974,2322,2405,229,704
080914,6969,7587,7427,S.I.,355
081001,3205,3473,3475,153.42,3086
081002,3028,3224,3064,244.75,3601
081003,3079,3221,3059,334.85,3227
081004,963,999,916,139.98,2827
081005,4867,5140,5040,362.67,3391
081006,5443,5923,5792,436.21,3887
081007,2032,2139,2063,142.61,3602
081008,1026,1072,1009,79.13,2869
081009,1924,2021,1875,90.8,3324
081101,11871,13177,13627,1079.23,2917
081102,2716,2952,3122,110.72,3128
081103,8433,9488,9379,746.56,2845
081104,8170,9004,8858,467.68,3690
081105,6911,7689,7966,145.14,3871
081106,4403,4865,4914,3745.68,544
081201,10614,11785,12416,134.65,3179
081202,5797,6567,7245,84.6,3139
081203,2219,2502,2668,3174.93,647
081204,2863,3107,3186,313.89,3481
081205,13295,14950,15165,307.72,3714
081206,4221,4672,4652,248.03,3332
081207,4505,4860,5032,106.28,3168
081208,4606,4971,5423,118.78,3117
081209,4307,4873,4994,1687.91,3111
081210,15223,17664,19019,952.66,3549
081211,9444,10535,12323,74.44,3139
081212,10336,11590,12025,360.9,3211
081301,20082,22637,24550,128.28,2885
081302,10477,11761,12671,94.57,3759
081303,5499,6062,6467,102.47,2890
081304,5347,5623,5746,271.44,2092
081305,5946,6670,6822,131.85,3381
081306,10165,11447,12000,640.25,2871
081307,3223,3345,3435,70.57,2878
090101,39776,42325,43082,514.1,3746
090102,2020,2146,1702,758.32,3839
090103,17800,18954,15483,535.1,3207
090104,851,909,804,37.79,3709
090105,1137,1191,975,50.25,3186
090106,1875,1975,1674,336.28,4020
090107,637,700,637,38.8,3901
090108,846,923,906,12.19,2930
090109,746,779,669,78.45,3893
090110,953,1006,846,154.14,3735
090111,509,532,470,5.63,2852
090112,982,1025,814,94.08,3148
090113,1686,1829,1617,211.56,3939
090114,2005,2102,1746,82.08,3714
090115,500,537,508,42.97,3604
090116,1891,2008,1695,317.76,3280
090117,19237,21166,18684,319.92,3424
090118,15566,17124,20031,432.24,3711
090119,6037,6727,6232,193.9,3610
090201,8980,9689,9320,123.02,3449
090202,3223,3396,2922,81.85,3499
090203,4540,4951,4004,91.36,3618
090204,1842,1962,1645,82.39,3383
090205,1529,1633,1394,155.87,3411
090206,10415,10733,7625,225.6,3833
090207,2829,3067,2654,53.66,3156
090208,4850,5241,4615,97.07,3687
090301,22991,25639,25384,818.84,3345
090302,7115,7734,7557,72.4,3310
090303,625,652,555,26.02,3553
090304,2956,3226,3032,116.6,4190
090305,943,1014,885,182.7,3141
090306,3544,3866,3566,215.64,3537
090307,1337,1437,1311,109.96,3590
090308,1111,1155,915,33.28,3622
090309,1736,1879,1889,48.61,3431
090310,2323,2513,2243,33.42,2767
090311,1436,1555,1405,133.57,3150
090312,3090,3315,3162,167.99,3363
090401,2929,3217,3084,937.94,3989
090402,977,1042,895,304.85,3361
090403,1468,1585,1395,360.97,3483
090404,903,980,844,397.95,3224
090405,888,964,894,373.78,3433
090406,703,768,699,87.95,3253
090407,919,985,777,172.01,2784
090408,388,423,408,54.16,3058
090409,1142,1253,1138,165.65,2500
090410,673,745,784,207.25,1936
090411,863,943,735,622.1,4518
090412,648,705,668,113.01,2899
090413,1481,1604,1512,187,2140
090501,5088,5562,5376,135.48,3295
090502,5368,5941,5667,150.18,2463
090503,1979,2084,1687,162.21,2803
090504,2429,2611,2423,77.07,3152
090505,1078,1173,1186,73.32,2683
090506,3372,3596,3284,92.48,3417
090507,4346,4721,3966,97.72,3382
090508,745,801,699,38.43,2228
090509,3445,3664,3357,128.9,3580
090510,1856,1997,1718,156.29,2792
090511,2832,3140,2810,106.34,3486
090601,2146,2371,2350,401.25,2732
090602,745,833,816,201.26,3815
090603,1005,1058,801,104.59,3242
090604,448,485,494,12.81,3116
090605,845,905,829,205.05,3407
090606,812,858,631,154.71,1933
090607,2758,3038,2691,2162.92,4090
090608,1032,1151,1272,697.31,2903
090609,686,745,676,222.32,2944
090610,1358,1473,1362,255.86,3291
090611,920,998,1055,70.7,3420
090612,1054,1149,1133,174.95,3656
090613,1671,1812,1381,1150.2,2638
090614,376,397,311,169.32,2801
090615,724,801,697,248.56,3482
090616,667,759,862,226.58,3201
090701,10061,10892,11515,109.07,3282
090702,3266,3530,3166,168.06,3628
090703,3522,3772,3293,110.27,3281
090704,3873,4154,3758,90.96,3279
090705,11068,12206,11614,312.18,2953
090706,9089,9959,10052,106.92,3288
090707,3218,3433,2329,292,2913
090709,3003,3222,2852,150.69,3019
090710,1480,1573,1372,67.39,3651
090711,5159,5513,4834,227.86,3820
090713,731,779,718,31.54,3137
090714,3828,4166,3799,192.52,3063
090715,2616,2884,2557,117.98,3196
090716,1813,1959,1613,281.71,3206
090717,4601,5099,4068,271.75,2626
090718,3010,3219,1575,257.73,2410
090719,3945,4307,4198,114.16,2706
090720,2373,2630,2677,144.94,2896
090721,1300,1374,1066,186.03,2640
090722,1914,2076,1705,144.6,3297
090723,1533,1647,1503,S.I.,3538
100101,89502,92440,97086,126.23,1921
100102,81461,85811,90762,131.68,1950
100103,13135,13316,12920,795.78,2122
100104,15670,16764,13954,507.31,1954
100105,4364,4514,3784,206.57,3555
100106,3453,3637,2963,172.74,2427
100107,4788,4897,4767,146.24,2247
100108,2789,3502,2484,266.36,3587
100109,19226,21395,22123,446.63,1939
100110,1545,1590,1578,60.94,3055
100111,43818,46137,55072,76.61,1996
100112,5296,5293,4857,69.9,3243
100113,8350,8427,7919,584.6,2954
100201,20886,22143,24054,288.8,2106
100202,2502,2577,2188,166.05,3332
100203,1731,1770,1482,174.34,2740
100204,4441,4644,4135,104.81,2185
100205,7449,8100,7920,234.23,2157
100206,1561,1565,1199,121.21,3521
100207,8928,9223,8230,443.63,2720
100208,3382,3527,3140,42.11,2049
100301,6634,6992,7108,167.1,3275
100307,3364,3395,2833,151.25,3375
100311,5571,5867,5170,637.24,3508
100313,5393,5543,4131,264.74,3474
100316,1228,1218,968,33.6,2972
100317,5320,5502,5078,75.04,3233
100321,1696,1701,1423,32.26,3542
100322,1814,1824,1493,70.53,3459
100323,2238,2334,2035,36.31,3477
100401,5868,5950,5602,586.21,3176
100402,2718,2775,2645,186.83,3208
100403,1576,1611,1297,684.87,3293
100404,6389,6603,6100,283.71,2874
100501,13403,13925,13439,411.35,3489
100502,1356,1381,1237,158.33,3066
100503,3793,3938,3739,89.25,3382
100504,5603,5992,5735,236.99,3625
100505,1412,1428,1079,84.81,3211
100506,3127,3180,3023,96.74,3688
100507,12368,12980,11068,1521.39,982
100508,2009,2032,1893,42.24,3560
100509,4062,4240,3995,101.75,3749
100510,3129,3182,2861,151.7,3649
100511,1777,1830,1516,249.95,3517
100601,53066,55795,59894,266.52,667
100602,6142,6833,6890,702.46,669
100603,3475,3707,3635,112.2,1354
100604,22149,23280,23918,2120.66,587
100605,8951,9335,9519,100.32,642
100606,10048,10868,11390,766.27,736
100607,3724,3910,3924,768.35,573
100608,13568,13672,14382,106.11,675
100609,4143,4447,4320,S.I.,626
100610,2527,2725,2581,283.54,617
100701,14150,15178,15077,704.63,2914
100702,5372,5793,5507,2125.19,2447
100703,2111,2173,2010,86.54,3211
100704,2790,3127,3902,878.94,559
100705,2199,2444,2781,1005.96,530
100801,17449,18400,17778,1580.86,2536
100802,10103,10733,9714,1103.58,3040
100803,10552,11117,10277,235.5,2396
100804,11055,11620,10043,149.08,2524
100901,9407,10318,10870,2147.18,215
100902,7101,7862,8532,3322.04,398
100903,4814,4916,4637,798.05,177
100904,5447,6281,6723,2228.46,214
100905,5769,6639,6791,1845.62,227
101001,4193,4240,3578,449.9,3499
101002,1956,1957,1301,152.66,3442
101003,1011,1206,869,61.31,3394
101004,1009,1020,827,131.15,3835
101005,3595,3824,2896,169.42,3617
101006,1296,1301,1007,84.3,3457
101007,5853,5652,4599,811.75,3625
101101,4789,4891,4207,205.16,3475
101102,1156,1144,821,29.5,3413
101103,1110,1092,795,16.53,3204
101104,4735,4942,4379,183.14,3452
101105,1110,1118,892,36.16,3816
101106,3845,4002,3342,123.16,3543
101107,1128,1138,859,72.68,3436
101108,2024,2072,1661,61.14,3554
110101,150280,160288,177538,887.51,432
110102,39574,43141,49227,98.34,463
110103,21963,23802,26796,90.92,446
110104,4392,4847,5448,1417.12,332
110105,7411,7838,8741,34.47,424
110106,54047,58266,62071,17.39,472
110107,6395,6920,8150,33.12,417
110108,25767,27910,31666,651.72,452
110109,6987,7616,8372,363.2,542
110110,13846,14928,16137,26.39,459
110111,27645,29524,32245,2783.73,395
110112,27387,29864,34046,193.97,445
110113,4709,4975,5398,7.07,417
110114,1116,1232,1296,1289.1,861
110201,66349,73730,79899,238.34,140
110202,7783,8372,9339,298.83,156
110203,2071,2263,3057,426.17,3183
110204,13009,14151,14928,72.52,44
110205,12369,13515,14222,789.9,160
110206,25294,27419,30450,190.53,134
110207,62604,69371,77050,209.45,146
110208,1129,1362,1993,500.4,2555
110209,992,1055,1111,222.45,3812
110210,29079,31295,34535,16.76,94
110211,5434,6217,6879,22,37
110301,27632,29090,30819,1252.25,618
110302,1950,2130,2247,946.94,260
110303,3134,3460,3749,552.39,463
110304,15981,17044,19194,1955.2,36
110305,20460,22615,26003,527.3,618
110401,7748,8434,8952,147.44,371
110402,1555,1697,1829,186.18,317
110403,2658,2898,2995,315.52,369
110404,927,1036,1041,255.7,546
110405,344,368,358,328.04,2192
110501,67467,74035,82721,24.56,39
110502,1379,1492,1443,905.14,1039
110503,5408,5759,5923,1112.96,426
110504,12987,14129,14908,272.34,235
110505,7147,7942,10082,1420,14
110506,13767,15450,16471,39.45,16
110507,24814,27019,30611,127.22,116
110508,17775,18676,20110,55.48,113
120101,119993,122804,125709,237.55,3294
120104,506,515,431,13.78,3774
120105,959,983,899,120.72,3413
120106,741,761,630,45.92,3606
120107,91851,96609,102548,8.3,3273
120108,1484,1551,1481,701.75,3573
120111,1946,2090,2065,13.56,3197
120112,1017,1064,996,113.25,3499
120113,1335,1395,1233,108.01,3549
120114,166359,171500,178306,73.56,3305
120116,1366,1420,1390,24.1,3238
120117,5251,5631,6092,24.82,3267
120119,24830,27005,31882,12,3252
120120,829,866,810,47.61,3755
120121,9800,10456,11063,13.13,3251
120122,2376,2489,2384,53.29,3486
120124,5130,5481,4902,617.5,2591
120125,20055,21979,25618,20.18,3244
120126,4748,4998,4695,110.49,3374
120127,1852,1937,1896,34.79,3430
120128,3904,4045,4105,167.98,3323
120129,15281,17064,20025,23.09,3297
120130,11601,12476,13350,20.99,3301
120132,5512,5920,6623,11.59,3297
120133,21096,22967,26887,119.02,3330
120134,16932,18834,24599,42.73,3305
120135,6222,6669,6086,778.02,2221
120136,2639,2805,3016,3.57,3200
120201,15428,16402,17124,18.29,3303
120202,1642,1692,1586,37.8,3474
120203,3502,3652,3075,694.9,2508
120204,2550,2728,2609,113.21,3521
120205,1923,2014,1919,165.05,3231
120206,5377,5712,5002,825.29,3303
120207,972,1014,880,25.83,3764
120208,1478,1537,1519,20.58,3381
120209,1394,1475,1448,743.84,2513
120210,5537,6135,6468,24.74,3302
120211,1382,1462,1445,25.21,3296
120212,2287,2417,2679,7.28,3339
120213,4738,5038,5401,44.61,3271
120214,5398,5829,5548,314.8,3913
120215,1983,2103,2071,13.91,3396
120301,27790,28709,29494,919.72,804
120302,52874,59569,60585,1191.16,666
120303,39054,44032,41498,1496.59,531
120304,4157,4322,3580,212.49,739
120305,25800,28880,29821,591.67,865
120306,1814,1832,1605,313.85,962
120401,17908,19415,20347,10.1,3425
120402,6077,6425,5737,122.4,3493
120403,4284,4651,4491,421.62,3359
120404,1264,1366,1398,5.9,3364
120405,1601,1708,1665,974.69,3632
120406,1410,1501,1399,64.68,3546
120407,2598,2727,2758,17.76,3336
120408,1646,1707,1601,20.19,3366
120409,1000,1085,1105,14.19,3378
120410,2041,2172,2275,11.82,3404
120411,558,587,529,31.57,3830
120412,745,774,739,24.78,3473
120413,1553,1625,1597,20.34,3319
120414,1143,1206,1145,110.6,3526
120415,1451,1531,1359,28.8,3480
120416,1732,1842,1696,14.26,3505
120417,732,768,711,29.86,3671
120418,1573,1647,1571,312.17,3459
120419,1662,1818,2008,295.83,1495
120420,1017,1059,1047,11.74,3358
120421,2335,2388,2356,19.86,3373
120422,892,928,820,34.22,3402
120423,1450,1504,1319,90.86,3679
120424,1226,1287,1234,10.89,3398
120425,1153,1203,1095,32.82,3437
120426,1427,1484,1277,281.61,3824
120427,1296,1326,1145,319.95,3645
120428,2538,2719,2881,22.15,3337
120429,702,717,632,8.44,3417
120430,3060,3273,3428,4.5,3387
120431,4056,4264,4143,236.74,3280
120432,1038,1056,939,30.07,3492
120433,1097,1134,976,93.15,3439
120434,8992,9957,10099,20.54,3420
120501,10976,11419,10817,883.8,4127
120502,6638,6827,6157,219.68,4154
120503,1236,1232,1021,254.46,4108
120504,4283,4319,3656,1129.37,3636
120601,37075,41659,43401,732.02,676
120602,5778,6359,6711,145.13,708
120603,6544,7117,7849,180.39,1122
120604,35719,41128,44652,2219.63,694
120605,3690,4003,3335,566.82,1231
120606,54240,62274,67539,3679.4,816
120607,30651,32977,35464,714.98,665
120608,26036,30406,29138,10349.9,358
120609,4252,5023,6356,631.21,539
120701,47775,50765,49795,459.95,3094
120702,9500,9959,8762,97.84,2961
120703,1899,1966,1648,162.31,3783
120704,9901,10530,8969,652.15,2768
120705,3514,3689,3579,140.4,3556
120706,5543,5991,5770,378.08,2759
120707,3438,3513,2794,169.24,3351
120708,3547,3628,3061,537.31,4027
120709,4473,4684,4227,151.88,3146
120801,14021,14400,12949,388.42,3757
120802,687,701,629,183.06,3775
120803,1947,2087,2246,179.94,3995
120804,835,845,730,888.56,4451
120805,5155,5276,5244,265.67,4268
120806,1633,1681,1604,323.69,3786
120807,1104,1111,903,646.29,4145
120808,8977,9006,8207,101.09,3831
120809,690,738,681,216.47,4286
120810,5341,5537,5356,424.16,4137
120901,20341,21539,21432,21.7,3286
120902,6267,6741,6677,70.44,3341
120903,4537,4733,4829,100.95,3288
120904,2948,3146,2938,22.01,3378
120905,8766,9672,11881,9.4,3203
120906,2228,2327,2314,24.7,3280
120907,2658,2756,2455,137.02,3692
120908,2665,2896,3325,14.66,3193
120909,2578,2757,2520,743.4,3854
130101,314939,335811,350915,39.36,74
130102,190461,211809,242202,36.7,92
130103,37262,38506,37879,1.99,92
130104,68409,78375,93851,332.14,19
130105,189206,210654,234854,15.55,137
130106,37206,41158,44440,335.44,107
130107,37436,40336,44663,25.25,25
130108,3586,3866,3969,276.01,659
130109,18944,20983,24028,295.88,10
130110,4061,4437,4575,390.55,604
130111,68506,74095,81494,18.02,24
130201,6462,6858,6868,290.18,242
130202,15267,15849,16180,870.58,150
130203,9321,9828,9808,95.73,118
130204,2463,2694,2652,163.01,42
130205,25913,27827,29804,79.69,97
130206,8664,9204,9572,317.3,14
130207,19204,19871,20118,154.55,32
130208,28492,29719,29942,687.6,162
130301,4455,4969,5083,740.58,3157
130302,2908,3205,3109,165.2,3488
130303,1914,2148,2135,331.26,2793
130304,2098,2336,2357,192.88,2617
130305,2246,2460,2330,190.53,3043
130306,836,907,899,98.41,2634
130401,45733,48238,49489,287.34,160
130402,21056,23447,25806,583.93,112
130403,11629,12661,12857,271.16,84
130501,11505,12758,12804,208.49,3420
130502,4866,5251,4906,207.57,3377
130503,6221,6923,6929,254.28,3345
130504,5432,6247,6249,431.05,3075
130601,24169,26502,27201,444.13,2701
130602,9252,10276,10550,258.56,3143
130604,2420,2643,2512,68.89,2280
130605,3940,4248,4005,149.65,2208
130606,614,667,658,39.25,1900
130608,2693,2910,2835,37.32,3320
130610,523,558,530,21.46,3137
130611,5831,6506,6591,192.74,3461
130613,7032,7631,7467,452.95,2335
130614,21388,23424,22622,445.82,3049
130701,17637,18747,19882,697.01,49
130702,40217,42788,45202,165.37,124
130703,4136,4384,4803,50.98,13
130704,28959,31002,33150,30.84,21
130705,11948,12455,12902,181.06,117
130801,12490,13839,13848,339.13,3222
130802,3812,4160,4292,227.39,3189
130803,11678,12872,13206,300.04,3166
130804,5877,6170,6122,247.48,3313
130805,1158,1212,1034,89.73,2381
130806,3478,3817,3716,124.63,2188
130807,1250,1407,1320,1394.89,1353
130808,18730,20312,21889,304.99,3121
130809,8937,10158,11333,467.44,2611
130810,1656,1835,1961,371.67,2641
130811,2210,2362,2228,129.44,3316
130812,2779,3025,3030,130.09,3123
130813,2048,2503,2352,99.61,2707
130901,66902,74786,84084,424.13,3183
130902,16769,18956,19702,416.31,3394
130903,8398,9815,10271,258.04,2620
130904,7822,8678,8909,99.5,3244
130905,10431,11845,10927,229.57,2943
130906,12922,14533,15197,324.38,2688
130907,8916,9762,10040,340.08,2840
130908,12245,14052,14654,394.37,2697
131001,18311,20223,20520,1073.63,3126
131002,4810,5127,4870,153.45,2889
131003,5319,5899,5685,266.5,2897
131004,1734,1857,1835,69.69,3099
131005,2339,2480,2405,71.2,2694
131006,12291,13713,13698,549.14,3992
131007,2852,3067,3033,165.12,2937
131008,3240,3677,3679,310.23,3080
131101,13374,14279,14381,465.67,1278
131102,4725,4984,4800,280.38,2192
131103,2407,2537,2582,300.25,1512
131104,6386,6707,6405,238.47,2384
131201,52407,56433,60018,1072.95,88
131202,32842,35857,41760,1736.87,103
131203,7075,7391,7882,404.72,30
140101,270496,282680,293332,50.35,28
140102,18364,19201,19966,712,219
140103,11993,12643,13542,84.78,15
140104,2342,2396,2471,14.48,14
140105,156498,164130,167037,28.22,41
140106,90912,95035,100801,29.36,36
140107,9986,10536,11074,429.27,34
140108,32225,34301,36188,44.94,40
140109,2458,2509,2561,208.63,178
140110,8201,8558,8268,455.4,209
140111,12704,13517,15048,56.92,43
140112,44602,48444,53446,66.53,22
140113,15744,16780,18318,47.03,34
140114,12350,13296,14366,14.09,23
140115,11617,12368,12654,313.9,70
140116,14809,15484,15153,162.86,86
140117,22624,24212,25723,182.81,113
140118,25267,26243,27672,80.35,61
140119,8701,9023,9062,175.81,108
140120,27782,29384,30159,130.34,71
140201,34229,36691,38489,62.18,38
140202,11366,12316,12096,284.88,2421
140203,13858,14897,15266,443.91,3030
140204,3808,4142,4210,200.57,66
140205,19651,21560,22242,558.18,70
140206,14503,15233,16135,28.88,45
140301,71425,76651,83717,330.73,24
140302,1407,1505,1650,79.27,198
140303,8856,9374,9623,24.37,60
140304,17204,19068,20559,680.96,67
140305,18401,19388,20524,103.7,40
140306,48209,52797,57818,1041.66,5
140307,29836,32001,35523,557.37,140
140308,46484,51892,57359,5583.47,192
140309,8060,8434,9292,87.79,69
140310,12595,13428,13801,991.8,174
140311,15846,16631,18801,46.73,33
140312,21847,23547,25048,67,61
150101,268352,271324,266887,21.98,162
150102,62928,70294,91478,285.45,14
150103,599196,633470,702815,77.72,378
150104,34378,35467,36467,3.33,97
150105,85309,90920,95187,3.22,153
150106,333045,361168,423894,303.31,238
150107,42912,43503,45091,39.5,685
150108,314241,342762,367099,38.94,68
150109,34684,36509,40193,240.33,287
150110,520450,557093,586914,48.75,107
150111,198862,213968,229426,12.54,200
150112,211360,219569,228121,14.56,111
150113,75359,78791,83904,4.57,142
150114,140679,154950,165020,65.75,262
150115,173630,188588,189594,8.74,142
150116,54711,58668,61689,3.03,150
150117,325884,345159,358910,18.25,67
150118,240814,260050,302599,236.47,879
150119,89195,99924,114024,180.26,12
150120,60290,62406,67761,3.61,90
150121,83323,90244,97568,4.38,114
150122,99337,104334,113503,9.62,125
150123,110071,126129,152268,160.23,68
150124,14891,15421,17620,37.39,26
150125,329675,362799,412174,72.81,187
150126,15874,17876,23470,119.5,52
150127,7074,7652,8808,130.5,42
150128,174785,178962,182882,11.87,153
150129,7482,8147,9273,45.01,25
150130,113247,122913,130882,9.96,170
150131,60735,65861,69409,11.1,195
150132,1038495,1123889,1225092,131.25,222
150133,355219,402989,422197,22.97,133
150134,52082,55410,56302,3.49,214
150135,654083,712545,770725,36.82,138
150136,155384,164836,180647,10.72,84
150137,196214,214625,227530,10.69,285
150138,999,1067,1216,9.81,52
150139,27863,31021,42107,21.35,72
150140,329152,385178,420016,35.89,107
150141,91023,98159,102434,3.46,125
150142,393254,415391,432170,35.46,204
150143,398433,426398,448775,70.57,210
150201,68324,69686,74630,158.82,74
150202,21453,22056,21633,408.59,37
150203,17431,17638,18171,278.64,95
150204,24318,24382,26709,512.92,69
150205,12855,12983,13882,11.51,41
150301,2082,2050,1899,567.96,3396
150302,858,860,827,212.16,3433
150303,1672,1687,1559,309.95,3049
150304,984,975,911,146.1,3187
150305,963,980,956,279.04,2457
150401,2385,2333,2222,123.09,2867
150402,596,601,574,134.29,2533
150403,686,688,621,488.09,3414
150404,760,778,749,333.45,3614
150405,856,890,862,137.87,3686
150406,555,576,604,106.26,2743
150407,5710,5896,5817,408.11,936
150501,54775,56582,62496,513.15,77
150502,9784,9822,11148,277.36,69
150503,2269,2359,2431,530.89,323
150504,8328,8264,9424,105.08,17
150505,21573,21659,25335,475.47,31
150506,1043,1028,1082,590.99,285
150507,38925,37887,39293,53.16,112
150508,4393,4121,4008,500.33,498
150509,32717,32417,34836,129.31,58
150510,26233,26279,29934,329.3,169
150511,1686,1669,1713,258.72,721
150512,16091,15654,16614,437.4,185
150513,4343,4408,4777,37.15,67
150514,13436,12852,13322,38.53,36
150515,3103,3049,3290,100.06,111
150516,1314,1360,1305,198.01,827
150601,99915,101299,108647,640.76,195
150602,687,692,641,347.69,3293
150603,902,895,802,164.89,1885
150604,19464,20073,,729.41,154
150605,56920,58385,62668,150.11,58
150606,2037,2089,1941,467.67,2850
150607,336,336,295,144.97,2467
150608,1028,1091,1283,294.04,3348
150609,648,647,624,48.16,1591
150610,830,807,736,216.92,3550
150611,720,726,658,259.38,3396
150612,411,406,371,204.27,2640
150701,4058,4095,3949,179.44,2395
150702,1225,1256,1187,387.98,1573
150703,798,777,632,57.47,1807
150704,331,334,303,234.21,3459
150705,3826,3667,2971,244.1,3703
150706,449,453,470,60.02,2784
150707,609,582,493,76.02,2938
150708,875,836,711,227.01,3431
150709,1302,1307,1194,249.09,3170
150710,616,628,556,81.88,3362
150711,889,879,806,80.99,2889
150712,666,639,542,104.51,3683
150713,1357,1416,1387,168.63,3561
150714,6542,6504,6699,34.59,975
150715,1320,1339,1261,83.35,3321
150716,912,5736,6032,563.59,3456
150717,1139,1171,1041,43.91,1644
150718,1202,1185,1089,343.22,3252
150719,699,683,623,124.31,3436
150720,374,366,333,137.16,3436
150721,1223,1202,1095,467.58,2682
150722,4245,4115,3823,425.6,3164
150723,1335,1413,1285,123.91,2084
150724,928,937,851,79.91,3196
150725,210,209,189,41.75,3140
150726,630,643,620,81.92,2779
150727,2486,2589,2645,41.5,1440
150728,12636,12916,13490,111.12,1048
150729,320,313,269,94.01,3400
150730,411,415,353,54.25,2913
150731,3125,3272,3365,552.32,2861
150732,1407,1441,1322,102.58,2049
150801,63142,65794,72159,717.02,46
150802,2208,2151,1991,929.68,2084
150803,8132,7977,9126,2.04,28
150804,929,924,832,166.37,3305
150805,28765,27913,29126,5.81,47
150806,34764,35129,37758,484.43,96
150807,1867,1930,1957,300.13,3299
150808,1516,1566,1454,229.25,3275
150809,775,767,786,375.49,3583
150810,36267,36920,40340,127.51,83
150811,23408,23793,25199,1310.77,689
150812,25912,26093,29269,253.7,40
150901,12150,11957,11863,890.43,3648
150902,546,545,447,148.18,3505
150903,576,568,486,105.5,3185
150904,1086,1080,982,265.55,3492
150905,855,852,801,227.16,3131
150906,2526,2476,2273,252.05,2283
151001,1481,1432,1200,327.17,2895
151002,1534,1481,1474,142.06,3285
151003,1145,1153,999,438.79,3151
151004,565,548,491,238.83,3263
151005,440,435,389,79.84,3435
151006,507,524,522,213.79,2788
151007,162,167,142,122.13,3846
151008,1062,1073,1063,123.86,1203
151009,801,809,736,213.37,2733
151010,216,224,205,27.73,2851
151011,1109,1135,1049,323.96,3399
151012,331,334,307,103.8,3215
151013,149,151,127,54.03,2501
151014,596,574,474,283.6,3591
151015,637,649,642,50.46,2529
151016,941,932,945,516.35,3315
151017,432,444,441,37.54,3222
151018,546,570,481,402.85,3492
151019,447,457,379,221.22,3516
151020,570,572,504,220.72,3292
151021,229,238,191,226.24,3677
151022,593,621,615,295.35,1572
151023,498,505,526,66.44,1985
151024,609,620,510,113.33,2981
151025,428,439,392,153.13,2672
151026,166,170,146,41.24,2960
151027,275,286,251,97.39,2678
151028,507,501,505,347.15,4293
151029,499,501,481,530.86,3526
151030,520,542,436,297.93,3580
151031,533,512,472,321.15,2841
151032,1624,1643,1606,165.23,3315
151033,311,302,248,101.79,3625
160101,146853,162450,164196,358.15,107
160102,2855,3155,3372,14290.81,115
160103,13875,14935,13577,4476.19,129
160104,10134,11768,11604,3297.76,98
160105,8032,8790,8249,6593.64,100
160106,12181,13898,14164,9884.28,106
160107,15003,17106,17988,24049.95,142
160108,75210,86608,90609,1573.39,124
160110,4230,5015,5068,6795.14,196
160112,64488,70503,71162,632.8,116
160113,127005,143054,159614,3117.05,120
160201,83554,96151,108870,2187.67,150
160202,13707,16426,17360,2954.17,220
160205,3900,4570,4712,4253.68,146
160206,12033,13594,13739,5929.16,119
160210,3967,4235,4296,2222.31,131
160211,5564,6153,6259,1292.03,149
160301,29963,32622,34208,6672.35,127
160302,6085,6416,6081,12934.74,106
160303,6448,7509,7622,19785.7,131
160304,8396,10126,11281,12246.01,131
160305,11545,13324,14079,15434.46,100
160401,19178,22883,24655,7163.07,86
160402,11079,12808,12538,11048.35,117
160403,8366,10040,9998,13807.54,75
160404,10449,12564,12762,5045.58,85
160501,25313,27624,28209,3038.56,116
160502,1515,1673,1579,9013.8,123
160503,2566,2607,2224,842.37,112
160504,6089,6851,6821,4572.56,108
160505,7304,8523,8758,4792.06,108
160506,4372,4709,4498,6149.49,113
160507,3365,3426,3074,2081.42,106
160508,569,680,706,4711.38,118
160509,881,964,934,2014.23,108
160510,4608,5084,5065,1517.43,116
160511,1929,2278,2232,10947.16,90
160601,23883,27376,28991,10675.13,138
160602,1738,1793,1698,646.04,140
160603,3697,3766,3239,2475.66,139
160604,5388,6353,6078,7346.98,111
160605,13464,15226,15320,6303.17,122
160606,6467,7631,7495,1846.49,129
160701,12742,15214,16355,7235.53,134
160702,6336,7749,8052,4685.11,162
160703,8421,9378,9506,3493.77,155
160704,4191,4811,4355,10776.95,144
160705,5078,6164,6129,8908.91,137
160706,11714,14570,16425,11540.66,172
160801,3666,4297,4452,10886.41,131
160802,520,612,608,7038.69,132
160803,2317,2797,2408,9488.52,185
160804,1277,1491,1610,17725.02,94
170101,81925,92732,106751,22218.56,204
170102,11570,13742,16494,4256.82,351
170103,12644,15412,21575,7032.21,239
170104,5335,6233,6741,2760.9,192
170201,2356,2425,2302,8166.65,535
170202,1402,1504,1570,10955.29,282
170203,6217,7012,6363,7234.81,246
170204,8574,10075,10965,1478.42,444
170301,2391,2833,3393,14853.66,238
170302,5791,5995,5696,2549.32,268
170303,2865,3361,3628,3793.9,261
180101,65808,70388,47754,3949.04,1428
180102,2366,2453,2152,2256.31,3054
180103,761,794,685,67.58,3156
180104,8480,9229,10104,62.55,1615
180105,1736,1752,1481,542.73,3472
180106,6198,6739,6736,1793.37,2203
180201,3158,3272,3002,250.64,2169
180202,708,716,520,847.94,3634
180203,948,1024,926,247.58,2300
180204,2901,3199,2893,1017.74,3794
180205,626,656,467,776.04,1817
180206,570,584,431,254.45,3325
180207,455,471,355,557.23,2577
180208,2376,2615,2436,550.99,3092
180209,518,547,430,193.79,1789
180210,1741,1822,1404,874.57,3395
180211,864,922,750,110.74,3619
180301,66479,70065,71753,295.51,33
180302,3717,4414,9437,747,136
180303,4453,4709,4616,338.08,77
190101,25627,27258,26481,6.66,4373
190102,4333,4625,4557,846.3,3400
190103,6925,7125,6703,133.07,2986
190104,9577,9688,9182,1026.87,4341
190105,3877,4111,4144,508.92,4172
190106,1738,1763,1344,73.69,3126
190107,11216,11189,8528,782.19,2954
190108,4459,4512,3144,117.7,3785
190109,12663,12940,12428,697.15,4234
190110,3261,3301,2404,748.43,3543
190111,6755,7090,7421,94.49,4281
190112,3392,3617,3959,173.3,4128
190113,29192,31227,31151,165.11,4394
190201,11333,11908,10898,921.06,3203
190202,2006,2054,1588,198.58,3385
190203,1535,1572,1305,23.17,4202
190204,1776,1845,1685,134.18,3381
190205,1348,1425,1308,92.17,3648
190206,21217,22929,24580,353.11,3786
190207,2426,2395,1952,60.19,3713
190208,1939,2065,2105,102.35,3459
190301,15677,16703,17643,419.85,1832
190302,5334,5803,6773,457.09,1849
190303,6661,6921,7123,1182.15,1769
190304,7130,8211,7902,2912.16,302
190305,4511,4990,4174,750.87,750
190306,17249,20091,22387,8014.31,281
190307,17274,18711,18466,859.23,1551
190308,13634,15635,17961,3171.49,247
200101,158495,169213,184732,196.15,57
200104,160201,172060,193225,656.69,35
200105,75870,78209,82839,2286.97,35
200107,18671,19471,20441,217.41,35
200108,5387,5544,5643,100.98,21
200109,38734,40018,42102,171.24,33
200110,41742,42785,45471,320.9,27
200111,26947,28769,29345,557.69,257
200114,107495,118814,128004,1496.75,76
200115,165779,176089,197261,72.01,53
200201,30852,33649,32156,1549.99,2735
200202,19896,21551,21201,565.31,1703
200203,2405,2708,2642,104.73,1311
200204,5734,5919,5719,190.82,2219
200205,6179,6713,6547,130.57,1058
200206,21257,23418,23119,981.5,1980
200207,9621,10227,10542,319.67,598
200208,10510,11039,10994,267.09,1464
200209,1654,1723,1567,33.1,1452
200210,11179,11959,12063,1078.61,417
200301,27599,29452,29395,446.75,1955
200302,7317,7798,7449,306.41,1152
200303,11186,11892,11685,702.81,2472
200304,35548,37658,37259,1908.22,2188
200305,3871,4302,4057,138.95,972
200306,8678,9315,9461,201.6,1259
200307,7140,7547,7295,336.53,2003
200308,10162,11028,11298,226.09,1886
200401,82521,87221,91141,842.26,135
200402,9410,9935,10468,245.12,154
200403,7789,8008,7478,151.96,2261
200404,13997,14639,15428,1043.61,126
200405,15239,15736,16377,169.96,151
200406,8527,8966,9215,614.03,175
200407,6433,6730,6697,245.21,201
200408,3650,3874,3755,76.76,881
200409,5960,6284,5750,187.32,1490
200410,8501,8921,8612,216.91,1192
200501,87979,96202,106929,706.31,71
200502,2413,2480,2565,90.82,23
200503,1136,1218,1270,8.19,37
200504,14869,16057,17379,124.93,25
200505,12950,13534,14510,599.51,33
200506,4923,5150,5479,63.67,33
200507,5622,5937,6338,134.36,27
200601,169335,183056,193254,529.73,76
200602,37530,38301,39384,3.09,77
200603,20423,20941,22210,306.53,39
200604,12119,13210,13363,2152.99,156
200605,29569,31067,33129,1687.98,53
200606,9036,9675,10587,480.26,62
200607,26395,27408,28667,270.08,66
200608,7047,7365,7884,28.27,65
200701,98309,101707,107159,1116.99,23
200702,8316,8617,9205,491.33,276
200703,12486,13031,13300,692.96,8
200704,1312,1396,1376,233.01,31
200705,10699,11244,11895,165.01,7
200706,13028,13429,14576,100.19,8
200801,44590,47345,53899,5710.85,12
200802,4798,4970,5413,13.88,23
200803,6855,7356,7944,71.74,22
200804,4300,4641,5209,234.37,25
200805,15630,16763,18553,261.01,23
200806,3004,3084,3189,19.44,26
210101,135288,141077,142897,460.63,3848
210102,22961,24212,21929,1941.09,3848
210103,3452,3550,3202,15,3871
210104,4555,4830,4496,124.74,3844
210105,7540,7717,6433,117.06,3872
210106,7019,7463,7055,121.18,3893
210107,6588,6975,6595,104,3839
210108,3155,3220,2537,130.37,3863
210109,5144,5363,5149,410.67,3949
210110,4224,4444,4149,170.04,3864
210111,5679,5958,6006,1633.48,3962
210112,7121,7487,6967,238.59,3835
210113,2413,2676,2627,376.75,4330
210114,1594,1683,1509,455.71,3912
210115,2761,3013,2874,193.29,3878
210201,30070,31139,32095,706.13,3878
210202,2826,2952,2647,132.23,3868
210203,7020,7350,6983,329.85,3846
210204,14484,15165,14258,392.38,3927
210205,2931,3103,2888,146.88,3857
210206,6475,6609,5054,143.21,3847
210207,4462,4844,4733,69.73,3887
210208,6445,6995,6804,764.49,3925
210209,3939,4009,3301,602.95,4133
210210,9645,9925,8511,188.59,3836
210211,7298,7632,7149,514.84,3971
210212,4818,5092,4805,372.73,4094
210213,2841,3043,2743,106,3841
210214,4407,4704,4361,301.27,3933
210215,2731,3000,2961,198.73,3903
210301,12664,13848,14529,1029.56,4311
210302,2138,2397,2562,413.11,4272
210303,9299,9587,9574,1091.61,3481
210304,6433,6690,5224,3572.92,3768
210305,4240,4569,4909,852.99,4039
210306,9108,9887,10326,836.37,4146
210307,7526,8174,8973,1200.79,3787
210308,6090,6299,6798,595.79,2746
210309,6832,7341,8916,2029.22,641
210310,8992,9135,7955,644.04,3781
210401,19773,20995,20291,720.38,3878
210402,13787,14082,12516,178.21,3849
210403,9237,9444,8064,705.28,3945
210404,7346,7565,5557,485.77,3858
210405,8223,8676,7756,959.34,3932
210406,13707,14587,13729,382.58,3878
210407,16929,17829,17352,546.57,3836
210501,46018,49591,47866,874.57,3907
210502,1130,1197,1025,1039.25,4402
210503,10672,11279,10369,157,3841
210504,3529,3605,2882,2524.02,3981
210505,2529,2648,2212,1005.67,3969
210601,18742,19341,18718,381.62,3866
210602,3764,4056,3951,881.18,4354
210603,3083,3279,3000,106.73,3849
210604,2642,2731,2466,289.03,3930
210605,4937,5294,4895,148.42,3851
210606,4079,4253,3825,301.47,3891
210607,13193,13694,13349,198.02,3848
210608,7211,7771,7202,499.38,3851
210701,11206,11752,11708,675.82,3881
210702,5352,5911,5992,443.04,3890
210703,1585,1716,1797,141.3,3851
210704,2360,2476,2306,134.35,3868
210705,2237,2425,2276,878.26,4227
210706,1817,1892,1545,483.96,4082
210707,2732,2823,2205,745.08,4352
210708,5306,5550,5219,537.6,3894
210709,7028,7503,7279,1595.67,4053
210710,1233,1274,1021,156.65,4316
210801,24452,25418,26215,1013.14,3937
210802,5359,5635,5859,636.17,4152
210803,1986,2109,1936,214.25,3984
210804,2532,2698,2317,216.36,3998
210805,6947,7377,7094,673.78,3979
210806,8450,8765,7921,2200.16,4038
210807,7651,7983,7130,379.05,3915
210808,6197,6445,6213,790.38,4010
210809,3564,3918,3825,323.56,3943
210901,11518,11723,10383,494.36,3902
210902,3151,3304,3242,72.95,3862
210903,2613,2697,2341,388.35,3912
210904,2471,2597,2479,48.15,3843
211001,14753,14824,13197,1021.92,3878
211002,12615,12692,10722,939.56,4705
211003,1909,2005,1852,565.81,3873
211004,5187,5495,5574,516.66,3928
211005,1649,1783,1888,163.43,3181
211101,228726,240615,258728,533.5,3877
211102,4843,5314,5587,191.23,3912
211103,4567,4652,4279,1267.06,3894
211104,6818,7247,7597,285.87,3844
211105,62463,67721,76879,121.8,3875
211201,10266,11498,11289,580.13,2206
211202,5024,5619,5611,503.91,3425
211203,2970,3358,3122,2112.34,3333
211204,3863,4244,4136,462.72,3650
211205,5091,5956,6290,400.9,3485
211206,2131,2308,2291,447.9,2970
211207,3733,3869,2808,197.14,1308
211208,1936,2176,2045,670.61,1419
211209,6604,7530,7356,1124.88,1352
211210,9124,10344,10004,5361.88,948
211301,24515,25447,24474,170.59,3850
211302,1782,1826,1687,9.54,3864
211303,4655,5023,4904,47.37,3864
211304,1270,1385,1323,21.74,3861
211305,2711,2839,2373,23.67,3852
211306,949,957,815,6.2,3853
211307,1057,1044,710,11.1,3827
220101,76325,81678,88059,2737.57,895
220102,4609,4653,4889,95.38,856
220103,1675,1681,1664,91.25,850
220104,15377,16313,15547,360.03,1067
220105,21514,22922,22810,387.76,904
220106,2865,2886,2942,100.32,862
220201,16894,17819,19240,287.12,330
220202,7639,8877,10136,6117.12,253
220203,13116,14445,15494,975.43,256
220204,2711,2741,2733,210.42,267
220205,8640,8672,8617,362.49,278
220206,6033,6144,6344,98.32,242
220301,14639,16290,17540,299.9,342
220302,2330,2383,2342,168.19,318
220303,10447,12378,13645,562.57,437
220304,6332,7049,7502,243.41,288
220305,3004,3111,3313,24.07,413
220401,13422,14328,15204,545.43,317
220402,4471,4822,5805,1347.34,408
220403,2106,2105,1871,122.77,293
220404,4268,4510,4888,184.87,310
220405,2450,2449,2306,143.15,269
220406,789,813,832,37.29,259
220501,14497,15067,15773,79.82,764
220502,13462,14535,14365,294.2,1090
220503,6429,7038,7771,1065.12,173
220504,9546,10470,11466,1678.69,193
220505,3301,3277,2895,191.46,248
220506,8086,9151,9036,524.07,276
220507,3456,3599,3992,39.19,328
220508,1635,1679,1744,525.15,611
220509,1975,1999,1806,24.59,260
220510,13879,14248,14855,485.25,597
220511,5255,5704,5970,175,299
220601,32444,32828,35093,335.19,299
220602,12705,15259,18897,2249.83,318
220603,8385,8801,9948,9830.17,308
220604,5747,6295,7158,1839.51,295
220605,5345,5697,5927,244.03,286
220701,10203,10846,11895,218.72,228
220702,2924,3040,3014,272.97,209
220703,2126,2138,2224,81.44,238
220704,865,882,878,239.27,218
220705,2971,2989,3044,230.72,228
220706,1192,1211,1195,29.63,238
220707,3945,3901,3720,96.55,230
220708,8554,9808,10885,415.58,289
220709,3876,3895,3862,340.01,244
220710,3889,4122,4131,246.52,237
220801,25521,25911,27203,185.69,850
220802,7479,7870,8012,481.08,888
220803,17661,18547,22871,199.64,853
220804,43476,44888,48250,330.31,869
220805,16797,17177,17133,1131.87,963
220806,1919,1964,2191,54.65,838
220807,3413,3698,3660,63.53,828
220808,2446,2654,2510,74.53,883
220809,3832,3859,3724,13.74,812
220901,76122,80445,84794,67.81,342
220902,841,901,927,268.4,215
220903,3604,3639,3885,75.36,309
220904,9497,10235,10845,966.38,189
220905,2249,2314,2478,500.44,152
220906,2399,2468,2615,483.21,152
220907,4975,5337,5700,1609.07,181
220908,3907,3987,4270,196.5,207
220909,43481,45450,52334,286.68,418
220910,33067,39372,46263,43.91,290
220911,2073,2104,1972,686.19,149
220912,1674,1688,1770,93.03,499
220913,7263,7279,6459,103,622
220914,1943,1978,2081,270.44,214
221001,26166,29831,30856,1142.04,519
221002,11456,12269,12753,860.98,512
221003,10308,10986,11175,2174.48,543
221004,1315,1334,1410,964.21,1015
221005,20149,21128,14758,723.73,566
230101,92972,101639,106071,1877.78,583
230102,34061,35272,34733,371.4,603
230103,2979,3278,3526,108.38,881
230104,31866,33044,32153,173.42,695
230105,2613,2865,2484,1414.82,519
230106,2062,2218,2304,603.68,1087
230107,1980,2065,2384,1417.86,2939
230108,18627,19008,19471,265.65,690
230109,3227,3435,3897,1115.98,397
230110,110417,120575,145066,187.74,562
230111,5559,6515,6846,529.4,42
230201,2354,2473,2343,1111.03,3427
230202,988,1022,959,371.17,3389
230203,1148,1200,1088,518.65,3853
230204,377,420,554,126.98,2412
230205,515,524,457,95.61,3226
230206,720,739,661,37.66,3205
230301,2256,2567,2784,968.99,589
230302,5695,6225,7133,1111.39,1387
230303,2822,3221,3198,848.18,160
230401,3642,3593,3578,864.31,3077
230402,306,326,292,372.41,2352
230403,240,250,218,312.85,3149
230404,162,333,319,185.61,3064
230405,350,363,332,251.24,3163
230406,518,532,484,373.21,3462
230407,295,329,306,113.27,3054
230408,581,613,581,347.06,3272
240101,102306,109787,116717,158.14,9
240102,23337,24746,26120,131.6,27
240103,9507,10167,10995,65.23,10
240104,6728,7326,7691,727.75,28
240105,8512,8816,9112,598.72,23
240106,4572,4713,5049,118.71,26
240201,12371,13115,14369,644.52,11
240202,2350,2609,2772,855.36,137
240203,6336,6968,8220,623.34,66
240301,21776,24067,26665,113.25,15
240302,17366,18615,19806,46.06,13
240303,3428,3677,4686,392.29,69
240304,6274,6715,7354,193.53,36
250101,149999,165393,177751,10485.41,162
250102,16059,18426,20601,1194.1,203
250103,10328,12052,12605,8029.12,170
250104,11147,11880,12030,14102.19,150
250105,103941,112352,124069,596.2,131
250106,5169,5624,5843,1857.82,183
250107,87525,100229,113470,579.91,165
250201,32430,37423,41621,14504.99,256
250202,6655,7963,8510,8223.63,277
250203,8264,9969,11149,7010.09,197
250204,1975,2278,2564,9175.58,240
250301,29440,35675,30297,4689.2,275
250302,10214,11230,12786,998.93,228
250303,7722,9377,10946,2134.04,181
250304,7594,9650,11236,579.51,193
250305,5137,5903,6380,190.8,237
250401,2860,3343,3270,17847.76,228