UBIGEO,N_MERCADOS_2017,N_MERCADOS_2018,N_MERCADOS_2022,N_MERCADOS_2016,N_PUESTOS_VERDURAS_2016
010101,3,3,3,3,85
010205,2,2,2,2,4
010201,1,1,1,1,5
010202,1,1,2,1,5
010110,1,1,1,1,10
010119,0,1,1,0,0
010104,0,0,0,0,0
010103,0,1,1,0,0
010112,0,0,0,0,0
010120,0,0,0,0,0
010108,0,0,0,0,0
010113,0,0,0,0,0
010117,0,0,0,0,0
010121,0,0,1,0,0
010114,0,0,0,0,0
010118,0,0,0,0,0
010109,0,0,0,0,0
010107,0,0,0,0,0
010102,0,0,0,0,0
010116,0,0,0,0,0
010203,0,0,1,0,0
010111,0,0,0,0,0
010115,0,0,0,0,0
010106,0,0,0,0,0
010204,0,0,0,0,0
010105,0,0,0,0,0
150132,118,118,118,118,"1,013"
150135,110,110,110,110,600
070101,76,76,76,76,757
150103,67,67,67,67,511
150133,63,63,63,63,418
150143,58,58,58,58,344
150117,56,56,56,56,627
070106,53,53,53,53,352
150108,51,51,51,51,235
150142,50,50,50,50,519
150101,50,50,50,50,483
150110,45,45,45,45,549
130101,42,42,42,42,966
150140,34,34,34,34,231
150115,33,33,33,33,294
021801,32,32,32,32,901
150137,30,30,30,30,"1,130"
120114,28,28,28,28,124
150125,28,28,28,28,327
150128,25,25,25,25,164
150106,23,23,23,23,139
150105,21,21,21,21,193
150111,21,21,21,21,144
150136,20,20,20,20,113
150112,20,20,20,20,150
021809,19,19,19,19,152
120101,19,19,19,19,218
150118,19,19,19,19,146
040129,19,19,19,19,903
150801,19,19,19,19,159
130105,18,18,18,18,235
200101,17,17,17,17,434
140101,17,17,17,17,296
070104,16,16,16,16,43
150201,16,16,16,16,979
150123,15,15,15,15,86
150141,14,14,14,14,170
050101,14,14,14,14,446
150134,14,14,14,14,52
230101,13,13,13,13,795
040112,13,13,13,13,86
211101,13,13,13,13,583
150119,13,13,13,13,109
040104,13,13,13,13,112
070102,12,12,12,12,89
130102,11,11,11,11,128
150121,11,11,11,11,65
150116,11,11,11,11,82
150601,9,9,9,9,214
150130,9,9,9,9,39
080105,8,8,8,8,125
150102,8,8,8,8,43
080101,8,8,8,8,278
130104,8,8,8,8,49
150120,8,8,8,8,133
150114,8,8,8,8,30
250101,8,8,8,8,325
040101,8,8,8,8,138
230110,8,8,8,8,115
110101,8,8,8,8,280
170101,7,7,7,7,117
070107,7,7,7,7,58
120701,7,7,7,7,282
100102,7,7,7,7,144
150107,7,7,7,7,37
040110,7,7,7,7,46
021808,6,6,6,6,30
110106,6,6,6,6,59
150204,6,6,6,6,93
130111,6,6,6,6,46
100101,6,6,6,6,64
180301,6,6,6,6,61
140105,6,6,6,6,"1,020"
040103,6,6,6,6,59
220101,6,6,6,6,149
040701,5,5,5,5,19
040109,5,5,5,5,29
210101,5,5,5,5,222
200801,5,5,5,5,40
120107,5,5,5,5,33
160201,5,5,5,5,25
020101,5,5,5,5,353
120801,5,5,5,5,37
120601,5,5,5,5,12
160101,5,5,5,5,183
180101,5,5,5,5,123
150501,5,5,5,5,347
010701,5,5,5,5,87
150202,5,5,5,5,75
120305,5,5,5,5,54
060101,5,5,5,5,130
220901,5,5,5,5,152
150104,5,5,5,5,39
100601,5,5,5,5,103
140106,5,5,5,5,122
150509,5,5,5,5,65
080106,5,5,5,5,131
040520,5,5,5,5,79
030101,5,5,5,5,351
131201,4,4,4,4,89
130705,4,4,4,4,6
130401,4,4,4,4,86
200110,4,4,4,4,61
130107,4,4,4,4,74
200701,4,4,4,4,177
220201,4,4,4,4,30
230104,4,4,4,4,170
120301,4,4,4,4,29
150605,4,4,4,4,32
150109,4,4,4,4,14
120401,4,4,4,4,50
250301,4,4,4,4,9
230109,4,4,4,4,0
230108,4,4,4,4,40
060801,4,4,4,4,120
040102,4,4,4,4,18
230102,4,4,4,4,52
110102,4,4,4,4,52
040107,4,4,4,4,80
130704,4,4,4,4,109
050601,3,3,3,3,7
150124,3,3,3,3,20
060601,3,3,3,3,105
130103,3,3,3,3,60
160601,3,3,3,3,50
240101,3,3,3,3,43
070103,3,3,3,3,10
220803,3,3,3,3,48
190101,3,3,3,3,16
150812,3,3,3,3,15
150122,3,3,3,3,22
120302,3,3,3,3,17
130202,3,3,3,3,25
140108,3,3,3,3,112
140115,3,3,3,3,16
200104,3,3,3,3,61
130801,3,3,3,3,12
110207,3,3,3,3,108
021201,3,3,3,3,121
021806,3,3,3,3,3
080108,3,3,3,3,392
200401,3,3,3,3,37
130207,3,3,3,3,27
220601,3,3,3,3,0
120303,3,3,3,3,54
190104,3,3,3,3,5
250107,3,3,3,3,55
110201,3,3,3,3,93
150505,3,3,3,3,13
120201,3,3,3,3,22
150805,3,3,3,3,10
131202,3,3,3,3,33
021901,2,2,2,2,11
200602,2,2,2,2,14
100111,2,2,2,2,12
170301,2,2,2,2,8
130208,2,2,2,2,16
190113,2,2,2,2,6
130402,2,2,2,2,28
040126,2,2,2,2,16
080901,2,2,2,2,86
200504,2,2,2,2,16
040108,2,2,2,2,7
010206,2,2,2,2,90
160108,2,2,2,2,3
150205,2,2,2,2,3
120901,2,2,2,2,41
130702,2,2,2,2,20
130701,2,2,2,2,58
200301,2,2,2,2,3
021601,2,2,2,2,18
060106,2,2,2,2,2
120805,2,2,2,2,9
221001,2,2,2,2,41
060307,2,2,2,2,5
200507,2,2,2,2,1
200114,2,2,2,2,324
080104,2,2,2,2,121
020105,2,2,2,2,10
190307,2,2,2,2,18
040501,2,2,2,2,7
130901,2,2,2,2,4
060401,2,2,2,2,42
230302,2,2,2,2,1
050110,2,2,2,2,64
150139,2,2,2,2,4
100103,2,2,2,2,9
130205,2,2,2,2,102
220804,2,2,2,2,77
100604,2,2,2,2,23
030201,2,2,2,2,152
021001,2,2,2,2,18
150722,2,2,2,2,22
200501,2,2,2,2,125
081301,2,2,2,2,111
080401,2,2,2,2,174
060301,2,2,2,2,71
020801,2,2,2,2,40
021014,2,2,2,2,12
131006,2,2,2,2,19
150806,2,2,2,2,61
100501,2,2,2,2,12
200506,2,2,2,2,0
140307,2,2,2,2,58
250201,2,2,2,2,9
110304,2,2,2,2,13
110501,2,2,2,2,110
040201,2,2,2,2,80
110301,2,2,2,2,19
200601,2,2,2,2,32
130803,2,2,2,2,2
140116,2,2,2,2,46
140301,2,2,2,2,82
010307,2,2,2,2,43
040128,2,2,2,2,8
140201,2,2,2,2,134
150810,2,2,2,2,10
190301,2,2,2,2,16
210201,2,2,2,2,25
150203,2,2,2,2,65
200109,2,2,2,2,24
060701,2,2,2,2,8
050801,2,2,2,2,2
150507,2,2,2,2,137
120125,2,2,2,2,8
220801,2,2,2,2,14
130106,2,2,2,2,75
150113,2,2,2,2,24
081106,2,2,2,2,39
170104,2,2,2,2,6
150811,2,2,2,2,44
080301,2,2,2,2,23
190308,1,1,1,1,12
081208,1,1,1,1,14
081212,1,1,1,1,39
150129,1,1,1,1,30
170102,1,1,1,1,3
170302,1,1,1,1,16
220105,1,1,1,1,48
081203,1,1,1,1,2
040409,1,1,1,1,6
210211,1,1,1,1,0
210309,1,1,1,1,0
030601,1,1,1,1,2
150401,1,1,1,1,0
210203,1,1,1,1,2
210209,1,1,1,1,0
160705,1,1,1,1,1
130108,1,1,1,1,1
210601,1,1,1,1,35
081206,1,1,1,1,5
140107,1,1,1,1,24
130703,1,1,1,1,5
150807,1,1,1,1,15
090206,1,1,1,1,0
200409,1,1,1,1,1
250103,1,1,1,1,3
180303,1,1,1,1,0
240104,1,1,1,1,0
200210,1,1,1,1,0
200505,1,1,1,1,2
131001,1,1,1,1,2
081307,1,1,1,1,7
060417,1,1,1,1,12
210105,1,1,1,1,5
211210,1,1,1,1,15
250401,1,1,1,1,2
120604,1,1,1,1,60
211301,1,1,1,1,10
210504,1,1,1,1,2
060902,1,1,1,1,13
120502,1,1,1,1,2
120607,1,1,1,1,1
060501,1,1,1,1,0
020606,1,1,1,1,6
060406,1,1,1,1,3
060407,1,1,1,1,5
200207,1,1,1,1,1
200705,1,1,1,1,18
210301,1,1,1,1,0
210401,1,1,1,1,20
210402,1,1,1,1,10
210407,1,1,1,1,0
210501,1,1,1,1,100
210701,1,1,1,1,6
210801,1,1,1,1,12
220504,1,1,1,1,1
220913,1,1,1,1,0
221005,1,1,1,1,4
211002,1,1,1,1,5
210303,1,1,1,1,0
030104,1,1,1,1,9
200105,1,1,1,1,25
040401,1,1,1,1,13
220401,1,1,1,1,7
230401,1,1,1,1,5
020201,1,1,1,1,0
040307,1,1,1,1,9
240102,1,1,1,1,11
080801,1,1,1,1,67
080504,1,1,1,1,3
080604,1,1,1,1,2
150901,1,1,1,1,10
120606,1,1,1,1,50
080205,1,1,1,1,15
080601,1,1,1,1,50
170204,1,1,1,1,5
100704,1,1,1,1,3
010706,1,1,1,1,7
100201,1,1,1,1,10
021701,1,1,1,1,10
210212,1,1,1,1,0
061301,1,1,1,1,30
060809,1,1,1,1,4
120121,1,1,1,1,0
090201,1,1,1,1,25
040122,1,1,1,1,4
120132,1,1,1,1,1
220705,1,1,1,1,5
160113,1,1,1,1,0
120210,1,1,1,1,3
220707,1,1,1,1,1
100109,1,1,1,1,3
200107,1,1,1,1,10
080405,1,1,1,1,30
080906,1,1,1,1,25
081304,1,1,1,1,20
090401,1,1,1,1,2
140309,1,1,1,1,7
110305,1,1,1,1,20
061109,1,1,1,1,6
080902,1,1,1,1,16
080903,1,1,1,1,38
080904,1,1,1,1,25
080908,1,1,1,1,12
090112,1,1,1,1,0
140103,1,1,1,1,45
140110,1,1,1,1,156
140112,1,1,1,1,65
140113,1,1,1,1,25
140308,1,1,1,1,220
140311,1,1,1,1,14
060409,1,1,1,1,0
200111,1,1,1,1,17
200405,1,1,1,1,7
200603,1,1,1,1,10
060502,1,1,1,1,0
200702,1,1,1,1,19
220104,1,1,1,1,0
060419,1,1,1,1,9
221002,1,1,1,1,18
230301,1,1,1,1,2
130201,1,1,1,1,0
030401,1,1,1,1,8
040413,1,1,1,1,8
060303,1,1,1,1,3
080201,1,1,1,1,4
240302,1,1,1,1,0
060802,1,1,1,1,4
010702,1,1,1,1,0
060602,1,1,1,1,50
230201,1,1,1,1,0
100802,1,1,1,1,0
060103,1,1,1,1,5
060109,1,1,1,1,20
090501,1,1,1,1,1
080603,1,1,1,1,4
010505,1,1,1,1,0
010703,1,1,1,1,5
060703,1,1,1,1,8
090101,1,1,1,1,33
140303,1,1,1,1,20
160206,1,1,1,1,0
220501,1,1,1,1,12
010501,1,1,1,1,0
140305,1,1,1,1,60
100801,1,1,1,1,4
060312,1,1,1,1,8
060606,1,1,1,1,10
060808,1,1,1,1,20
060901,1,1,1,1,15
060112,1,1,1,1,15
061201,1,1,1,1,4
080701,1,1,1,1,12
220510,1,1,1,1,1
140312,1,1,1,1,30
021002,1,1,1,1,1
030215,1,1,1,1,2
140119,1,1,1,1,28
120133,1,1,1,1,100
220805,1,1,1,1,10
120117,1,1,1,1,2
100701,1,1,1,1,4
010604,1,1,1,1,0
120704,1,1,1,1,12
230303,1,1,1,1,0
120808,1,1,1,1,4
060105,1,1,1,1,30
060410,1,1,1,1,12
030106,1,1,1,1,1
211203,1,1,1,1,2
131003,1,1,1,1,3
060614,1,1,1,1,30
030605,1,1,1,1,2
060308,1,1,1,1,3
140117,1,1,1,1,44
140114,1,1,1,1,15
130109,1,1,1,1,6
120136,1,1,1,1,0
220807,1,1,1,1,0
040123,1,1,1,1,10
010601,1,1,1,1,10
040121,1,1,1,1,8
060812,1,1,1,1,20
060309,1,1,1,1,5
140120,1,1,1,1,0
080402,1,1,1,1,7
081306,1,1,1,1,30
020701,1,1,1,1,5
060807,1,1,1,1,7
061311,1,1,1,1,40
200502,1,1,1,1,0
060102,1,1,1,1,12
140306,1,1,1,1,50
160112,1,1,1,1,18
200803,1,1,1,1,1
200402,1,1,1,1,2
211102,1,1,1,1,1
211103,1,1,1,1,2
250102,1,1,1,1,5
030506,1,1,1,1,4
030701,1,1,1,1,5
021803,1,1,1,1,7
010509,1,1,1,1,0
030503,1,1,1,1,2
130904,1,1,1,1,1
250303,1,1,1,1,2
190102,1,1,1,1,2
030204,1,1,1,1,7
050401,1,1,1,1,26
160602,1,1,1,1,2
240103,1,1,1,1,4
200706,1,1,1,1,17
030304,1,1,1,1,5
021805,1,1,1,1,20
250304,1,1,1,1,0
250106,1,1,1,1,7
150510,1,1,1,1,2
160606,1,1,1,1,10
050509,1,1,1,1,7
080910,1,1,1,1,12
190304,1,1,1,1,1
210605,1,1,1,1,3
200607,1,1,1,1,4
150512,1,1,1,1,5
080907,1,1,1,1,40
151024,1,1,1,1,0
180104,1,1,1,1,3
150513,1,1,1,1,5
160701,1,1,1,1,1
150514,1,1,1,1,1
050501,1,1,1,1,8
050507,1,1,1,1,28
050407,1,1,1,1,10
050508,1,1,1,1,40
200805,1,1,1,1,1
250305,1,1,1,1,20
250105,1,1,1,1,6
020804,1,1,1,1,4
240301,1,1,1,1,18
110401,1,1,1,1,15
150705,1,1,1,1,1
131203,1,1,1,1,2
050115,1,1,1,1,10
010401,1,1,1,1,5
210404,1,1,1,1,0
110508,1,1,1,1,17
211105,1,1,1,1,17
050405,1,1,1,1,2
030505,1,1,1,1,6
040303,1,1,1,1,5
130906,1,1,1,1,0
200201,1,1,1,1,4
021101,1,1,1,1,5
120204,1,1,1,1,1
050104,1,1,1,1,13
020401,1,1,1,1,1
140102,1,1,1,1,165
080704,1,1,1,1,2
120206,1,1,1,1,14
120501,1,1,1,1,6
190107,1,1,1,1,8
080605,1,1,1,1,6
140310,1,1,1,1,5
080708,1,1,1,1,18
060304,1,1,1,1,0
150701,1,1,1,1,5
020601,1,1,1,1,8
100207,1,1,1,1,4
051101,1,1,1,1,2
050701,1,1,1,1,7
080309,1,1,1,1,2
081303,1,1,1,1,4
022001,1,1,1,1,40
101002,1,1,1,1,2
101104,1,1,1,1,0
110507,1,1,1,1,30
130203,1,1,1,1,5
130601,1,1,1,1,10
130804,1,1,1,1,20
150301,1,1,1,1,2
021807,1,1,1,1,2
150906,1,1,1,1,3
151017,1,1,1,1,0
160103,1,1,1,1,4
160104,1,1,1,1,10
160501,1,1,1,1,41
021802,1,1,1,1,2
160510,1,1,1,1,3
160801,1,1,1,1,4
170201,1,1,1,1,2
200404,1,1,1,1,0
060508,1,1,1,1,2
200703,1,1,1,1,12
210102,1,1,1,1,2
210308,1,1,1,1,0
220303,1,1,1,1,4
250203,1,1,1,1,3
250302,1,1,1,1,2
040505,1,1,1,1,1
131101,1,1,1,1,20
020503,1,1,1,1,0
061101,1,1,1,1,25
131002,1,1,1,1,0
021501,1,1,1,1,0
120702,1,1,1,1,6
020402,1,1,1,1,1
140205,1,1,1,1,20
130301,1,1,1,1,1
050603,1,1,1,1,1
060202,1,1,1,1,0
050604,1,1,1,1,0
150504,1,1,1,1,4
020501,1,1,1,1,9
040801,1,1,1,1,0
020508,1,1,1,1,30
200304,1,1,1,1,0
021204,1,1,1,1,1
160403,1,1,1,1,15
220909,1,1,1,1,15
022003,1,1,1,1,0
060110,1,1,1,1,10
021205,1,1,1,1,1
160106,1,1,1,1,4
160301,1,1,1,1,26
021206,1,1,1,1,0
160402,1,1,1,1,6
220701,1,1,1,1,9
100901,1,1,1,1,0
150127,1,1,1,1,6
100317,1,1,1,1,7
130110,1,1,1,1,3
120709,1,1,1,1,0
120909,1,1,1,1,2
211208,1,1,1,1,3
120810,1,1,1,1,4
151001,1,1,1,1,0
020112,1,1,1,1,2
240203,1,1,1,1,3
030216,1,1,1,1,32
210503,1,1,1,1,0
130808,1,1,1,1,4
150131,1,1,1,1,9
151026,1,1,1,1,0
020507,1,1,1,1,0
060111,1,1,1,1,23
140304,1,1,1,1,26
020607,1,1,1,1,1
240201,1,1,1,1,11
061001,1,1,1,1,15
140118,1,1,1,1,19
130206,1,1,1,1,4
151025,1,1,1,1,0
120129,1,1,1,1,2
130812,1,1,1,1,0
050503,1,1,1,1,8
050116,1,1,1,1,24
040204,1,1,1,1,1
170103,1,1,1,1,0
060607,1,1,1,1,20
150126,1,1,1,1,5
120119,1,1,1,1,2
150714,1,1,1,1,0
160404,1,1,1,1,3
230408,1,1,1,1,0
110504,1,1,1,1,6
190109,1,1,1,1,3
190103,1,1,1,1,2
050301,1,1,1,1,1
030501,1,1,1,1,5
030712,1,1,1,1,0
050108,1,1,1,1,0
180204,1,1,1,1,2
211201,1,1,1,1,8
040515,1,1,1,1,0
120215,1,1,1,1,1
070105,1,1,1,1,5
190201,1,1,1,1,1
220904,1,1,1,1,3
200115,1,1,1,1,153
081210,1,1,1,1,18
170203,1,1,1,1,2
220301,1,1,1,1,11
120418,1,1,1,1,0
081103,1,1,1,1,1
040702,1,1,1,1,6
130403,1,1,1,1,10
081001,1,1,1,1,10
090301,1,1,1,1,23
030109,1,1,1,1,10
040706,1,1,1,1,8
040703,1,1,1,1,0
220809,1,1,1,1,3
040705,1,1,1,1,2
081101,1,1,1,1,14
081201,1,1,1,1,10
040704,1,1,1,1,7
090705,1,1,1,1,2
080308,1,1,1,1,10
040208,1,1,1,1,2
081202,1,1,1,1,3
090703,1,1,1,1,3
021103,0,0,0,0,0
021305,0,0,0,0,0
021405,0,0,0,0,0
021903,0,0,0,0,0
030709,0,0,0,0,0
040115,0,0,0,0,0
040306,0,0,0,0,0
040308,0,0,0,0,0
040403,0,0,0,0,0
040404,0,0,0,0,0
040410,0,0,0,0,0
040411,0,0,0,0,0
040516,0,0,0,0,0
050109,0,0,0,0,0
050511,0,0,0,0,0
060811,0,0,0,0,0
060903,0,0,0,0,0
060904,0,0,0,0,0
060905,0,0,0,0,0
060906,0,0,0,0,0
060907,0,0,0,0,0
061002,0,0,0,0,0
061003,0,0,0,0,0
061004,0,0,0,0,0
061005,0,0,0,0,0
061006,0,0,0,0,0
061007,0,0,0,0,0
061102,0,0,0,0,0
061103,0,0,0,0,0
061104,0,0,0,0,0
061105,0,0,0,0,0
061106,0,0,0,0,0
061107,0,0,0,0,0
061108,0,0,0,0,0
061110,0,0,0,0,0
061111,0,0,0,0,0
061112,0,0,0,0,0
061113,0,0,0,0,0
061202,0,0,0,0,0
061203,0,0,0,0,0
061204,0,0,0,0,0
061302,0,0,0,0,0
061303,0,0,0,0,0
061304,0,0,0,0,0
061305,0,0,0,0,0
061306,0,0,0,0,0
061307,0,0,0,0,0
061308,0,0,0,0,0
061309,0,0,0,0,0
061310,0,0,0,0,0
080102,0,0,0,0,0
080103,0,0,0,0,0
080107,0,0,0,0,0
080202,0,0,0,0,0
010403,0,0,0,0,0
010510,0,0,0,0,0
020108,0,0,0,0,0
020306,0,0,0,0,0
021010,0,0,0,0,0
021011,0,0,0,0,0
021404,0,0,0,0,0
021503,0,0,0,0,0
021604,0,0,0,0,0
021706,0,0,0,0,0
021707,0,0,0,0,0
030407,0,0,0,0,0
030608,0,0,0,0,0
030711,0,0,0,0,0
040509,0,0,0,0,0
040806,0,0,0,0,0
050204,0,0,0,0,0
050505,0,0,0,0,0
050606,0,0,0,0,0
050612,0,0,0,0,0
050704,0,0,0,0,0
050705,0,0,0,0,0
050706,0,0,0,0,0
051005,0,0,0,0,0
051007,0,0,0,0,0
051009,0,0,0,0,0
051104,0,0,0,0,0
051106,0,0,0,0,0
051108,0,0,0,0,0
060108,0,0,0,0,0
060311,0,0,0,0,0
060402,0,0,0,0,0
080203,0,0,0,0,0
080204,0,0,0,0,0
080206,0,0,0,0,0
080207,0,0,0,0,0
080302,0,0,0,0,0
080303,0,0,0,0,0
080304,0,0,0,0,0
080305,0,0,0,0,0
080306,0,0,0,0,0
080307,0,0,0,0,0
080403,0,0,0,0,0
080404,0,0,0,0,0
080406,0,0,0,0,0
080407,0,0,0,0,0
080408,0,0,0,0,0
080501,0,0,0,0,0
080502,0,0,0,0,0
080503,0,0,0,0,0
080505,0,0,0,0,0
080506,0,0,0,0,0
080507,0,0,0,0,0
080508,0,0,0,0,0
080602,0,0,0,0,0
080606,0,0,0,0,0
080607,0,0,0,0,0
080608,0,0,0,0,0
080702,0,0,0,0,0
080703,0,0,0,0,0
080705,0,0,0,0,0
080706,0,0,0,0,0
080707,0,0,0,0,0
080802,0,0,0,0,0
080803,0,0,0,0,0
080804,0,0,0,0,0
080805,0,0,0,0,0
080806,0,0,0,0,0
080807,0,0,0,0,0
080808,0,0,0,0,0
080905,0,0,0,0,0
080909,0,0,0,0,0
080911,0,0,0,0,0
080912,0,0,0,0,0
080913,0,0,0,0,0
080914,0,0,0,0,0
081002,0,0,0,0,0
081003,0,0,0,0,0
081004,0,0,0,0,0
081005,0,0,0,0,0
081006,0,0,0,0,0
081007,0,0,0,0,0
081008,0,0,0,0,0
081009,0,0,0,0,0
081102,0,0,0,0,0
081104,0,0,0,0,0
081105,0,0,0,0,0
081204,0,0,0,0,0
081205,0,0,0,0,0
081207,0,0,0,0,0
081209,0,0,0,0,0
081211,0,0,0,0,0
081302,0,0,0,0,0
081305,0,0,0,0,0
090102,0,0,0,0,0
090103,0,0,0,0,0
090104,0,0,0,0,0
090105,0,0,0,0,0
090106,0,0,0,0,0
090107,0,0,0,0,0
090108,0,0,0,0,0
090109,0,0,0,0,0
090110,0,0,0,0,0
090111,0,0,0,0,0
090113,0,0,0,0,0
090114,0,0,0,0,0
090115,0,0,0,0,0
021603,0,0,0,0,0
030205,0,0,0,0,0
030603,0,0,0,0,0
040301,0,0,0,0,0
040510,0,0,0,0,0
040602,0,0,0,0,0
040606,0,0,0,0,0
050106,0,0,0,0,0
050107,0,0,0,0,0
050114,0,0,0,0,0
050203,0,0,0,0,0
050605,0,0,0,0,0
060306,0,0,0,0,0
060505,0,0,0,0,0
060506,0,0,0,0,0
060702,0,0,0,0,0
090116,0,0,0,0,0
090117,0,0,0,0,0
090118,0,0,0,0,0
090119,0,0,0,0,0
090202,0,0,0,0,0
090203,0,0,0,0,0
090204,0,0,0,0,0
090205,0,0,0,0,0
090207,0,0,0,0,0
090208,0,0,0,0,0
090302,0,0,0,0,0
090303,0,0,0,0,0
090304,0,0,0,0,0
090305,0,0,0,0,0
090306,0,0,0,0,0
090307,0,0,0,0,0
090308,0,0,0,0,0
090309,0,0,0,0,0
090310,0,0,0,0,0
090311,0,0,0,0,0
090312,0,0,0,0,0
090402,0,0,0,0,0
090403,0,0,0,0,0
090404,0,0,0,0,0
090405,0,0,0,0,0
090406,0,0,0,0,0
090407,0,0,0,0,0
090408,0,0,0,0,0
090409,0,0,0,0,0
090410,0,0,0,0,0
090411,0,0,0,0,0
090412,0,0,0,0,0
090413,0,0,0,0,0
090502,0,0,0,0,0
090503,0,0,0,0,0
090504,0,0,0,0,0
090505,0,0,0,0,0
090506,0,0,0,0,0
090507,0,0,0,0,0
090508,0,0,0,0,0
090509,0,0,0,0,0
090510,0,0,0,0,0
090511,0,0,0,0,0
090601,0,0,0,0,0
090602,0,0,0,0,0
090603,0,0,0,0,0
090604,0,0,0,0,0
090605,0,0,0,0,0
090606,0,0,0,0,0
090607,0,0,0,0,0
090608,0,0,0,0,0
090609,0,0,0,0,0
090610,0,0,0,0,0
090611,0,0,0,0,0
090612,0,0,0,0,0
090613,0,0,0,0,0
090614,0,0,0,0,0
010513,0,0,0,0,0
010602,0,0,0,0,0
010605,0,0,0,0,0
020107,0,0,0,0,0
020203,0,0,0,0,0
020205,0,0,0,0,0
020301,0,0,0,0,0
020703,0,0,0,0,0
020803,0,0,0,0,0
021301,0,0,0,0,0
021304,0,0,0,0,0
021505,0,0,0,0,0
021904,0,0,0,0,0
030202,0,0,0,0,0
030609,0,0,0,0,0
040302,0,0,0,0,0
050607,0,0,0,0,0
051003,0,0,0,0,0
051105,0,0,0,0,0
060411,0,0,0,0,0
060613,0,0,0,0,0
060803,0,0,0,0,0
060805,0,0,0,0,0
090615,0,0,0,0,0
090616,0,0,0,0,0
090701,0,0,0,0,0
090702,0,0,0,0,0
090704,0,0,0,0,0
090706,0,0,0,0,0
090707,0,0,0,0,0
090709,0,0,0,0,0
090710,0,0,0,0,0
090711,0,0,0,0,0
090713,0,0,0,0,0
090714,0,0,0,0,0
090715,0,0,0,0,0
090716,0,0,0,0,0
090717,0,0,0,0,0
090718,0,0,0,0,0
090719,0,0,0,0,0
090720,0,0,0,0,0
090721,0,0,0,0,0
090722,0,0,0,0,0
090723,0,0,0,0,0
100104,0,0,0,0,0
100105,0,0,0,0,0
100106,0,0,0,0,0
100107,0,0,0,0,0
100108,0,0,0,0,0
100110,0,0,0,0,0
100112,0,0,0,0,0
100113,0,0,0,0,0
100202,0,0,0,0,0
100203,0,0,0,0,0
100204,0,0,0,0,0
100205,0,0,0,0,0
100206,0,0,0,0,0
100208,0,0,0,0,0
100301,0,0,0,0,0
100307,0,0,0,0,0
100311,0,0,0,0,0
100313,0,0,0,0,0
100316,0,0,0,0,0
100321,0,0,0,0,0
100322,0,0,0,0,0
100323,0,0,0,0,0
100401,0,0,0,0,0
100402,0,0,0,0,0
100403,0,0,0,0,0
100404,0,0,0,0,0
100502,0,0,0,0,0
100503,0,0,0,0,0
100504,0,0,0,0,0
100505,0,0,0,0,0
100506,0,0,0,0,0
100507,0,0,0,0,0
100508,0,0,0,0,0
100509,0,0,0,0,0
100510,0,0,0,0,0
100511,0,0,0,0,0
100602,0,0,0,0,0
100603,0,0,0,0,0
010522,0,0,0,0,0
020901,0,0,0,0,0
021509,0,0,0,0,0
050303,0,0,0,0,0
050410,0,0,0,0,0
050411,0,0,0,0,0
050412,0,0,0,0,0
050510,0,0,0,0,0
050611,0,0,0,0,0
050703,0,0,0,0,0
050707,0,0,0,0,0
051012,0,0,0,0,0
051102,0,0,0,0,0
060412,0,0,0,0,0
060504,0,0,0,0,0
060507,0,0,0,0,0
100605,0,0,0,0,0
100606,0,0,0,0,0
100607,0,0,0,0,0
100608,0,0,0,0,0
100609,0,0,0,0,0
100610,0,0,0,0,0
100702,0,0,0,0,0
100703,0,0,0,0,0
100705,0,0,0,0,0
100803,0,0,0,0,0
100804,0,0,0,0,0
100902,0,0,0,0,0
100903,0,0,0,0,0
100904,0,0,0,0,0
100905,0,0,0,0,0
101001,0,0,0,0,0
101003,0,0,0,0,0
101004,0,0,0,0,0
101005,0,0,0,0,0
101006,0,0,0,0,0
101007,0,0,0,0,0
101101,0,0,0,0,0
101102,0,0,0,0,0
101103,0,0,0,0,0
101105,0,0,0,0,0
101106,0,0,0,0,0
101107,0,0,0,0,0
101108,0,0,0,0,0
110103,0,0,0,0,0
110104,0,0,0,0,0
110105,0,0,0,0,0
110107,0,0,0,0,0
110108,0,0,0,0,0
110109,0,0,0,0,0
110110,0,0,0,0,0
110111,0,0,0,0,0
110112,0,0,0,0,0
110113,0,0,0,0,0
110114,0,0,0,0,0
110202,0,0,0,0,0
110203,0,0,0,0,0
110204,0,0,0,0,0
110205,0,0,0,0,0
110206,0,0,0,0,0
110208,0,0,0,0,0
110209,0,0,0,0,0
110210,0,0,0,0,0
110211,0,0,0,0,0
110302,0,0,0,0,0
110303,0,0,0,0,0
110402,0,0,0,0,0
110403,0,0,0,0,0
110404,0,0,0,0,0
110405,0,0,0,0,0
110502,0,0,0,0,0
110503,0,0,0,0,0
110505,0,0,0,0,0
110506,0,0,0,0,0
120104,0,0,0,0,0
120105,0,0,0,0,0
120106,0,0,0,0,0
120108,0,0,0,0,0
120111,0,0,0,0,0
120112,0,0,0,0,0
120113,0,0,0,0,0
120116,0,0,0,0,0
120120,0,0,0,0,0
120122,0,0,0,0,0
020506,0,0,0,0,0
020702,0,0,0,0,0
020903,1,1,1,0,0
021406,0,0,0,0,0
021409,0,0,0,0,0
021507,0,0,0,0,0
021705,0,0,0,0,0
030405,0,0,0,0,0
030408,0,0,0,0,0
030409,0,0,0,0,0
030410,0,0,0,0,0
030713,0,0,0,0,0
030714,0,0,0,0,0
040116,0,0,0,0,0
040117,0,0,0,0,0
040118,0,0,0,0,0
040119,0,0,0,0,0
040309,0,0,0,0,0
040312,0,0,0,0,0
040313,0,0,0,0,0
040405,0,0,0,0,0
040414,0,0,0,0,0
040502,0,0,0,0,0
040503,0,0,0,0,0
040504,0,0,0,0,0
040601,0,0,0,0,0
040605,0,0,0,0,0
040607,0,0,0,0,0
040802,0,0,0,0,0
040807,0,0,0,0,0
040809,1,1,1,0,0
050620,0,0,0,0,0
050708,0,0,0,0,0
060104,0,0,0,0,0
060404,0,0,0,0,0
060414,0,0,0,0,0
120124,0,0,0,0,0
120126,0,0,0,0,0
120127,0,0,0,0,0
120128,0,0,0,0,0
120130,0,0,0,0,0
120134,0,0,0,0,0
120135,0,0,0,0,0
120202,0,0,0,0,0
120203,0,0,0,0,0
120205,0,0,0,0,0
120207,0,0,0,0,0
120208,0,0,0,0,0
120209,0,0,0,0,0
120211,0,0,0,0,0
120212,0,0,0,0,0
120213,0,0,0,0,0
120214,0,0,0,0,0
120304,0,0,0,0,0
120306,0,0,0,0,0
120402,0,0,0,0,0
120403,0,0,0,0,0
120404,0,0,0,0,0
120405,0,0,0,0,0
120406,0,0,0,0,0
120407,0,0,0,0,0
120408,0,0,0,0,0
120409,0,0,0,0,0
120410,0,0,0,0,0
120411,0,0,0,0,0
120412,0,0,0,0,0
120413,0,0,0,0,0
120414,0,0,0,0,0
120415,0,0,0,0,0
120416,0,0,0,0,0
120417,0,0,0,0,0
120419,0,0,0,0,0
120420,0,0,0,0,0
120421,0,0,0,0,0
120422,0,0,0,0,0
120423,0,0,0,0,0
120424,0,0,0,0,0
120425,0,0,0,0,0
120426,0,0,0,0,0
120427,0,0,0,0,0
120428,0,0,0,0,0
120429,0,0,0,0,0
120430,0,0,0,0,0
120431,0,0,0,0,0
120432,0,0,0,0,0
120433,0,0,0,0,0
120434,0,0,0,0,0
120503,0,0,0,0,0
010302,0,0,0,0,0
010518,0,0,0,0,0
010606,0,0,0,0,0
020103,0,0,0,0,0
020906,0,0,0,0,0
060604,0,0,0,0,0
010611,0,0,0,0,0
020512,0,0,0,0,0
021012,0,0,0,0,0
021302,0,0,0,0,0
021502,0,0,0,0,0
021703,0,0,0,0,0
021704,1,1,1,0,0
022007,0,0,0,0,0
030102,0,0,0,0,0
030105,0,0,0,0,0
030212,0,0,0,0,0
030305,0,0,0,0,0
030611,0,0,0,0,0
030702,0,0,0,0,0
030705,0,0,0,0,0
030706,0,0,0,0,0
040111,0,0,0,0,0
040120,0,0,0,0,0
040304,0,0,0,0,0
040402,0,0,0,0,0
040506,0,0,0,0,0
040804,0,0,0,0,0
040805,0,0,0,0,0
050404,0,0,0,0,0
050613,0,0,0,0,0
050617,0,0,0,0,0
050619,0,0,0,0,0
050802,0,0,0,0,0
060608,0,0,0,0,0
060612,0,0,0,0,0
060615,0,0,0,0,0
060804,0,0,0,0,0
120504,0,0,0,0,0
120602,0,0,0,0,0
120603,0,0,0,0,0
120605,0,0,0,0,0
120608,0,0,0,0,0
120609,0,0,0,0,0
120703,0,0,0,0,0
120705,0,0,0,0,0
120706,0,0,0,0,0
120707,0,0,0,0,0
120708,0,0,0,0,0
120802,0,0,0,0,0
120803,0,0,0,0,0
120804,0,0,0,0,0
120806,0,0,0,0,0
120807,0,0,0,0,0
120809,0,0,0,0,0
120902,0,0,0,0,0
120903,0,0,0,0,0
120904,0,0,0,0,0
120905,0,0,0,0,0
120906,0,0,0,0,0
120907,0,0,0,0,0
120908,0,0,0,0,0
130204,0,0,0,0,0
130302,0,0,0,0,0
130303,0,0,0,0,0
130304,0,0,0,0,0
130305,0,0,0,0,0
040124,0,0,0,0,0
040406,0,0,0,0,0
060806,0,0,0,0,0
060810,0,0,0,0,0
130306,0,0,0,0,0
130501,0,0,0,0,0
130502,0,0,0,0,0
130503,0,0,0,0,0
130504,0,0,0,0,0
130602,0,0,0,0,0
130604,0,0,0,0,0
130605,0,0,0,0,0
130606,0,0,0,0,0
130608,0,0,0,0,0
130610,0,0,0,0,0
130611,0,0,0,0,0
130613,0,0,0,0,0
130614,0,0,0,0,0
130802,0,0,0,0,0
130805,0,0,0,0,0
130806,0,0,0,0,0
130807,0,0,0,0,0
130809,0,0,0,0,0
130810,0,0,0,0,0
130811,0,0,0,0,0
130813,0,0,0,0,0
130902,0,0,0,0,0
130903,0,0,0,0,0
130905,0,0,0,0,0
130907,0,0,0,0,0
130908,0,0,0,0,0
131004,0,0,0,0,0
131005,0,0,0,0,0
131007,0,0,0,0,0
131008,0,0,0,0,0
131102,0,0,0,0,0
131103,0,0,0,0,0
131104,0,0,0,0,0
140104,0,0,0,0,0
140109,0,0,0,0,0
140111,0,0,0,0,0
140202,0,0,0,0,0
140203,0,0,0,0,0
140204,0,0,0,0,0
140206,0,0,0,0,0
140302,0,0,0,0,0
020509,0,0,0,0,0
021511,0,0,0,0,0
021710,0,0,0,0,0
030708,0,0,0,0,0
030710,0,0,0,0,0
040311,0,0,0,0,0
050702,0,0,0,0,0
050803,0,0,0,0,0
050804,0,0,0,0,0
060201,0,0,0,0,0
150138,0,0,0,0,0
150302,0,0,0,0,0
150303,0,0,0,0,0
150304,0,0,0,0,0
020109,0,0,0,0,0
020802,0,0,0,0,0
021009,0,0,0,0,0
021104,0,0,0,0,0
021804,0,0,0,0,0
040114,0,0,0,0,0
050602,0,0,0,0,0
050805,0,0,0,0,0
150305,0,0,0,0,0
150402,0,0,0,0,0
150403,0,0,0,0,0
150404,0,0,0,0,0
150405,0,0,0,0,0
150406,0,0,0,0,0
150407,0,0,0,0,0
150502,0,0,0,0,0
150503,0,0,0,0,0
150506,0,0,0,0,0
150508,0,0,0,0,0
150511,0,0,0,0,0
150515,0,0,0,0,0
150516,0,0,0,0,0
150602,0,0,0,0,0
150603,0,0,0,0,0
150604,0,0,0,0,0
150606,0,0,0,0,0
010502,0,0,0,0,0
010511,0,0,0,0,0
020104,0,0,0,0,0
020304,0,0,0,0,0
020505,0,0,0,0,0
020609,0,0,0,0,0
021004,0,0,0,0,0
021016,0,0,0,0,0
021308,0,0,0,0,0
021407,0,0,0,0,0
030402,0,0,0,0,0
030406,0,0,0,0,0
030411,0,0,0,0,0
030704,0,0,0,0,0
040106,0,0,0,0,0
040512,0,0,0,0,0
040514,0,0,0,0,0
040517,0,0,0,0,0
040519,0,0,0,0,0
050610,0,0,0,0,0
050614,0,0,0,0,0
050615,0,0,0,0,0
051008,0,0,0,0,0
060203,0,0,0,0,0
060204,0,0,0,0,0
060302,0,0,0,0,0
060408,0,0,0,0,0
060416,0,0,0,0,0
060603,0,0,0,0,0
060611,0,0,0,0,0
150607,0,0,0,0,0
150608,0,0,0,0,0
150609,0,0,0,0,0
150610,0,0,0,0,0
150611,0,0,0,0,0
150612,0,0,0,0,0
150702,0,0,0,0,0
150703,0,0,0,0,0
150704,0,0,0,0,0
150706,0,0,0,0,0
150707,0,0,0,0,0
150708,0,0,0,0,0
150709,0,0,0,0,0
150710,0,0,0,0,0
150711,0,0,0,0,0
150712,0,0,0,0,0
150713,0,0,0,0,0
150715,0,0,0,0,0
150716,0,0,0,0,0
150717,0,0,0,0,0
150718,0,0,0,0,0
150719,0,0,0,0,0
150720,0,0,0,0,0
150721,0,0,0,0,0
150723,0,0,0,0,0
150724,0,0,0,0,0
150725,0,0,0,0,0
150726,0,0,0,0,0
150727,0,0,0,0,0
150728,0,0,0,0,0
150729,0,0,0,0,0
150730,0,0,0,0,0
150731,0,0,0,0,0
150732,0,0,0,0,0
150802,0,0,0,0,0
150803,0,0,0,0,0
150804,0,0,0,0,0
150808,0,0,0,0,0
150809,0,0,0,0,0
150902,0,0,0,0,0
150903,0,0,0,0,0
150904,0,0,0,0,0
150905,0,0,0,0,0
151002,0,0,0,0,0
151003,0,0,0,0,0
151004,0,0,0,0,0
151005,0,0,0,0,0
151006,0,0,0,0,0
151007,0,0,0,0,0
151008,0,0,0,0,0
151009,0,0,0,0,0
151010,0,0,0,0,0
151011,0,0,0,0,0
151012,0,0,0,0,0
151013,0,0,0,0,0
151014,0,0,0,0,0
151015,0,0,0,0,0
151016,0,0,0,0,0
151018,0,0,0,0,0
151019,0,0,0,0,0
151020,0,0,0,0,0
151021,0,0,0,0,0
151022,0,0,0,0,0
151023,0,0,0,0,0
010312,0,0,0,0,0
010515,0,0,0,0,0
020111,0,0,0,0,0
020513,0,0,0,0,0
020514,0,0,0,0,0
020515,0,0,0,0,0
020602,0,0,0,0,0
020904,0,0,0,0,0
021005,0,0,0,0,0
021008,0,0,0,0,0
021203,0,0,0,0,0
021208,0,0,0,0,0
021210,0,0,0,0,0
021401,0,0,0,0,0
021402,0,0,0,0,0
021506,0,0,0,0,0
021708,0,0,0,0,0
022005,0,0,0,0,0
030210,0,0,0,0,0
030214,0,0,0,0,0
030303,0,0,0,0,0
040604,0,0,0,0,0
050111,0,0,0,0,0
050608,0,0,0,0,0
050806,0,0,0,0,0
050807,0,0,0,0,0
051004,0,0,0,0,0
051006,0,0,0,0,0
051011,0,0,0,0,0
151027,0,0,0,0,0
151028,0,0,0,0,0
151029,0,0,0,0,0
151030,0,0,0,0,0
151031,0,0,0,0,0
151032,0,0,0,0,0
151033,0,0,0,0,0
160102,0,0,0,0,0
160105,0,0,0,0,0
160107,0,0,0,0,0
160110,0,0,0,0,0
160202,0,0,0,0,0
160205,0,0,0,0,0
160210,0,0,0,0,0
160211,0,0,0,0,0
160302,0,0,0,0,0
160303,0,0,0,0,0
160304,0,0,0,0,0
160305,0,0,0,0,0
160401,0,0,0,0,0
160502,0,0,0,0,0
160503,0,0,0,0,0
010517,0,0,0,0,0
020202,0,0,0,0,0
020510,0,0,0,0,0
021006,0,0,0,0,0
021007,0,0,0,0,0
021902,0,0,0,0,0
021905,0,0,0,0,0
030213,0,0,0,0,0
040113,0,0,0,0,0
040125,0,0,0,0,0
040127,0,0,0,0,0
040407,0,0,0,0,0
040412,0,0,0,0,0
040508,0,0,0,0,0
040511,0,0,0,0,0
040608,0,0,0,0,0
040803,0,0,0,0,0
040810,0,0,0,0,0
050618,0,0,0,0,0
051010,0,0,0,0,0
060405,0,0,0,0,0
160504,0,0,0,0,0
160505,0,0,0,0,0
160506,0,0,0,0,0
160507,0,0,0,0,0
160508,0,0,0,0,0
160509,0,0,0,0,0
010301,0,0,0,0,0
010303,0,0,0,0,0
010304,0,0,0,0,0
010305,0,0,0,0,0
010306,0,0,0,0,0
010308,0,0,0,0,0
010309,0,0,0,0,0
010310,0,0,0,0,0
010311,0,0,0,0,0
010402,0,0,0,0,0
010503,0,0,0,0,0
010504,0,0,0,0,0
010506,0,0,0,0,0
010507,0,0,0,0,0
010508,0,0,0,0,0
010512,0,0,0,0,0
010514,0,0,0,0,0
010519,0,0,0,0,0
010520,0,0,0,0,0
010521,0,0,0,0,0
010523,0,0,0,0,0
010607,0,0,0,0,0
010608,0,0,0,0,0
010609,0,0,0,0,0
010610,0,0,0,0,0
010612,0,0,0,0,0
010704,0,0,0,0,0
020106,0,0,0,0,0
020110,0,0,0,0,0
020502,0,0,0,0,0
020504,0,0,0,0,0
020511,0,0,0,0,0
020608,0,0,0,0,0
020902,0,0,0,0,0
021003,0,0,0,0,0
021105,0,0,0,0,0
021202,0,0,0,0,0
021307,0,0,0,0,0
021510,0,0,0,0,0
021709,0,0,0,0,0
021906,0,0,0,0,0
021909,0,0,0,0,0
022002,0,0,0,0,0
022006,0,0,0,0,0
030206,0,0,0,0,0
030703,0,0,0,0,0
050403,0,0,0,0,0
050409,0,0,0,0,0
050621,0,0,0,0,0
050808,0,0,0,0,0
050809,0,0,0,0,0
050810,0,0,0,0,0
051103,0,0,0,0,0
060310,0,0,0,0,0
060415,0,0,0,0,0
160511,0,0,0,0,0
160603,0,0,0,0,0
160604,0,0,0,0,0
160605,0,0,0,0,0
160702,0,0,0,0,0
160703,0,0,0,0,0
160704,0,0,0,0,0
160706,0,0,0,0,0
160802,0,0,0,0,0
160803,0,0,0,0,0
160804,0,0,0,0,0
170202,0,0,0,0,0
170303,0,0,0,0,0
180102,0,0,0,0,0
180103,0,0,0,0,0
180105,0,0,0,0,0
180106,0,0,0,0,0
180201,0,0,0,0,0
180202,0,0,0,0,0
180203,0,0,0,0,0
180205,0,0,0,0,0
180206,0,0,0,0,0
180207,0,0,0,0,0
180208,0,0,0,0,0
180209,0,0,0,0,0
180210,0,0,0,0,0
180211,0,0,0,0,0
180302,0,0,0,0,0
190105,0,0,0,0,0
190106,0,0,0,0,0
190108,0,0,0,0,0
190110,0,0,0,0,0
190111,0,0,0,0,0
190112,0,0,0,0,0
190202,0,0,0,0,0
190203,0,0,0,0,0
190204,0,0,0,0,0
190205,0,0,0,0,0
190206,0,0,0,0,0
190207,0,0,0,0,0
190208,0,0,0,0,0
190302,0,0,0,0,0
190303,0,0,0,0,0
190305,0,0,0,0,0
190306,0,0,0,0,0
020305,0,0,0,0,0
020905,0,0,0,0,0
021306,0,0,0,0,0
030209,0,0,0,0,0
040105,0,0,0,0,0
040408,0,0,0,0,0
040811,0,0,0,0,0
050302,0,0,0,0,0
050408,0,0,0,0,0
050901,0,0,0,0,0
050902,0,0,0,0,0
050903,0,0,0,0,0
050904,0,0,0,0,0
050905,0,0,0,0,0
060107,0,0,0,0,0
060418,0,0,0,0,0
200108,0,0,0,0,0
200202,0,0,0,0,0
200203,0,0,0,0,0
200204,0,0,0,0,0
200205,0,0,0,0,0
200206,0,0,0,0,0
200208,0,0,0,0,0
200209,0,0,0,0,0
200302,0,0,0,0,0
200303,0,0,0,0,0
200305,0,0,0,0,0
200306,0,0,0,0,0
200307,0,0,0,0,0
200308,0,0,0,0,0
200403,0,0,0,0,0
020102,0,0,0,0,0
021207,0,0,0,0,0
022008,0,0,0,0,0
030107,0,0,0,0,0
030108,0,0,0,0,0
030707,0,0,0,0,0
050906,0,0,0,0,0
060413,0,0,0,0,0
060609,0,0,0,0,0
200406,0,0,0,0,0
030219,0,0,0,0,0
050406,0,0,0,0,0
200407,0,0,0,0,0
200408,0,0,0,0,0
200410,0,0,0,0,0
200503,0,0,0,0,0
200604,0,0,0,0,0
021209,0,0,0,0,0
021504,0,0,0,0,0
021907,0,0,0,0,0
030103,0,0,0,0,0
050113,0,0,0,0,0
050304,0,0,0,0,0
050616,0,0,0,0,0
060503,0,0,0,0,0
060605,0,0,0,0,0
200605,0,0,0,0,0
200606,0,0,0,0,0
200608,0,0,0,0,0
200704,0,0,0,0,0
200802,0,0,0,0,0
200804,0,0,0,0,0
200806,0,0,0,0,0
010516,0,0,0,0,0
020303,0,0,0,0,0
020603,0,0,0,0,0
021013,0,0,0,0,0
021303,0,0,0,0,0
021403,0,0,0,0,0
021410,0,0,0,0,0
021702,0,0,0,0,0
021910,0,0,0,0,0
030217,0,0,0,0,0
030301,0,0,0,0,0
030302,0,0,0,0,0
030412,0,0,0,0,0
030413,0,0,0,0,0
030604,0,0,0,0,0
040202,0,0,0,0,0
040203,0,0,0,0,0
040808,0,0,0,0,0
050102,0,0,0,0,0
050202,0,0,0,0,0
050402,0,0,0,0,0
050502,0,0,0,0,0
050609,0,0,0,0,0
050907,0,0,0,0,0
050908,0,0,0,0,0
051107,0,0,0,0,0
210103,0,0,0,0,0
210104,0,0,0,0,0
210106,0,0,0,0,0
210107,0,0,0,0,0
210108,0,0,0,0,0
210109,0,0,0,0,0
210110,0,0,0,0,0
210111,0,0,0,0,0
210112,0,0,0,0,0
210113,0,0,0,0,0
210114,0,0,0,0,0
210115,0,0,0,0,0
210202,0,0,0,0,0
210204,0,0,0,0,0
210205,0,0,0,0,0
210206,0,0,0,0,0
210207,0,0,0,0,0
210208,0,0,0,0,0
210210,0,0,0,0,0
210213,0,0,0,0,0
010603,0,0,0,0,0
020302,0,0,0,0,0
021908,0,0,0,0,0
030203,0,0,0,0,0
030207,0,0,0,0,0
030208,0,0,0,0,0
030211,0,0,0,0,0
030306,0,0,0,0,0
030307,0,0,0,0,0
030403,0,0,0,0,0
030404,0,0,0,0,0
030414,0,0,0,0,0
030415,0,0,0,0,0
030416,0,0,0,0,0
030417,0,0,0,0,0
030502,0,0,0,0,0
030602,0,0,0,0,0
040603,0,0,0,0,0
050103,0,0,0,0,0
050909,0,0,0,0,0
050910,0,0,0,0,0
210214,0,0,0,0,0
210215,0,0,0,0,0
210302,0,0,0,0,0
210304,0,0,0,0,0
210305,0,0,0,0,0
210306,0,0,0,0,0
210307,0,0,0,0,0
210310,0,0,0,0,0
210403,0,0,0,0,0
210405,0,0,0,0,0
210406,0,0,0,0,0
210502,0,0,0,0,0
210505,0,0,0,0,0
210602,0,0,0,0,0
210603,0,0,0,0,0
210604,0,0,0,0,0
210606,0,0,0,0,0
210607,0,0,0,0,0
210608,0,0,0,0,0
210702,0,0,0,0,0
210703,0,0,0,0,0
210704,0,0,0,0,0
210705,0,0,0,0,0
210706,0,0,0,0,0
210707,0,0,0,0,0
210708,0,0,0,0,0
210709,0,0,0,0,0
210710,0,0,0,0,0
210802,0,0,0,0,0
210803,0,0,0,0,0
210804,0,0,0,0,0
210805,0,0,0,0,0
210806,0,0,0,0,0
210807,0,0,0,0,0
210808,0,0,0,0,0
210809,0,0,0,0,0
210901,0,0,0,0,0
210902,0,0,0,0,0
210903,0,0,0,0,0
210904,0,0,0,0,0
211001,0,0,0,0,0
211003,0,0,0,0,0
211004,0,0,0,0,0
211005,0,0,0,0,0
211104,1,1,1,0,0
211202,0,0,0,0,0
211204,0,0,0,0,0
211205,0,0,0,0,0
211206,0,0,0,0,0
020204,0,0,0,0,0
020604,0,0,0,0,0
020907,0,0,0,0,0
021015,0,0,0,0,0
021408,0,0,0,0,0
021602,0,0,0,0,0
022004,0,0,0,0,0
030504,0,0,0,0,0
030606,0,0,0,0,0
040205,0,0,0,0,0
040206,0,0,0,0,0
040507,0,0,0,0,0
040513,0,0,0,0,0
050911,0,0,0,0,0
060610,0,0,0,0,0
211207,0,0,0,0,0
211209,0,0,0,0,0
211302,0,0,0,0,0
211303,0,0,0,0,0
211304,0,0,0,0,0
211305,0,0,0,0,0
211306,0,0,0,0,0
211307,0,0,0,0,0
220102,0,0,0,0,0
220103,0,0,0,0,0
220106,0,0,0,0,0
220202,0,0,0,0,0
220203,0,0,0,0,0
220204,0,0,0,0,0
220205,0,0,0,0,0
220206,0,0,0,0,0
220302,0,0,0,0,0
220304,0,0,0,0,0
220305,0,0,0,0,0
220402,0,0,0,0,0
220403,0,0,0,0,0
220404,0,0,0,0,0
220405,0,0,0,0,0
220406,0,0,0,0,0
220502,0,0,0,0,0
220503,0,0,0,0,0
220505,0,0,0,0,0
220506,0,0,0,0,0
220507,0,0,0,0,0
220508,0,0,0,0,0
220509,0,0,0,0,0
220511,0,0,0,0,0
220602,0,0,0,0,0
220603,0,0,0,0,0
220604,0,0,0,0,0
220605,0,0,0,0,0
010707,0,0,0,0,0
020605,0,0,0,0,0
020611,0,0,0,0,0
021508,0,0,0,0,0
030607,0,0,0,0,0
040207,0,0,0,0,0
040310,0,0,0,0,0
040518,0,0,0,0,0
220702,0,0,0,0,0
220703,0,0,0,0,0
220704,0,0,0,0,0
220706,0,0,0,0,0
220708,0,0,0,0,0
220709,0,0,0,0,0
220710,0,0,0,0,0
220802,0,0,0,0,0
030220,0,0,0,0,0
030610,0,0,0,0,0
040305,0,0,0,0,0
050201,0,0,0,0,0
050506,0,0,0,0,0
060305,0,0,0,0,0
060403,0,0,0,0,0
220806,0,0,0,0,0
220808,0,0,0,0,0
010705,0,0,0,0,0
020610,0,0,0,0,0
021102,0,0,0,0,0
030218,0,0,0,0,0
050105,0,0,0,0,0
050112,0,0,0,0,0
050205,0,0,0,0,0
050206,0,0,0,0,0
050504,0,0,0,0,0
051001,0,0,0,0,0
051002,0,0,0,0,0
220902,0,0,0,0,0
220903,0,0,0,0,0
220905,0,0,0,0,0
220906,0,0,0,0,0
220907,0,0,0,0,0
220908,0,0,0,0,0
220910,0,0,0,0,0
220911,0,0,0,0,0
220912,0,0,0,0,0
220914,0,0,0,0,0
221003,0,0,0,0,0
221004,0,0,0,0,0
230103,0,0,0,0,0
230105,0,0,0,0,0
230106,0,0,0,0,0
230107,0,0,0,0,0
230111,0,0,0,0,0
230202,0,0,0,0,0
230203,0,0,0,0,0
230204,0,0,0,0,0
230205,0,0,0,0,0
230206,0,0,0,0,0
230402,0,0,0,0,0
230403,0,0,0,0,0
230404,0,0,0,0,0
230405,0,0,0,0,0
230406,0,0,0,0,0
230407,0,0,0,0,0
240105,0,0,0,0,0
240106,0,0,0,0,0
240202,0,0,0,0,0
240303,0,0,0,0,0
240304,0,0,0,0,0
250104,0,0,0,0,0
250202,0,0,0,0,0
250204,0,0,0,0,0